clip,gloss,signer,split,source
E:/datasets/INCLUDE/extracted/Adjectives/1. loud/MVI_5177.MOV,LOUD,signer00,val,include
E:/datasets/INCLUDE/extracted/Adjectives/1. loud/MVI_5178.MOV,LOUD,signer00,val,include
E:/datasets/INCLUDE/extracted/Adjectives/1. loud/MVI_5179.MOV,LOUD,signer00,val,include
E:/datasets/INCLUDE/extracted/Adjectives/1. loud/MVI_5257.MOV,LOUD,signer01,test,include
E:/datasets/INCLUDE/extracted/Adjectives/1. loud/MVI_5258.MOV,LOUD,signer01,test,include
E:/datasets/INCLUDE/extracted/Adjectives/1. loud/MVI_5259.MOV,LOUD,signer01,test,include
E:/datasets/INCLUDE/extracted/Adjectives/1. loud/MVI_5335.MOV,LOUD,signer02,train,include
E:/datasets/INCLUDE/extracted/Adjectives/1. loud/MVI_5336.MOV,LOUD,signer02,train,include
E:/datasets/INCLUDE/extracted/Adjectives/1. loud/MVI_5337.MOV,LOUD,signer02,train,include
E:/datasets/INCLUDE/extracted/Adjectives/1. loud/MVI_9289.MOV,LOUD,signer03,train,include
E:/datasets/INCLUDE/extracted/Adjectives/1. loud/MVI_9290.MOV,LOUD,signer03,train,include
E:/datasets/INCLUDE/extracted/Adjectives/1. loud/MVI_9291.MOV,LOUD,signer03,train,include
E:/datasets/INCLUDE/extracted/Adjectives/1. loud/MVI_9368.MOV,LOUD,signer04,train,include
E:/datasets/INCLUDE/extracted/Adjectives/1. loud/MVI_9369.MOV,LOUD,signer04,train,include
E:/datasets/INCLUDE/extracted/Adjectives/1. loud/MVI_9370.MOV,LOUD,signer04,train,include
E:/datasets/INCLUDE/extracted/Adjectives/1. loud/MVI_9448.MOV,LOUD,signer05,train,include
E:/datasets/INCLUDE/extracted/Adjectives/1. loud/MVI_9449.MOV,LOUD,signer05,train,include
E:/datasets/INCLUDE/extracted/Adjectives/1. loud/MVI_9450.MOV,LOUD,signer05,train,include
E:/datasets/INCLUDE/extracted/Adjectives/1. loud/MVI_9534.MOV,LOUD,signer06,train,include
E:/datasets/INCLUDE/extracted/Adjectives/1. loud/MVI_9535.MOV,LOUD,signer06,train,include
E:/datasets/INCLUDE/extracted/Adjectives/1. loud/MVI_9536.MOV,LOUD,signer06,train,include
E:/datasets/INCLUDE/extracted/Adjectives/10. Mean/MVI_9592.MOV,MEAN,signer00,val,include
E:/datasets/INCLUDE/extracted/Adjectives/10. Mean/MVI_9593.MOV,MEAN,signer00,val,include
E:/datasets/INCLUDE/extracted/Adjectives/10. Mean/MVI_9594.MOV,MEAN,signer00,val,include
E:/datasets/INCLUDE/extracted/Adjectives/10. Mean/MVI_9595.MOV,MEAN,signer00,val,include
E:/datasets/INCLUDE/extracted/Adjectives/10. Mean/MVI_9729.MOV,MEAN,signer01,test,include
E:/datasets/INCLUDE/extracted/Adjectives/10. Mean/MVI_9730.MOV,MEAN,signer01,test,include
E:/datasets/INCLUDE/extracted/Adjectives/10. Mean/MVI_9731.MOV,MEAN,signer01,test,include
E:/datasets/INCLUDE/extracted/Adjectives/10. Mean/MVI_9732.MOV,MEAN,signer01,test,include
E:/datasets/INCLUDE/extracted/Adjectives/11. rich/MVI_9596.MOV,RICH,signer00,val,include
E:/datasets/INCLUDE/extracted/Adjectives/11. rich/MVI_9597.MOV,RICH,signer00,val,include
E:/datasets/INCLUDE/extracted/Adjectives/11. rich/MVI_9598.MOV,RICH,signer00,val,include
E:/datasets/INCLUDE/extracted/Adjectives/11. rich/MVI_9599.MOV,RICH,signer00,val,include
E:/datasets/INCLUDE/extracted/Adjectives/11. rich/MVI_9733.MOV,RICH,signer01,test,include
E:/datasets/INCLUDE/extracted/Adjectives/11. rich/MVI_9734.MOV,RICH,signer01,test,include
E:/datasets/INCLUDE/extracted/Adjectives/11. rich/MVI_9735.MOV,RICH,signer01,test,include
E:/datasets/INCLUDE/extracted/Adjectives/11. rich/MVI_9736.MOV,RICH,signer01,test,include
E:/datasets/INCLUDE/extracted/Adjectives/12. poor/MVI_9600.MOV,POOR,signer00,val,include
E:/datasets/INCLUDE/extracted/Adjectives/12. poor/MVI_9601.MOV,POOR,signer00,val,include
E:/datasets/INCLUDE/extracted/Adjectives/12. poor/MVI_9603.MOV,POOR,signer00,val,include
E:/datasets/INCLUDE/extracted/Adjectives/12. poor/MVI_9604.MOV,POOR,signer00,val,include
E:/datasets/INCLUDE/extracted/Adjectives/12. poor/MVI_9737.MOV,POOR,signer01,test,include
E:/datasets/INCLUDE/extracted/Adjectives/12. poor/MVI_9738.MOV,POOR,signer01,test,include
E:/datasets/INCLUDE/extracted/Adjectives/12. poor/MVI_9739.MOV,POOR,signer01,test,include
E:/datasets/INCLUDE/extracted/Adjectives/12. poor/MVI_9740.MOV,POOR,signer01,test,include
E:/datasets/INCLUDE/extracted/Adjectives/13. thick/MVI_9605.MOV,THICK,signer00,val,include
E:/datasets/INCLUDE/extracted/Adjectives/13. thick/MVI_9606.MOV,THICK,signer00,val,include
E:/datasets/INCLUDE/extracted/Adjectives/13. thick/MVI_9607.MOV,THICK,signer00,val,include
E:/datasets/INCLUDE/extracted/Adjectives/13. thick/MVI_9608.MOV,THICK,signer00,val,include
E:/datasets/INCLUDE/extracted/Adjectives/13. thick/MVI_9742.MOV,THICK,signer01,test,include
E:/datasets/INCLUDE/extracted/Adjectives/13. thick/MVI_9743.MOV,THICK,signer01,test,include
E:/datasets/INCLUDE/extracted/Adjectives/13. thick/MVI_9744.MOV,THICK,signer01,test,include
E:/datasets/INCLUDE/extracted/Adjectives/13. thick/MVI_9745.MOV,THICK,signer01,test,include
E:/datasets/INCLUDE/extracted/Adjectives/15. expensive/MVI_9613.MOV,EXPENSIVE,signer00,val,include
E:/datasets/INCLUDE/extracted/Adjectives/15. expensive/MVI_9614.MOV,EXPENSIVE,signer00,val,include
E:/datasets/INCLUDE/extracted/Adjectives/15. expensive/MVI_9615.MOV,EXPENSIVE,signer00,val,include
E:/datasets/INCLUDE/extracted/Adjectives/15. expensive/MVI_9616.MOV,EXPENSIVE,signer00,val,include
E:/datasets/INCLUDE/extracted/Adjectives/15. expensive/MVI_9746.MOV,EXPENSIVE,signer01,test,include
E:/datasets/INCLUDE/extracted/Adjectives/15. expensive/MVI_9747.MOV,EXPENSIVE,signer01,test,include
E:/datasets/INCLUDE/extracted/Adjectives/15. expensive/MVI_9748.MOV,EXPENSIVE,signer01,test,include
E:/datasets/INCLUDE/extracted/Adjectives/15. expensive/MVI_9749.MOV,EXPENSIVE,signer01,test,include
E:/datasets/INCLUDE/extracted/Adjectives/16. cheap/MVI_9617.MOV,CHEAP,signer00,val,include
E:/datasets/INCLUDE/extracted/Adjectives/16. cheap/MVI_9618.MOV,CHEAP,signer00,val,include
E:/datasets/INCLUDE/extracted/Adjectives/16. cheap/MVI_9619.MOV,CHEAP,signer00,val,include
E:/datasets/INCLUDE/extracted/Adjectives/16. cheap/MVI_9620.MOV,CHEAP,signer00,val,include
E:/datasets/INCLUDE/extracted/Adjectives/16. cheap/MVI_9750.MOV,CHEAP,signer01,test,include
E:/datasets/INCLUDE/extracted/Adjectives/16. cheap/MVI_9751.MOV,CHEAP,signer01,test,include
E:/datasets/INCLUDE/extracted/Adjectives/16. cheap/MVI_9752.MOV,CHEAP,signer01,test,include
E:/datasets/INCLUDE/extracted/Adjectives/16. cheap/MVI_9754.MOV,CHEAP,signer01,test,include
E:/datasets/INCLUDE/extracted/Adjectives/17. flat/MVI_9621.MOV,FLAT,signer00,val,include
E:/datasets/INCLUDE/extracted/Adjectives/17. flat/MVI_9622.MOV,FLAT,signer00,val,include
E:/datasets/INCLUDE/extracted/Adjectives/17. flat/MVI_9623.MOV,FLAT,signer00,val,include
E:/datasets/INCLUDE/extracted/Adjectives/17. flat/MVI_9624.MOV,FLAT,signer00,val,include
E:/datasets/INCLUDE/extracted/Adjectives/17. flat/MVI_9755.MOV,FLAT,signer01,test,include
E:/datasets/INCLUDE/extracted/Adjectives/17. flat/MVI_9756.MOV,FLAT,signer01,test,include
E:/datasets/INCLUDE/extracted/Adjectives/17. flat/MVI_9757.MOV,FLAT,signer01,test,include
E:/datasets/INCLUDE/extracted/Adjectives/17. flat/MVI_9758.MOV,FLAT,signer01,test,include
E:/datasets/INCLUDE/extracted/Adjectives/18. curved/MVI_9633.MOV,CURVED,signer00,val,include
E:/datasets/INCLUDE/extracted/Adjectives/18. curved/MVI_9634.MOV,CURVED,signer00,val,include
E:/datasets/INCLUDE/extracted/Adjectives/18. curved/MVI_9635.MOV,CURVED,signer00,val,include
E:/datasets/INCLUDE/extracted/Adjectives/18. curved/MVI_9636.MOV,CURVED,signer00,val,include
E:/datasets/INCLUDE/extracted/Adjectives/18. curved/MVI_9759.MOV,CURVED,signer01,test,include
E:/datasets/INCLUDE/extracted/Adjectives/18. curved/MVI_9760.MOV,CURVED,signer01,test,include
E:/datasets/INCLUDE/extracted/Adjectives/18. curved/MVI_9761.MOV,CURVED,signer01,test,include
E:/datasets/INCLUDE/extracted/Adjectives/18. curved/MVI_9762.MOV,CURVED,signer01,test,include
E:/datasets/INCLUDE/extracted/Adjectives/19. male/MVI_9637.MOV,MALE,signer00,val,include
E:/datasets/INCLUDE/extracted/Adjectives/19. male/MVI_9638.MOV,MALE,signer00,val,include
E:/datasets/INCLUDE/extracted/Adjectives/19. male/MVI_9639.MOV,MALE,signer00,val,include
E:/datasets/INCLUDE/extracted/Adjectives/19. male/MVI_9640.MOV,MALE,signer00,val,include
E:/datasets/INCLUDE/extracted/Adjectives/19. male/MVI_9763.MOV,MALE,signer01,test,include
E:/datasets/INCLUDE/extracted/Adjectives/19. male/MVI_9764.MOV,MALE,signer01,test,include
E:/datasets/INCLUDE/extracted/Adjectives/19. male/MVI_9765.MOV,MALE,signer01,test,include
E:/datasets/INCLUDE/extracted/Adjectives/19. male/MVI_9766.MOV,MALE,signer01,test,include
E:/datasets/INCLUDE/extracted/Adjectives/2. quiet/MVI_5180.MOV,QUIET,signer00,val,include
E:/datasets/INCLUDE/extracted/Adjectives/2. quiet/MVI_5181.MOV,QUIET,signer00,val,include
E:/datasets/INCLUDE/extracted/Adjectives/2. quiet/MVI_5182.MOV,QUIET,signer00,val,include
E:/datasets/INCLUDE/extracted/Adjectives/2. quiet/MVI_5260.MOV,QUIET,signer01,test,include
E:/datasets/INCLUDE/extracted/Adjectives/2. quiet/MVI_5261.MOV,QUIET,signer01,test,include
E:/datasets/INCLUDE/extracted/Adjectives/2. quiet/MVI_5262.MOV,QUIET,signer01,test,include
E:/datasets/INCLUDE/extracted/Adjectives/2. quiet/MVI_5338.MOV,QUIET,signer02,train,include
E:/datasets/INCLUDE/extracted/Adjectives/2. quiet/MVI_5339.MOV,QUIET,signer02,train,include
E:/datasets/INCLUDE/extracted/Adjectives/2. quiet/MVI_5340.MOV,QUIET,signer02,train,include
E:/datasets/INCLUDE/extracted/Adjectives/2. quiet/MVI_9292.MOV,QUIET,signer03,train,include
E:/datasets/INCLUDE/extracted/Adjectives/2. quiet/MVI_9293.MOV,QUIET,signer03,train,include
E:/datasets/INCLUDE/extracted/Adjectives/2. quiet/MVI_9294.MOV,QUIET,signer03,train,include
E:/datasets/INCLUDE/extracted/Adjectives/2. quiet/MVI_9371.MOV,QUIET,signer04,train,include
E:/datasets/INCLUDE/extracted/Adjectives/2. quiet/MVI_9372.MOV,QUIET,signer04,train,include
E:/datasets/INCLUDE/extracted/Adjectives/2. quiet/MVI_9373.MOV,QUIET,signer04,train,include
E:/datasets/INCLUDE/extracted/Adjectives/2. quiet/MVI_9451.MOV,QUIET,signer05,train,include
E:/datasets/INCLUDE/extracted/Adjectives/2. quiet/MVI_9452.MOV,QUIET,signer05,train,include
E:/datasets/INCLUDE/extracted/Adjectives/2. quiet/MVI_9453.MOV,QUIET,signer05,train,include
E:/datasets/INCLUDE/extracted/Adjectives/2. quiet/MVI_9537.MOV,QUIET,signer06,train,include
E:/datasets/INCLUDE/extracted/Adjectives/2. quiet/MVI_9538.MOV,QUIET,signer06,train,include
E:/datasets/INCLUDE/extracted/Adjectives/2. quiet/MVI_9539.MOV,QUIET,signer06,train,include
E:/datasets/INCLUDE/extracted/Adjectives/20. female/MVI_9642.MOV,FEMALE,signer00,val,include
E:/datasets/INCLUDE/extracted/Adjectives/20. female/MVI_9643.MOV,FEMALE,signer00,val,include
E:/datasets/INCLUDE/extracted/Adjectives/20. female/MVI_9644.MOV,FEMALE,signer00,val,include
E:/datasets/INCLUDE/extracted/Adjectives/20. female/MVI_9645.MOV,FEMALE,signer00,val,include
E:/datasets/INCLUDE/extracted/Adjectives/20. female/MVI_9767.MOV,FEMALE,signer01,test,include
E:/datasets/INCLUDE/extracted/Adjectives/20. female/MVI_9768.MOV,FEMALE,signer01,test,include
E:/datasets/INCLUDE/extracted/Adjectives/20. female/MVI_9769.MOV,FEMALE,signer01,test,include
E:/datasets/INCLUDE/extracted/Adjectives/20. female/MVI_9770.MOV,FEMALE,signer01,test,include
E:/datasets/INCLUDE/extracted/Adjectives/21. tight/MVI_9646.MOV,TIGHT,signer00,val,include
E:/datasets/INCLUDE/extracted/Adjectives/21. tight/MVI_9647.MOV,TIGHT,signer00,val,include
E:/datasets/INCLUDE/extracted/Adjectives/21. tight/MVI_9648.MOV,TIGHT,signer00,val,include
E:/datasets/INCLUDE/extracted/Adjectives/21. tight/MVI_9649.MOV,TIGHT,signer00,val,include
E:/datasets/INCLUDE/extracted/Adjectives/21. tight/MVI_9771.MOV,TIGHT,signer01,test,include
E:/datasets/INCLUDE/extracted/Adjectives/21. tight/MVI_9772.MOV,TIGHT,signer01,test,include
E:/datasets/INCLUDE/extracted/Adjectives/21. tight/MVI_9773.MOV,TIGHT,signer01,test,include
E:/datasets/INCLUDE/extracted/Adjectives/21. tight/MVI_9774.MOV,TIGHT,signer01,test,include
E:/datasets/INCLUDE/extracted/Adjectives/22. loose/MVI_9650.MOV,LOOSE,signer00,val,include
E:/datasets/INCLUDE/extracted/Adjectives/22. loose/MVI_9651.MOV,LOOSE,signer00,val,include
E:/datasets/INCLUDE/extracted/Adjectives/22. loose/MVI_9652.MOV,LOOSE,signer00,val,include
E:/datasets/INCLUDE/extracted/Adjectives/22. loose/MVI_9653.MOV,LOOSE,signer00,val,include
E:/datasets/INCLUDE/extracted/Adjectives/22. loose/MVI_9775.MOV,LOOSE,signer01,test,include
E:/datasets/INCLUDE/extracted/Adjectives/22. loose/MVI_9776.MOV,LOOSE,signer01,test,include
E:/datasets/INCLUDE/extracted/Adjectives/22. loose/MVI_9777.MOV,LOOSE,signer01,test,include
E:/datasets/INCLUDE/extracted/Adjectives/22. loose/MVI_9778.MOV,LOOSE,signer01,test,include
E:/datasets/INCLUDE/extracted/Adjectives/23. high/MVI_9654.MOV,HIGH,signer00,val,include
E:/datasets/INCLUDE/extracted/Adjectives/23. high/MVI_9655.MOV,HIGH,signer00,val,include
E:/datasets/INCLUDE/extracted/Adjectives/23. high/MVI_9656.MOV,HIGH,signer00,val,include
E:/datasets/INCLUDE/extracted/Adjectives/23. high/MVI_9657.MOV,HIGH,signer00,val,include
E:/datasets/INCLUDE/extracted/Adjectives/23. high/MVI_9780.MOV,HIGH,signer01,test,include
E:/datasets/INCLUDE/extracted/Adjectives/23. high/MVI_9781.MOV,HIGH,signer01,test,include
E:/datasets/INCLUDE/extracted/Adjectives/23. high/MVI_9782.MOV,HIGH,signer01,test,include
E:/datasets/INCLUDE/extracted/Adjectives/23. high/MVI_9783.MOV,HIGH,signer01,test,include
E:/datasets/INCLUDE/extracted/Adjectives/24. low/MVI_9658.MOV,LOW,signer00,val,include
E:/datasets/INCLUDE/extracted/Adjectives/24. low/MVI_9659.MOV,LOW,signer00,val,include
E:/datasets/INCLUDE/extracted/Adjectives/24. low/MVI_9660.MOV,LOW,signer00,val,include
E:/datasets/INCLUDE/extracted/Adjectives/24. low/MVI_9661.MOV,LOW,signer00,val,include
E:/datasets/INCLUDE/extracted/Adjectives/24. low/MVI_9784.MOV,LOW,signer01,test,include
E:/datasets/INCLUDE/extracted/Adjectives/24. low/MVI_9785.MOV,LOW,signer01,test,include
E:/datasets/INCLUDE/extracted/Adjectives/24. low/MVI_9786.MOV,LOW,signer01,test,include
E:/datasets/INCLUDE/extracted/Adjectives/24. low/MVI_9787.MOV,LOW,signer01,test,include
E:/datasets/INCLUDE/extracted/Adjectives/25. soft/MVI_9662.MOV,SOFT,signer00,val,include
E:/datasets/INCLUDE/extracted/Adjectives/25. soft/MVI_9663.MOV,SOFT,signer00,val,include
E:/datasets/INCLUDE/extracted/Adjectives/25. soft/MVI_9664.MOV,SOFT,signer00,val,include
E:/datasets/INCLUDE/extracted/Adjectives/25. soft/MVI_9665.MOV,SOFT,signer00,val,include
E:/datasets/INCLUDE/extracted/Adjectives/25. soft/MVI_9789.MOV,SOFT,signer01,test,include
E:/datasets/INCLUDE/extracted/Adjectives/25. soft/MVI_9790.MOV,SOFT,signer01,test,include
E:/datasets/INCLUDE/extracted/Adjectives/25. soft/MVI_9791.MOV,SOFT,signer01,test,include
E:/datasets/INCLUDE/extracted/Adjectives/25. soft/MVI_9792.MOV,SOFT,signer01,test,include
E:/datasets/INCLUDE/extracted/Adjectives/26. hard/MVI_9666.MOV,HARD,signer00,val,include
E:/datasets/INCLUDE/extracted/Adjectives/26. hard/MVI_9667.MOV,HARD,signer00,val,include
E:/datasets/INCLUDE/extracted/Adjectives/26. hard/MVI_9668.MOV,HARD,signer00,val,include
E:/datasets/INCLUDE/extracted/Adjectives/26. hard/MVI_9669.MOV,HARD,signer00,val,include
E:/datasets/INCLUDE/extracted/Adjectives/26. hard/MVI_9793.MOV,HARD,signer01,test,include
E:/datasets/INCLUDE/extracted/Adjectives/26. hard/MVI_9794.MOV,HARD,signer01,test,include
E:/datasets/INCLUDE/extracted/Adjectives/26. hard/MVI_9795.MOV,HARD,signer01,test,include
E:/datasets/INCLUDE/extracted/Adjectives/26. hard/MVI_9796.MOV,HARD,signer01,test,include
E:/datasets/INCLUDE/extracted/Adjectives/27. deep/MVI_9670.MOV,DEEP,signer00,val,include
E:/datasets/INCLUDE/extracted/Adjectives/27. deep/MVI_9671.MOV,DEEP,signer00,val,include
E:/datasets/INCLUDE/extracted/Adjectives/27. deep/MVI_9672.MOV,DEEP,signer00,val,include
E:/datasets/INCLUDE/extracted/Adjectives/27. deep/MVI_9673.MOV,DEEP,signer00,val,include
E:/datasets/INCLUDE/extracted/Adjectives/27. deep/MVI_9797.MOV,DEEP,signer01,test,include
E:/datasets/INCLUDE/extracted/Adjectives/27. deep/MVI_9798.MOV,DEEP,signer01,test,include
E:/datasets/INCLUDE/extracted/Adjectives/27. deep/MVI_9799.MOV,DEEP,signer01,test,include
E:/datasets/INCLUDE/extracted/Adjectives/27. deep/MVI_9800.MOV,DEEP,signer01,test,include
E:/datasets/INCLUDE/extracted/Adjectives/28. shallow/MVI_9674.MOV,SHALLOW,signer00,val,include
E:/datasets/INCLUDE/extracted/Adjectives/28. shallow/MVI_9675.MOV,SHALLOW,signer00,val,include
E:/datasets/INCLUDE/extracted/Adjectives/28. shallow/MVI_9676.MOV,SHALLOW,signer00,val,include
E:/datasets/INCLUDE/extracted/Adjectives/28. shallow/MVI_9677.MOV,SHALLOW,signer00,val,include
E:/datasets/INCLUDE/extracted/Adjectives/28. shallow/MVI_9801.MOV,SHALLOW,signer01,test,include
E:/datasets/INCLUDE/extracted/Adjectives/28. shallow/MVI_9802.MOV,SHALLOW,signer01,test,include
E:/datasets/INCLUDE/extracted/Adjectives/28. shallow/MVI_9803.MOV,SHALLOW,signer01,test,include
E:/datasets/INCLUDE/extracted/Adjectives/28. shallow/MVI_9804.MOV,SHALLOW,signer01,test,include
E:/datasets/INCLUDE/extracted/Adjectives/29. clean/MVI_9679.MOV,CLEAN,signer00,val,include
E:/datasets/INCLUDE/extracted/Adjectives/29. clean/MVI_9680.MOV,CLEAN,signer00,val,include
E:/datasets/INCLUDE/extracted/Adjectives/29. clean/MVI_9681.MOV,CLEAN,signer00,val,include
E:/datasets/INCLUDE/extracted/Adjectives/29. clean/MVI_9682.MOV,CLEAN,signer00,val,include
E:/datasets/INCLUDE/extracted/Adjectives/29. clean/MVI_9806.MOV,CLEAN,signer01,test,include
E:/datasets/INCLUDE/extracted/Adjectives/29. clean/MVI_9807.MOV,CLEAN,signer01,test,include
E:/datasets/INCLUDE/extracted/Adjectives/29. clean/MVI_9808.MOV,CLEAN,signer01,test,include
E:/datasets/INCLUDE/extracted/Adjectives/29. clean/MVI_9809.MOV,CLEAN,signer01,test,include
E:/datasets/INCLUDE/extracted/Adjectives/3. happy/MVI_5183.MOV,HAPPY,signer00,val,include
E:/datasets/INCLUDE/extracted/Adjectives/3. happy/MVI_5184.MOV,HAPPY,signer00,val,include
E:/datasets/INCLUDE/extracted/Adjectives/3. happy/MVI_5185.MOV,HAPPY,signer00,val,include
E:/datasets/INCLUDE/extracted/Adjectives/3. happy/MVI_5263.MOV,HAPPY,signer01,test,include
E:/datasets/INCLUDE/extracted/Adjectives/3. happy/MVI_5264.MOV,HAPPY,signer01,test,include
E:/datasets/INCLUDE/extracted/Adjectives/3. happy/MVI_5265.MOV,HAPPY,signer01,test,include
E:/datasets/INCLUDE/extracted/Adjectives/3. happy/MVI_5341.MOV,HAPPY,signer02,train,include
E:/datasets/INCLUDE/extracted/Adjectives/3. happy/MVI_5342.MOV,HAPPY,signer02,train,include
E:/datasets/INCLUDE/extracted/Adjectives/3. happy/MVI_5343.MOV,HAPPY,signer02,train,include
E:/datasets/INCLUDE/extracted/Adjectives/3. happy/MVI_9295.MOV,HAPPY,signer03,train,include
E:/datasets/INCLUDE/extracted/Adjectives/3. happy/MVI_9296.MOV,HAPPY,signer03,train,include
E:/datasets/INCLUDE/extracted/Adjectives/3. happy/MVI_9297.MOV,HAPPY,signer03,train,include
E:/datasets/INCLUDE/extracted/Adjectives/3. happy/MVI_9374.MOV,HAPPY,signer04,train,include
E:/datasets/INCLUDE/extracted/Adjectives/3. happy/MVI_9375.MOV,HAPPY,signer04,train,include
E:/datasets/INCLUDE/extracted/Adjectives/3. happy/MVI_9376.MOV,HAPPY,signer04,train,include
E:/datasets/INCLUDE/extracted/Adjectives/3. happy/MVI_9454.MOV,HAPPY,signer05,train,include
E:/datasets/INCLUDE/extracted/Adjectives/3. happy/MVI_9455.MOV,HAPPY,signer05,train,include
E:/datasets/INCLUDE/extracted/Adjectives/3. happy/MVI_9456.MOV,HAPPY,signer05,train,include
E:/datasets/INCLUDE/extracted/Adjectives/3. happy/MVI_9540.MOV,HAPPY,signer06,train,include
E:/datasets/INCLUDE/extracted/Adjectives/3. happy/MVI_9541.MOV,HAPPY,signer06,train,include
E:/datasets/INCLUDE/extracted/Adjectives/3. happy/MVI_9542.MOV,HAPPY,signer06,train,include
E:/datasets/INCLUDE/extracted/Adjectives/30. dirty/MVI_9684.MOV,DIRTY,signer00,val,include
E:/datasets/INCLUDE/extracted/Adjectives/30. dirty/MVI_9685.MOV,DIRTY,signer00,val,include
E:/datasets/INCLUDE/extracted/Adjectives/30. dirty/MVI_9686.MOV,DIRTY,signer00,val,include
E:/datasets/INCLUDE/extracted/Adjectives/30. dirty/MVI_9687.MOV,DIRTY,signer00,val,include
E:/datasets/INCLUDE/extracted/Adjectives/30. dirty/MVI_9810.MOV,DIRTY,signer01,test,include
E:/datasets/INCLUDE/extracted/Adjectives/30. dirty/MVI_9811.MOV,DIRTY,signer01,test,include
E:/datasets/INCLUDE/extracted/Adjectives/30. dirty/MVI_9812.MOV,DIRTY,signer01,test,include
E:/datasets/INCLUDE/extracted/Adjectives/30. dirty/MVI_9813.MOV,DIRTY,signer01,test,include
E:/datasets/INCLUDE/extracted/Adjectives/31. strong/MVI_9690.MOV,STRONG,signer00,val,include
E:/datasets/INCLUDE/extracted/Adjectives/31. strong/MVI_9691.MOV,STRONG,signer00,val,include
E:/datasets/INCLUDE/extracted/Adjectives/31. strong/MVI_9692.MOV,STRONG,signer00,val,include
E:/datasets/INCLUDE/extracted/Adjectives/31. strong/MVI_9693.MOV,STRONG,signer00,val,include
E:/datasets/INCLUDE/extracted/Adjectives/31. strong/MVI_9814.MOV,STRONG,signer01,test,include
E:/datasets/INCLUDE/extracted/Adjectives/31. strong/MVI_9815.MOV,STRONG,signer01,test,include
E:/datasets/INCLUDE/extracted/Adjectives/31. strong/MVI_9816.MOV,STRONG,signer01,test,include
E:/datasets/INCLUDE/extracted/Adjectives/31. strong/MVI_9817.MOV,STRONG,signer01,test,include
E:/datasets/INCLUDE/extracted/Adjectives/32. weak/MVI_9694.MOV,WEAK,signer00,val,include
E:/datasets/INCLUDE/extracted/Adjectives/32. weak/MVI_9695.MOV,WEAK,signer00,val,include
E:/datasets/INCLUDE/extracted/Adjectives/32. weak/MVI_9696.MOV,WEAK,signer00,val,include
E:/datasets/INCLUDE/extracted/Adjectives/32. weak/MVI_9697.MOV,WEAK,signer00,val,include
E:/datasets/INCLUDE/extracted/Adjectives/32. weak/MVI_9818.MOV,WEAK,signer01,test,include
E:/datasets/INCLUDE/extracted/Adjectives/32. weak/MVI_9819.MOV,WEAK,signer01,test,include
E:/datasets/INCLUDE/extracted/Adjectives/32. weak/MVI_9820.MOV,WEAK,signer01,test,include
E:/datasets/INCLUDE/extracted/Adjectives/32. weak/MVI_9821.MOV,WEAK,signer01,test,include
E:/datasets/INCLUDE/extracted/Adjectives/33. dead/MVI_9699.MOV,DEAD,signer00,val,include
E:/datasets/INCLUDE/extracted/Adjectives/33. dead/MVI_9700.MOV,DEAD,signer00,val,include
E:/datasets/INCLUDE/extracted/Adjectives/33. dead/MVI_9701.MOV,DEAD,signer00,val,include
E:/datasets/INCLUDE/extracted/Adjectives/33. dead/MVI_9702.MOV,DEAD,signer00,val,include
E:/datasets/INCLUDE/extracted/Adjectives/33. dead/MVI_9823.MOV,DEAD,signer01,test,include
E:/datasets/INCLUDE/extracted/Adjectives/33. dead/MVI_9824.MOV,DEAD,signer01,test,include
E:/datasets/INCLUDE/extracted/Adjectives/33. dead/MVI_9825.MOV,DEAD,signer01,test,include
E:/datasets/INCLUDE/extracted/Adjectives/33. dead/MVI_9826.MOV,DEAD,signer01,test,include
E:/datasets/INCLUDE/extracted/Adjectives/34. alive/MVI_9703.MOV,ALIVE,signer00,val,include
E:/datasets/INCLUDE/extracted/Adjectives/34. alive/MVI_9704.MOV,ALIVE,signer00,val,include
E:/datasets/INCLUDE/extracted/Adjectives/34. alive/MVI_9705.MOV,ALIVE,signer00,val,include
E:/datasets/INCLUDE/extracted/Adjectives/34. alive/MVI_9706.MOV,ALIVE,signer00,val,include
E:/datasets/INCLUDE/extracted/Adjectives/34. alive/MVI_9827.MOV,ALIVE,signer01,test,include
E:/datasets/INCLUDE/extracted/Adjectives/34. alive/MVI_9828.MOV,ALIVE,signer01,test,include
E:/datasets/INCLUDE/extracted/Adjectives/34. alive/MVI_9829.MOV,ALIVE,signer01,test,include
E:/datasets/INCLUDE/extracted/Adjectives/34. alive/MVI_9830.MOV,ALIVE,signer01,test,include
E:/datasets/INCLUDE/extracted/Adjectives/35. heavy/MVI_9707.MOV,HEAVY,signer00,val,include
E:/datasets/INCLUDE/extracted/Adjectives/35. heavy/MVI_9708.MOV,HEAVY,signer00,val,include
E:/datasets/INCLUDE/extracted/Adjectives/35. heavy/MVI_9709.MOV,HEAVY,signer00,val,include
E:/datasets/INCLUDE/extracted/Adjectives/35. heavy/MVI_9710.MOV,HEAVY,signer00,val,include
E:/datasets/INCLUDE/extracted/Adjectives/35. heavy/MVI_9831.MOV,HEAVY,signer01,test,include
E:/datasets/INCLUDE/extracted/Adjectives/35. heavy/MVI_9832.MOV,HEAVY,signer01,test,include
E:/datasets/INCLUDE/extracted/Adjectives/35. heavy/MVI_9833.MOV,HEAVY,signer01,test,include
E:/datasets/INCLUDE/extracted/Adjectives/35. heavy/MVI_9834.MOV,HEAVY,signer01,test,include
E:/datasets/INCLUDE/extracted/Adjectives/36. light/MVI_9711.MOV,LIGHT,signer00,val,include
E:/datasets/INCLUDE/extracted/Adjectives/36. light/MVI_9712.MOV,LIGHT,signer00,val,include
E:/datasets/INCLUDE/extracted/Adjectives/36. light/MVI_9713.MOV,LIGHT,signer00,val,include
E:/datasets/INCLUDE/extracted/Adjectives/36. light/MVI_9714.MOV,LIGHT,signer00,val,include
E:/datasets/INCLUDE/extracted/Adjectives/36. light/MVI_9835.MOV,LIGHT,signer01,test,include
E:/datasets/INCLUDE/extracted/Adjectives/36. light/MVI_9836.MOV,LIGHT,signer01,test,include
E:/datasets/INCLUDE/extracted/Adjectives/36. light/MVI_9837.MOV,LIGHT,signer01,test,include
E:/datasets/INCLUDE/extracted/Adjectives/36. light/MVI_9838.MOV,LIGHT,signer01,test,include
E:/datasets/INCLUDE/extracted/Adjectives/39. famous/MVI_9715.MOV,FAMOUS,signer00,val,include
E:/datasets/INCLUDE/extracted/Adjectives/39. famous/MVI_9716.MOV,FAMOUS,signer00,val,include
E:/datasets/INCLUDE/extracted/Adjectives/39. famous/MVI_9717.MOV,FAMOUS,signer00,val,include
E:/datasets/INCLUDE/extracted/Adjectives/39. famous/MVI_9718.MOV,FAMOUS,signer00,val,include
E:/datasets/INCLUDE/extracted/Adjectives/39. famous/MVI_9839.MOV,FAMOUS,signer01,test,include
E:/datasets/INCLUDE/extracted/Adjectives/39. famous/MVI_9841.MOV,FAMOUS,signer01,test,include
E:/datasets/INCLUDE/extracted/Adjectives/39. famous/MVI_9842.MOV,FAMOUS,signer01,test,include
E:/datasets/INCLUDE/extracted/Adjectives/39. famous/MVI_9843.MOV,FAMOUS,signer01,test,include
E:/datasets/INCLUDE/extracted/Adjectives/4. sad/MVI_9565.MOV,SAD,signer00,val,include
E:/datasets/INCLUDE/extracted/Adjectives/4. sad/MVI_9566.MOV,SAD,signer00,val,include
E:/datasets/INCLUDE/extracted/Adjectives/4. sad/MVI_9567.MOV,SAD,signer00,val,include
E:/datasets/INCLUDE/extracted/Adjectives/4. sad/MVI_9568.MOV,SAD,signer00,val,include
E:/datasets/INCLUDE/extracted/Adjectives/4. sad/MVI_9719.MOV,SAD,signer01,test,include
E:/datasets/INCLUDE/extracted/Adjectives/4. sad/MVI_9720.MOV,SAD,signer01,test,include
E:/datasets/INCLUDE/extracted/Adjectives/4. sad/MVI_9721.MOV,SAD,signer01,test,include
E:/datasets/INCLUDE/extracted/Adjectives/4. sad/MVI_9722.MOV,SAD,signer01,test,include
E:/datasets/INCLUDE/extracted/Adjectives/5. Beautiful/MVI_9569.MOV,BEAUTIFUL,signer00,val,include
E:/datasets/INCLUDE/extracted/Adjectives/5. Beautiful/MVI_9570.MOV,BEAUTIFUL,signer00,val,include
E:/datasets/INCLUDE/extracted/Adjectives/5. Beautiful/MVI_9571.MOV,BEAUTIFUL,signer00,val,include
E:/datasets/INCLUDE/extracted/Adjectives/5. Beautiful/MVI_9572.MOV,BEAUTIFUL,signer00,val,include
E:/datasets/INCLUDE/extracted/Adjectives/5. Beautiful/MVI_9723.MOV,BEAUTIFUL,signer01,test,include
E:/datasets/INCLUDE/extracted/Adjectives/5. Beautiful/MVI_9724.MOV,BEAUTIFUL,signer01,test,include
E:/datasets/INCLUDE/extracted/Adjectives/5. Beautiful/MVI_9725.MOV,BEAUTIFUL,signer01,test,include
E:/datasets/INCLUDE/extracted/Adjectives/5. Beautiful/MVI_9726.MOV,BEAUTIFUL,signer01,test,include
E:/datasets/INCLUDE/extracted/Adjectives/5. Beautiful/Extra/MVI_9573.MOV,EXTRA,signer19,train,include
E:/datasets/INCLUDE/extracted/Adjectives/6. Ugly/MVI_9576.MOV,UGLY,signer00,val,include
E:/datasets/INCLUDE/extracted/Adjectives/6. Ugly/MVI_9577.MOV,UGLY,signer00,val,include
E:/datasets/INCLUDE/extracted/Adjectives/6. Ugly/MVI_9578.MOV,UGLY,signer00,val,include
E:/datasets/INCLUDE/extracted/Adjectives/6. Ugly/MVI_9579.MOV,UGLY,signer00,val,include
E:/datasets/INCLUDE/extracted/Adjectives/6. Ugly/MVI_9844.MOV,UGLY,signer01,test,include
E:/datasets/INCLUDE/extracted/Adjectives/6. Ugly/MVI_9845.MOV,UGLY,signer01,test,include
E:/datasets/INCLUDE/extracted/Adjectives/6. Ugly/MVI_9846.MOV,UGLY,signer01,test,include
E:/datasets/INCLUDE/extracted/Adjectives/6. Ugly/MVI_9847.MOV,UGLY,signer01,test,include
E:/datasets/INCLUDE/extracted/Adjectives/7. Deaf/MVI_9580.MOV,DEAF,signer00,val,include
E:/datasets/INCLUDE/extracted/Adjectives/7. Deaf/MVI_9581.MOV,DEAF,signer00,val,include
E:/datasets/INCLUDE/extracted/Adjectives/7. Deaf/MVI_9582.MOV,DEAF,signer00,val,include
E:/datasets/INCLUDE/extracted/Adjectives/7. Deaf/MVI_9583.MOV,DEAF,signer00,val,include
E:/datasets/INCLUDE/extracted/Adjectives/7. Deaf/MVI_9848.MOV,DEAF,signer01,test,include
E:/datasets/INCLUDE/extracted/Adjectives/7. Deaf/MVI_9849.MOV,DEAF,signer01,test,include
E:/datasets/INCLUDE/extracted/Adjectives/7. Deaf/MVI_9850.MOV,DEAF,signer01,test,include
E:/datasets/INCLUDE/extracted/Adjectives/7. Deaf/MVI_9851.MOV,DEAF,signer01,test,include
E:/datasets/INCLUDE/extracted/Adjectives/78. long/MVI_5106.MOV,LONG,signer00,val,include
E:/datasets/INCLUDE/extracted/Adjectives/78. long/MVI_5107.MOV,LONG,signer00,val,include
E:/datasets/INCLUDE/extracted/Adjectives/78. long/MVI_5108.MOV,LONG,signer00,val,include
E:/datasets/INCLUDE/extracted/Adjectives/78. long/MVI_5186.MOV,LONG,signer01,test,include
E:/datasets/INCLUDE/extracted/Adjectives/78. long/MVI_5187.MOV,LONG,signer01,test,include
E:/datasets/INCLUDE/extracted/Adjectives/78. long/MVI_5188.MOV,LONG,signer01,test,include
E:/datasets/INCLUDE/extracted/Adjectives/78. long/MVI_5266.MOV,LONG,signer02,train,include
E:/datasets/INCLUDE/extracted/Adjectives/78. long/MVI_5267.MOV,LONG,signer02,train,include
E:/datasets/INCLUDE/extracted/Adjectives/78. long/MVI_5268.MOV,LONG,signer02,train,include
E:/datasets/INCLUDE/extracted/Adjectives/78. long/MVI_9217.MOV,LONG,signer03,train,include
E:/datasets/INCLUDE/extracted/Adjectives/78. long/MVI_9218.MOV,LONG,signer03,train,include
E:/datasets/INCLUDE/extracted/Adjectives/78. long/MVI_9219.MOV,LONG,signer03,train,include
E:/datasets/INCLUDE/extracted/Adjectives/78. long/MVI_9298.MOV,LONG,signer04,train,include
E:/datasets/INCLUDE/extracted/Adjectives/78. long/MVI_9299.MOV,LONG,signer04,train,include
E:/datasets/INCLUDE/extracted/Adjectives/78. long/MVI_9300.MOV,LONG,signer04,train,include
E:/datasets/INCLUDE/extracted/Adjectives/78. long/MVI_9377.MOV,LONG,signer05,train,include
E:/datasets/INCLUDE/extracted/Adjectives/78. long/MVI_9378.MOV,LONG,signer05,train,include
E:/datasets/INCLUDE/extracted/Adjectives/78. long/MVI_9379.MOV,LONG,signer05,train,include
E:/datasets/INCLUDE/extracted/Adjectives/78. long/MVI_9458.MOV,LONG,signer06,train,include
E:/datasets/INCLUDE/extracted/Adjectives/78. long/MVI_9459.MOV,LONG,signer06,train,include
E:/datasets/INCLUDE/extracted/Adjectives/78. long/MVI_9460.MOV,LONG,signer06,train,include
E:/datasets/INCLUDE/extracted/Adjectives/79. short/MVI_5110.MOV,SHORT,signer00,val,include
E:/datasets/INCLUDE/extracted/Adjectives/79. short/MVI_5111.MOV,SHORT,signer00,val,include
E:/datasets/INCLUDE/extracted/Adjectives/79. short/MVI_5112.MOV,SHORT,signer00,val,include
E:/datasets/INCLUDE/extracted/Adjectives/79. short/MVI_5189.MOV,SHORT,signer01,test,include
E:/datasets/INCLUDE/extracted/Adjectives/79. short/MVI_5190.MOV,SHORT,signer01,test,include
E:/datasets/INCLUDE/extracted/Adjectives/79. short/MVI_5191.MOV,SHORT,signer01,test,include
E:/datasets/INCLUDE/extracted/Adjectives/79. short/MVI_5269.MOV,SHORT,signer02,train,include
E:/datasets/INCLUDE/extracted/Adjectives/79. short/MVI_5270.MOV,SHORT,signer02,train,include
E:/datasets/INCLUDE/extracted/Adjectives/79. short/MVI_5271.MOV,SHORT,signer02,train,include
E:/datasets/INCLUDE/extracted/Adjectives/79. short/MVI_9220.MOV,SHORT,signer03,train,include
E:/datasets/INCLUDE/extracted/Adjectives/79. short/MVI_9221.MOV,SHORT,signer03,train,include
E:/datasets/INCLUDE/extracted/Adjectives/79. short/MVI_9222.MOV,SHORT,signer03,train,include
E:/datasets/INCLUDE/extracted/Adjectives/79. short/MVI_9301.MOV,SHORT,signer04,train,include
E:/datasets/INCLUDE/extracted/Adjectives/79. short/MVI_9302.MOV,SHORT,signer04,train,include
E:/datasets/INCLUDE/extracted/Adjectives/79. short/MVI_9303.MOV,SHORT,signer04,train,include
E:/datasets/INCLUDE/extracted/Adjectives/79. short/MVI_9380.MOV,SHORT,signer05,train,include
E:/datasets/INCLUDE/extracted/Adjectives/79. short/MVI_9381.MOV,SHORT,signer05,train,include
E:/datasets/INCLUDE/extracted/Adjectives/79. short/MVI_9382.MOV,SHORT,signer05,train,include
E:/datasets/INCLUDE/extracted/Adjectives/79. short/MVI_9461.MOV,SHORT,signer06,train,include
E:/datasets/INCLUDE/extracted/Adjectives/79. short/MVI_9462.MOV,SHORT,signer06,train,include
E:/datasets/INCLUDE/extracted/Adjectives/79. short/MVI_9463.MOV,SHORT,signer06,train,include
E:/datasets/INCLUDE/extracted/Adjectives/79. short/extra/MVI_5192.MOV,EXTRA,signer00,val,include
E:/datasets/INCLUDE/extracted/Adjectives/8. Blind/MVI_9584.MOV,BLIND,signer00,val,include
E:/datasets/INCLUDE/extracted/Adjectives/8. Blind/MVI_9585.MOV,BLIND,signer00,val,include
E:/datasets/INCLUDE/extracted/Adjectives/8. Blind/MVI_9586.MOV,BLIND,signer00,val,include
E:/datasets/INCLUDE/extracted/Adjectives/8. Blind/MVI_9587.MOV,BLIND,signer00,val,include
E:/datasets/INCLUDE/extracted/Adjectives/8. Blind/MVI_9852.MOV,BLIND,signer01,test,include
E:/datasets/INCLUDE/extracted/Adjectives/8. Blind/MVI_9853.MOV,BLIND,signer01,test,include
E:/datasets/INCLUDE/extracted/Adjectives/8. Blind/MVI_9854.MOV,BLIND,signer01,test,include
E:/datasets/INCLUDE/extracted/Adjectives/8. Blind/MVI_9855.MOV,BLIND,signer01,test,include
E:/datasets/INCLUDE/extracted/Adjectives/80. tall/MVI_5114.MOV,TALL,signer00,val,include
E:/datasets/INCLUDE/extracted/Adjectives/80. tall/MVI_5115.MOV,TALL,signer00,val,include
E:/datasets/INCLUDE/extracted/Adjectives/80. tall/MVI_5116.MOV,TALL,signer00,val,include
E:/datasets/INCLUDE/extracted/Adjectives/80. tall/MVI_5194.MOV,TALL,signer01,test,include
E:/datasets/INCLUDE/extracted/Adjectives/80. tall/MVI_5195.MOV,TALL,signer01,test,include
E:/datasets/INCLUDE/extracted/Adjectives/80. tall/MVI_5196.MOV,TALL,signer01,test,include
E:/datasets/INCLUDE/extracted/Adjectives/80. tall/MVI_5273.MOV,TALL,signer02,train,include
E:/datasets/INCLUDE/extracted/Adjectives/80. tall/MVI_5274.MOV,TALL,signer02,train,include
E:/datasets/INCLUDE/extracted/Adjectives/80. tall/MVI_5276.MOV,TALL,signer02,train,include
E:/datasets/INCLUDE/extracted/Adjectives/80. tall/MVI_9223.MOV,TALL,signer03,train,include
E:/datasets/INCLUDE/extracted/Adjectives/80. tall/MVI_9224.MOV,TALL,signer03,train,include
E:/datasets/INCLUDE/extracted/Adjectives/80. tall/MVI_9225.MOV,TALL,signer03,train,include
E:/datasets/INCLUDE/extracted/Adjectives/80. tall/MVI_9307.MOV,TALL,signer04,train,include
E:/datasets/INCLUDE/extracted/Adjectives/80. tall/MVI_9308.MOV,TALL,signer04,train,include
E:/datasets/INCLUDE/extracted/Adjectives/80. tall/MVI_9309.MOV,TALL,signer04,train,include
E:/datasets/INCLUDE/extracted/Adjectives/80. tall/MVI_9384.MOV,TALL,signer05,train,include
E:/datasets/INCLUDE/extracted/Adjectives/80. tall/MVI_9386.MOV,TALL,signer05,train,include
E:/datasets/INCLUDE/extracted/Adjectives/80. tall/MVI_9387.MOV,TALL,signer05,train,include
E:/datasets/INCLUDE/extracted/Adjectives/80. tall/MVI_9464.MOV,TALL,signer06,train,include
E:/datasets/INCLUDE/extracted/Adjectives/80. tall/MVI_9465.MOV,TALL,signer06,train,include
E:/datasets/INCLUDE/extracted/Adjectives/80. tall/MVI_9466.MOV,TALL,signer06,train,include
E:/datasets/INCLUDE/extracted/Adjectives/81. wide/MVI_5117.MOV,WIDE,signer00,val,include
E:/datasets/INCLUDE/extracted/Adjectives/81. wide/MVI_5118.MOV,WIDE,signer00,val,include
E:/datasets/INCLUDE/extracted/Adjectives/81. wide/MVI_5119.MOV,WIDE,signer00,val,include
E:/datasets/INCLUDE/extracted/Adjectives/81. wide/MVI_5197.MOV,WIDE,signer01,test,include
E:/datasets/INCLUDE/extracted/Adjectives/81. wide/MVI_5198.MOV,WIDE,signer01,test,include
E:/datasets/INCLUDE/extracted/Adjectives/81. wide/MVI_5199.MOV,WIDE,signer01,test,include
E:/datasets/INCLUDE/extracted/Adjectives/81. wide/MVI_5277.MOV,WIDE,signer02,train,include
E:/datasets/INCLUDE/extracted/Adjectives/81. wide/MVI_5278.MOV,WIDE,signer02,train,include
E:/datasets/INCLUDE/extracted/Adjectives/81. wide/MVI_5279.MOV,WIDE,signer02,train,include
E:/datasets/INCLUDE/extracted/Adjectives/81. wide/MVI_9227.MOV,WIDE,signer03,train,include
E:/datasets/INCLUDE/extracted/Adjectives/81. wide/MVI_9228.MOV,WIDE,signer03,train,include
E:/datasets/INCLUDE/extracted/Adjectives/81. wide/MVI_9229.MOV,WIDE,signer03,train,include
E:/datasets/INCLUDE/extracted/Adjectives/81. wide/MVI_9310.MOV,WIDE,signer04,train,include
E:/datasets/INCLUDE/extracted/Adjectives/81. wide/MVI_9311.MOV,WIDE,signer04,train,include
E:/datasets/INCLUDE/extracted/Adjectives/81. wide/MVI_9312.MOV,WIDE,signer04,train,include
E:/datasets/INCLUDE/extracted/Adjectives/81. wide/MVI_9388.MOV,WIDE,signer05,train,include
E:/datasets/INCLUDE/extracted/Adjectives/81. wide/MVI_9389.MOV,WIDE,signer05,train,include
E:/datasets/INCLUDE/extracted/Adjectives/81. wide/MVI_9390.MOV,WIDE,signer05,train,include
E:/datasets/INCLUDE/extracted/Adjectives/81. wide/MVI_9467.MOV,WIDE,signer06,train,include
E:/datasets/INCLUDE/extracted/Adjectives/81. wide/MVI_9468.MOV,WIDE,signer06,train,include
E:/datasets/INCLUDE/extracted/Adjectives/81. wide/MVI_9469.MOV,WIDE,signer06,train,include
E:/datasets/INCLUDE/extracted/Adjectives/82. narrow/MVI_5120.MOV,NARROW,signer00,val,include
E:/datasets/INCLUDE/extracted/Adjectives/82. narrow/MVI_5121.MOV,NARROW,signer00,val,include
E:/datasets/INCLUDE/extracted/Adjectives/82. narrow/MVI_5122.MOV,NARROW,signer00,val,include
E:/datasets/INCLUDE/extracted/Adjectives/82. narrow/MVI_5200.MOV,NARROW,signer01,test,include
E:/datasets/INCLUDE/extracted/Adjectives/82. narrow/MVI_5201.MOV,NARROW,signer01,test,include
E:/datasets/INCLUDE/extracted/Adjectives/82. narrow/MVI_5202.MOV,NARROW,signer01,test,include
E:/datasets/INCLUDE/extracted/Adjectives/82. narrow/MVI_5280.MOV,NARROW,signer02,train,include
E:/datasets/INCLUDE/extracted/Adjectives/82. narrow/MVI_5281.MOV,NARROW,signer02,train,include
E:/datasets/INCLUDE/extracted/Adjectives/82. narrow/MVI_5282.MOV,NARROW,signer02,train,include
E:/datasets/INCLUDE/extracted/Adjectives/82. narrow/MVI_9230.MOV,NARROW,signer03,train,include
E:/datasets/INCLUDE/extracted/Adjectives/82. narrow/MVI_9231.MOV,NARROW,signer03,train,include
E:/datasets/INCLUDE/extracted/Adjectives/82. narrow/MVI_9232.MOV,NARROW,signer03,train,include
E:/datasets/INCLUDE/extracted/Adjectives/82. narrow/MVI_9313.MOV,NARROW,signer04,train,include
E:/datasets/INCLUDE/extracted/Adjectives/82. narrow/MVI_9314.MOV,NARROW,signer04,train,include
E:/datasets/INCLUDE/extracted/Adjectives/82. narrow/MVI_9315.MOV,NARROW,signer04,train,include
E:/datasets/INCLUDE/extracted/Adjectives/82. narrow/MVI_9391.MOV,NARROW,signer05,train,include
E:/datasets/INCLUDE/extracted/Adjectives/82. narrow/MVI_9392.MOV,NARROW,signer05,train,include
E:/datasets/INCLUDE/extracted/Adjectives/82. narrow/MVI_9393.MOV,NARROW,signer05,train,include
E:/datasets/INCLUDE/extracted/Adjectives/82. narrow/MVI_9471.MOV,NARROW,signer06,train,include
E:/datasets/INCLUDE/extracted/Adjectives/82. narrow/MVI_9472.MOV,NARROW,signer06,train,include
E:/datasets/INCLUDE/extracted/Adjectives/82. narrow/MVI_9474.MOV,NARROW,signer06,train,include
E:/datasets/INCLUDE/extracted/Adjectives/83. big large/MVI_5123.MOV,BIG_LARGE,signer00,val,include
E:/datasets/INCLUDE/extracted/Adjectives/83. big large/MVI_5124.MOV,BIG_LARGE,signer00,val,include
E:/datasets/INCLUDE/extracted/Adjectives/83. big large/MVI_5125.MOV,BIG_LARGE,signer00,val,include
E:/datasets/INCLUDE/extracted/Adjectives/83. big large/MVI_5203.MOV,BIG_LARGE,signer01,test,include
E:/datasets/INCLUDE/extracted/Adjectives/83. big large/MVI_5204.MOV,BIG_LARGE,signer01,test,include
E:/datasets/INCLUDE/extracted/Adjectives/83. big large/MVI_5205.MOV,BIG_LARGE,signer01,test,include
E:/datasets/INCLUDE/extracted/Adjectives/83. big large/MVI_5283.MOV,BIG_LARGE,signer02,train,include
E:/datasets/INCLUDE/extracted/Adjectives/83. big large/MVI_5284.MOV,BIG_LARGE,signer02,train,include
E:/datasets/INCLUDE/extracted/Adjectives/83. big large/MVI_5285.MOV,BIG_LARGE,signer02,train,include
E:/datasets/INCLUDE/extracted/Adjectives/83. big large/MVI_9233.MOV,BIG_LARGE,signer03,train,include
E:/datasets/INCLUDE/extracted/Adjectives/83. big large/MVI_9234.MOV,BIG_LARGE,signer03,train,include
E:/datasets/INCLUDE/extracted/Adjectives/83. big large/MVI_9235.MOV,BIG_LARGE,signer03,train,include
E:/datasets/INCLUDE/extracted/Adjectives/83. big large/MVI_9316.MOV,BIG_LARGE,signer04,train,include
E:/datasets/INCLUDE/extracted/Adjectives/83. big large/MVI_9317.MOV,BIG_LARGE,signer04,train,include
E:/datasets/INCLUDE/extracted/Adjectives/83. big large/MVI_9318.MOV,BIG_LARGE,signer04,train,include
E:/datasets/INCLUDE/extracted/Adjectives/83. big large/MVI_9394.MOV,BIG_LARGE,signer05,train,include
E:/datasets/INCLUDE/extracted/Adjectives/83. big large/MVI_9395.MOV,BIG_LARGE,signer05,train,include
E:/datasets/INCLUDE/extracted/Adjectives/83. big large/MVI_9396.MOV,BIG_LARGE,signer05,train,include
E:/datasets/INCLUDE/extracted/Adjectives/83. big large/MVI_9475.MOV,BIG_LARGE,signer06,train,include
E:/datasets/INCLUDE/extracted/Adjectives/83. big large/MVI_9476.MOV,BIG_LARGE,signer06,train,include
E:/datasets/INCLUDE/extracted/Adjectives/83. big large/MVI_9477.MOV,BIG_LARGE,signer06,train,include
E:/datasets/INCLUDE/extracted/Adjectives/84. small little/MVI_5126.MOV,SMALL_LITTLE,signer00,val,include
E:/datasets/INCLUDE/extracted/Adjectives/84. small little/MVI_5127.MOV,SMALL_LITTLE,signer00,val,include
E:/datasets/INCLUDE/extracted/Adjectives/84. small little/MVI_5128.MOV,SMALL_LITTLE,signer00,val,include
E:/datasets/INCLUDE/extracted/Adjectives/84. small little/MVI_5206.MOV,SMALL_LITTLE,signer01,test,include
E:/datasets/INCLUDE/extracted/Adjectives/84. small little/MVI_5207.MOV,SMALL_LITTLE,signer01,test,include
E:/datasets/INCLUDE/extracted/Adjectives/84. small little/MVI_5208.MOV,SMALL_LITTLE,signer01,test,include
E:/datasets/INCLUDE/extracted/Adjectives/84. small little/MVI_5286.MOV,SMALL_LITTLE,signer02,train,include
E:/datasets/INCLUDE/extracted/Adjectives/84. small little/MVI_5287.MOV,SMALL_LITTLE,signer02,train,include
E:/datasets/INCLUDE/extracted/Adjectives/84. small little/MVI_5288.MOV,SMALL_LITTLE,signer02,train,include
E:/datasets/INCLUDE/extracted/Adjectives/84. small little/MVI_9236.MOV,SMALL_LITTLE,signer03,train,include
E:/datasets/INCLUDE/extracted/Adjectives/84. small little/MVI_9237.MOV,SMALL_LITTLE,signer03,train,include
E:/datasets/INCLUDE/extracted/Adjectives/84. small little/MVI_9238.MOV,SMALL_LITTLE,signer03,train,include
E:/datasets/INCLUDE/extracted/Adjectives/84. small little/MVI_9319.MOV,SMALL_LITTLE,signer04,train,include
E:/datasets/INCLUDE/extracted/Adjectives/84. small little/MVI_9320.MOV,SMALL_LITTLE,signer04,train,include
E:/datasets/INCLUDE/extracted/Adjectives/84. small little/MVI_9321.MOV,SMALL_LITTLE,signer04,train,include
E:/datasets/INCLUDE/extracted/Adjectives/84. small little/MVI_9397.MOV,SMALL_LITTLE,signer05,train,include
E:/datasets/INCLUDE/extracted/Adjectives/84. small little/MVI_9398.MOV,SMALL_LITTLE,signer05,train,include
E:/datasets/INCLUDE/extracted/Adjectives/84. small little/MVI_9400.MOV,SMALL_LITTLE,signer05,train,include
E:/datasets/INCLUDE/extracted/Adjectives/84. small little/MVI_9478.MOV,SMALL_LITTLE,signer06,train,include
E:/datasets/INCLUDE/extracted/Adjectives/84. small little/MVI_9479.MOV,SMALL_LITTLE,signer06,train,include
E:/datasets/INCLUDE/extracted/Adjectives/84. small little/MVI_9480.MOV,SMALL_LITTLE,signer06,train,include
E:/datasets/INCLUDE/extracted/Adjectives/84. small little/extra/MVI_5209.MOV,EXTRA,signer01,test,include
E:/datasets/INCLUDE/extracted/Adjectives/85. slow/MVI_5130.MOV,SLOW,signer00,val,include
E:/datasets/INCLUDE/extracted/Adjectives/85. slow/MVI_5131.MOV,SLOW,signer00,val,include
E:/datasets/INCLUDE/extracted/Adjectives/85. slow/MVI_5132.MOV,SLOW,signer00,val,include
E:/datasets/INCLUDE/extracted/Adjectives/85. slow/MVI_5210.MOV,SLOW,signer01,test,include
E:/datasets/INCLUDE/extracted/Adjectives/85. slow/MVI_5211.MOV,SLOW,signer01,test,include
E:/datasets/INCLUDE/extracted/Adjectives/85. slow/MVI_5212.MOV,SLOW,signer01,test,include
E:/datasets/INCLUDE/extracted/Adjectives/85. slow/MVI_5289.MOV,SLOW,signer02,train,include
E:/datasets/INCLUDE/extracted/Adjectives/85. slow/MVI_5290.MOV,SLOW,signer02,train,include
E:/datasets/INCLUDE/extracted/Adjectives/85. slow/MVI_5291.MOV,SLOW,signer02,train,include
E:/datasets/INCLUDE/extracted/Adjectives/85. slow/MVI_9240.MOV,SLOW,signer03,train,include
E:/datasets/INCLUDE/extracted/Adjectives/85. slow/MVI_9242.MOV,SLOW,signer03,train,include
E:/datasets/INCLUDE/extracted/Adjectives/85. slow/MVI_9243.MOV,SLOW,signer03,train,include
E:/datasets/INCLUDE/extracted/Adjectives/85. slow/MVI_9322.MOV,SLOW,signer04,train,include
E:/datasets/INCLUDE/extracted/Adjectives/85. slow/MVI_9323.MOV,SLOW,signer04,train,include
E:/datasets/INCLUDE/extracted/Adjectives/85. slow/MVI_9324.MOV,SLOW,signer04,train,include
E:/datasets/INCLUDE/extracted/Adjectives/85. slow/MVI_9402.MOV,SLOW,signer05,train,include
E:/datasets/INCLUDE/extracted/Adjectives/85. slow/MVI_9403.MOV,SLOW,signer05,train,include
E:/datasets/INCLUDE/extracted/Adjectives/85. slow/MVI_9404.MOV,SLOW,signer05,train,include
E:/datasets/INCLUDE/extracted/Adjectives/85. slow/MVI_9481.MOV,SLOW,signer06,train,include
E:/datasets/INCLUDE/extracted/Adjectives/85. slow/MVI_9482.MOV,SLOW,signer06,train,include
E:/datasets/INCLUDE/extracted/Adjectives/85. slow/MVI_9483.MOV,SLOW,signer06,train,include
E:/datasets/INCLUDE/extracted/Adjectives/86. fast/MVI_5133.MOV,FAST,signer00,val,include
E:/datasets/INCLUDE/extracted/Adjectives/86. fast/MVI_5134.MOV,FAST,signer00,val,include
E:/datasets/INCLUDE/extracted/Adjectives/86. fast/MVI_5135.MOV,FAST,signer00,val,include
E:/datasets/INCLUDE/extracted/Adjectives/86. fast/MVI_5213.MOV,FAST,signer01,test,include
E:/datasets/INCLUDE/extracted/Adjectives/86. fast/MVI_5214.MOV,FAST,signer01,test,include
E:/datasets/INCLUDE/extracted/Adjectives/86. fast/MVI_5215.MOV,FAST,signer01,test,include
E:/datasets/INCLUDE/extracted/Adjectives/86. fast/MVI_5292.MOV,FAST,signer02,train,include
E:/datasets/INCLUDE/extracted/Adjectives/86. fast/MVI_5293.MOV,FAST,signer02,train,include
E:/datasets/INCLUDE/extracted/Adjectives/86. fast/MVI_5294.MOV,FAST,signer02,train,include
E:/datasets/INCLUDE/extracted/Adjectives/86. fast/MVI_9244.MOV,FAST,signer03,train,include
E:/datasets/INCLUDE/extracted/Adjectives/86. fast/MVI_9245.MOV,FAST,signer03,train,include
E:/datasets/INCLUDE/extracted/Adjectives/86. fast/MVI_9246.MOV,FAST,signer03,train,include
E:/datasets/INCLUDE/extracted/Adjectives/86. fast/MVI_9325.MOV,FAST,signer04,train,include
E:/datasets/INCLUDE/extracted/Adjectives/86. fast/MVI_9326.MOV,FAST,signer04,train,include
E:/datasets/INCLUDE/extracted/Adjectives/86. fast/MVI_9327.MOV,FAST,signer04,train,include
E:/datasets/INCLUDE/extracted/Adjectives/86. fast/MVI_9405.MOV,FAST,signer05,train,include
E:/datasets/INCLUDE/extracted/Adjectives/86. fast/MVI_9406.MOV,FAST,signer05,train,include
E:/datasets/INCLUDE/extracted/Adjectives/86. fast/MVI_9407.MOV,FAST,signer05,train,include
E:/datasets/INCLUDE/extracted/Adjectives/86. fast/MVI_9484.MOV,FAST,signer06,train,include
E:/datasets/INCLUDE/extracted/Adjectives/86. fast/MVI_9485.MOV,FAST,signer06,train,include
E:/datasets/INCLUDE/extracted/Adjectives/86. fast/MVI_9486.MOV,FAST,signer06,train,include
E:/datasets/INCLUDE/extracted/Adjectives/87. hot/MVI_5136.MOV,HOT,signer00,val,include
E:/datasets/INCLUDE/extracted/Adjectives/87. hot/MVI_5137.MOV,HOT,signer00,val,include
E:/datasets/INCLUDE/extracted/Adjectives/87. hot/MVI_5138.MOV,HOT,signer00,val,include
E:/datasets/INCLUDE/extracted/Adjectives/87. hot/MVI_5216.MOV,HOT,signer01,test,include
E:/datasets/INCLUDE/extracted/Adjectives/87. hot/MVI_5217.MOV,HOT,signer01,test,include
E:/datasets/INCLUDE/extracted/Adjectives/87. hot/MVI_5218.MOV,HOT,signer01,test,include
E:/datasets/INCLUDE/extracted/Adjectives/87. hot/MVI_5295.MOV,HOT,signer02,train,include
E:/datasets/INCLUDE/extracted/Adjectives/87. hot/MVI_5296.MOV,HOT,signer02,train,include
E:/datasets/INCLUDE/extracted/Adjectives/87. hot/MVI_5297.MOV,HOT,signer02,train,include
E:/datasets/INCLUDE/extracted/Adjectives/87. hot/MVI_9247.MOV,HOT,signer03,train,include
E:/datasets/INCLUDE/extracted/Adjectives/87. hot/MVI_9248.MOV,HOT,signer03,train,include
E:/datasets/INCLUDE/extracted/Adjectives/87. hot/MVI_9249.MOV,HOT,signer03,train,include
E:/datasets/INCLUDE/extracted/Adjectives/87. hot/MVI_9328.MOV,HOT,signer04,train,include
E:/datasets/INCLUDE/extracted/Adjectives/87. hot/MVI_9329.MOV,HOT,signer04,train,include
E:/datasets/INCLUDE/extracted/Adjectives/87. hot/MVI_9330.MOV,HOT,signer04,train,include
E:/datasets/INCLUDE/extracted/Adjectives/87. hot/MVI_9408.MOV,HOT,signer05,train,include
E:/datasets/INCLUDE/extracted/Adjectives/87. hot/MVI_9409.MOV,HOT,signer05,train,include
E:/datasets/INCLUDE/extracted/Adjectives/87. hot/MVI_9410.MOV,HOT,signer05,train,include
E:/datasets/INCLUDE/extracted/Adjectives/87. hot/MVI_9487.MOV,HOT,signer06,train,include
E:/datasets/INCLUDE/extracted/Adjectives/87. hot/MVI_9488.MOV,HOT,signer06,train,include
E:/datasets/INCLUDE/extracted/Adjectives/87. hot/MVI_9489.MOV,HOT,signer06,train,include
E:/datasets/INCLUDE/extracted/Adjectives/88. cold/MVI_5139.MOV,COLD,signer00,val,include
E:/datasets/INCLUDE/extracted/Adjectives/88. cold/MVI_5140.MOV,COLD,signer00,val,include
E:/datasets/INCLUDE/extracted/Adjectives/88. cold/MVI_5219.MOV,COLD,signer01,test,include
E:/datasets/INCLUDE/extracted/Adjectives/88. cold/MVI_5220.MOV,COLD,signer01,test,include
E:/datasets/INCLUDE/extracted/Adjectives/88. cold/MVI_5221.MOV,COLD,signer01,test,include
E:/datasets/INCLUDE/extracted/Adjectives/88. cold/MVI_5298.MOV,COLD,signer02,train,include
E:/datasets/INCLUDE/extracted/Adjectives/88. cold/MVI_5299.MOV,COLD,signer02,train,include
E:/datasets/INCLUDE/extracted/Adjectives/88. cold/MVI_5300.MOV,COLD,signer02,train,include
E:/datasets/INCLUDE/extracted/Adjectives/88. cold/MVI_9250.MOV,COLD,signer03,train,include
E:/datasets/INCLUDE/extracted/Adjectives/88. cold/MVI_9251.MOV,COLD,signer03,train,include
E:/datasets/INCLUDE/extracted/Adjectives/88. cold/MVI_9252.MOV,COLD,signer03,train,include
E:/datasets/INCLUDE/extracted/Adjectives/88. cold/MVI_9331.MOV,COLD,signer04,train,include
E:/datasets/INCLUDE/extracted/Adjectives/88. cold/MVI_9332.MOV,COLD,signer04,train,include
E:/datasets/INCLUDE/extracted/Adjectives/88. cold/MVI_9333.MOV,COLD,signer04,train,include
E:/datasets/INCLUDE/extracted/Adjectives/88. cold/MVI_9411.MOV,COLD,signer05,train,include
E:/datasets/INCLUDE/extracted/Adjectives/88. cold/MVI_9412.MOV,COLD,signer05,train,include
E:/datasets/INCLUDE/extracted/Adjectives/88. cold/MVI_9413.MOV,COLD,signer05,train,include
E:/datasets/INCLUDE/extracted/Adjectives/88. cold/MVI_9490.MOV,COLD,signer06,train,include
E:/datasets/INCLUDE/extracted/Adjectives/88. cold/MVI_9491.MOV,COLD,signer06,train,include
E:/datasets/INCLUDE/extracted/Adjectives/88. cold/MVI_9492.MOV,COLD,signer06,train,include
E:/datasets/INCLUDE/extracted/Adjectives/89. warm/MVI_5141.MOV,WARM,signer00,val,include
E:/datasets/INCLUDE/extracted/Adjectives/89. warm/MVI_5143.MOV,WARM,signer00,val,include
E:/datasets/INCLUDE/extracted/Adjectives/89. warm/MVI_5144.MOV,WARM,signer00,val,include
E:/datasets/INCLUDE/extracted/Adjectives/89. warm/MVI_5222.MOV,WARM,signer01,test,include
E:/datasets/INCLUDE/extracted/Adjectives/89. warm/MVI_5223.MOV,WARM,signer01,test,include
E:/datasets/INCLUDE/extracted/Adjectives/89. warm/MVI_5224.MOV,WARM,signer01,test,include
E:/datasets/INCLUDE/extracted/Adjectives/89. warm/MVI_5301.MOV,WARM,signer02,train,include
E:/datasets/INCLUDE/extracted/Adjectives/89. warm/MVI_5302.MOV,WARM,signer02,train,include
E:/datasets/INCLUDE/extracted/Adjectives/89. warm/MVI_5303.MOV,WARM,signer02,train,include
E:/datasets/INCLUDE/extracted/Adjectives/89. warm/MVI_9253.MOV,WARM,signer03,train,include
E:/datasets/INCLUDE/extracted/Adjectives/89. warm/MVI_9254.MOV,WARM,signer03,train,include
E:/datasets/INCLUDE/extracted/Adjectives/89. warm/MVI_9255.MOV,WARM,signer03,train,include
E:/datasets/INCLUDE/extracted/Adjectives/89. warm/MVI_9334.MOV,WARM,signer04,train,include
E:/datasets/INCLUDE/extracted/Adjectives/89. warm/MVI_9335.MOV,WARM,signer04,train,include
E:/datasets/INCLUDE/extracted/Adjectives/89. warm/MVI_9336.MOV,WARM,signer04,train,include
E:/datasets/INCLUDE/extracted/Adjectives/89. warm/MVI_9415.MOV,WARM,signer05,train,include
E:/datasets/INCLUDE/extracted/Adjectives/89. warm/MVI_9416.MOV,WARM,signer05,train,include
E:/datasets/INCLUDE/extracted/Adjectives/89. warm/MVI_9417.MOV,WARM,signer05,train,include
E:/datasets/INCLUDE/extracted/Adjectives/89. warm/MVI_9493.MOV,WARM,signer06,train,include
E:/datasets/INCLUDE/extracted/Adjectives/89. warm/MVI_9494.MOV,WARM,signer06,train,include
E:/datasets/INCLUDE/extracted/Adjectives/89. warm/MVI_9495.MOV,WARM,signer06,train,include
E:/datasets/INCLUDE/extracted/Adjectives/90. cool/MVI_5145.MOV,COOL,signer00,val,include
E:/datasets/INCLUDE/extracted/Adjectives/90. cool/MVI_5146.MOV,COOL,signer00,val,include
E:/datasets/INCLUDE/extracted/Adjectives/90. cool/MVI_5147.MOV,COOL,signer00,val,include
E:/datasets/INCLUDE/extracted/Adjectives/90. cool/MVI_5225.MOV,COOL,signer01,test,include
E:/datasets/INCLUDE/extracted/Adjectives/90. cool/MVI_5226.MOV,COOL,signer01,test,include
E:/datasets/INCLUDE/extracted/Adjectives/90. cool/MVI_5227.MOV,COOL,signer01,test,include
E:/datasets/INCLUDE/extracted/Adjectives/90. cool/MVI_5304.MOV,COOL,signer02,train,include
E:/datasets/INCLUDE/extracted/Adjectives/90. cool/MVI_5305.MOV,COOL,signer02,train,include
E:/datasets/INCLUDE/extracted/Adjectives/90. cool/MVI_5306.MOV,COOL,signer02,train,include
E:/datasets/INCLUDE/extracted/Adjectives/90. cool/MVI_9256.MOV,COOL,signer03,train,include
E:/datasets/INCLUDE/extracted/Adjectives/90. cool/MVI_9257.MOV,COOL,signer03,train,include
E:/datasets/INCLUDE/extracted/Adjectives/90. cool/MVI_9258.MOV,COOL,signer03,train,include
E:/datasets/INCLUDE/extracted/Adjectives/90. cool/MVI_9337.MOV,COOL,signer04,train,include
E:/datasets/INCLUDE/extracted/Adjectives/90. cool/MVI_9338.MOV,COOL,signer04,train,include
E:/datasets/INCLUDE/extracted/Adjectives/90. cool/MVI_9339.MOV,COOL,signer04,train,include
E:/datasets/INCLUDE/extracted/Adjectives/90. cool/MVI_9418.MOV,COOL,signer05,train,include
E:/datasets/INCLUDE/extracted/Adjectives/90. cool/MVI_9419.MOV,COOL,signer05,train,include
E:/datasets/INCLUDE/extracted/Adjectives/90. cool/MVI_9420.MOV,COOL,signer05,train,include
E:/datasets/INCLUDE/extracted/Adjectives/90. cool/MVI_9497.MOV,COOL,signer06,train,include
E:/datasets/INCLUDE/extracted/Adjectives/90. cool/MVI_9498.MOV,COOL,signer06,train,include
E:/datasets/INCLUDE/extracted/Adjectives/90. cool/MVI_9499.MOV,COOL,signer06,train,include
E:/datasets/INCLUDE/extracted/Adjectives/91. new/MVI_5148.MOV,NEW,signer00,val,include
E:/datasets/INCLUDE/extracted/Adjectives/91. new/MVI_5150.MOV,NEW,signer00,val,include
E:/datasets/INCLUDE/extracted/Adjectives/91. new/MVI_5151.MOV,NEW,signer00,val,include
E:/datasets/INCLUDE/extracted/Adjectives/91. new/MVI_5229.MOV,NEW,signer01,test,include
E:/datasets/INCLUDE/extracted/Adjectives/91. new/MVI_5230.MOV,NEW,signer01,test,include
E:/datasets/INCLUDE/extracted/Adjectives/91. new/MVI_5231.MOV,NEW,signer01,test,include
E:/datasets/INCLUDE/extracted/Adjectives/91. new/MVI_5307.MOV,NEW,signer02,train,include
E:/datasets/INCLUDE/extracted/Adjectives/91. new/MVI_5308.MOV,NEW,signer02,train,include
E:/datasets/INCLUDE/extracted/Adjectives/91. new/MVI_5309.MOV,NEW,signer02,train,include
E:/datasets/INCLUDE/extracted/Adjectives/91. new/MVI_9259.MOV,NEW,signer03,train,include
E:/datasets/INCLUDE/extracted/Adjectives/91. new/MVI_9260.MOV,NEW,signer03,train,include
E:/datasets/INCLUDE/extracted/Adjectives/91. new/MVI_9261.MOV,NEW,signer03,train,include
E:/datasets/INCLUDE/extracted/Adjectives/91. new/MVI_9340.MOV,NEW,signer04,train,include
E:/datasets/INCLUDE/extracted/Adjectives/91. new/MVI_9341.MOV,NEW,signer04,train,include
E:/datasets/INCLUDE/extracted/Adjectives/91. new/MVI_9342.MOV,NEW,signer04,train,include
E:/datasets/INCLUDE/extracted/Adjectives/91. new/MVI_9421.MOV,NEW,signer05,train,include
E:/datasets/INCLUDE/extracted/Adjectives/91. new/MVI_9422.MOV,NEW,signer05,train,include
E:/datasets/INCLUDE/extracted/Adjectives/91. new/MVI_9423.MOV,NEW,signer05,train,include
E:/datasets/INCLUDE/extracted/Adjectives/91. new/MVI_9500.MOV,NEW,signer06,train,include
E:/datasets/INCLUDE/extracted/Adjectives/91. new/MVI_9501.MOV,NEW,signer06,train,include
E:/datasets/INCLUDE/extracted/Adjectives/91. new/MVI_9502.MOV,NEW,signer06,train,include
E:/datasets/INCLUDE/extracted/Adjectives/92. old/MVI_5152.MOV,OLD,signer00,val,include
E:/datasets/INCLUDE/extracted/Adjectives/92. old/MVI_5153.MOV,OLD,signer00,val,include
E:/datasets/INCLUDE/extracted/Adjectives/92. old/MVI_5154.MOV,OLD,signer00,val,include
E:/datasets/INCLUDE/extracted/Adjectives/92. old/MVI_5232.MOV,OLD,signer01,test,include
E:/datasets/INCLUDE/extracted/Adjectives/92. old/MVI_5233.MOV,OLD,signer01,test,include
E:/datasets/INCLUDE/extracted/Adjectives/92. old/MVI_5234.MOV,OLD,signer01,test,include
E:/datasets/INCLUDE/extracted/Adjectives/92. old/MVI_5310.MOV,OLD,signer02,train,include
E:/datasets/INCLUDE/extracted/Adjectives/92. old/MVI_5311.MOV,OLD,signer02,train,include
E:/datasets/INCLUDE/extracted/Adjectives/92. old/MVI_5312.MOV,OLD,signer02,train,include
E:/datasets/INCLUDE/extracted/Adjectives/92. old/MVI_9262.MOV,OLD,signer03,train,include
E:/datasets/INCLUDE/extracted/Adjectives/92. old/MVI_9263.MOV,OLD,signer03,train,include
E:/datasets/INCLUDE/extracted/Adjectives/92. old/MVI_9264.MOV,OLD,signer03,train,include
E:/datasets/INCLUDE/extracted/Adjectives/92. old/MVI_9343.MOV,OLD,signer04,train,include
E:/datasets/INCLUDE/extracted/Adjectives/92. old/MVI_9344.MOV,OLD,signer04,train,include
E:/datasets/INCLUDE/extracted/Adjectives/92. old/MVI_9345.MOV,OLD,signer04,train,include
E:/datasets/INCLUDE/extracted/Adjectives/92. old/MVI_9424.MOV,OLD,signer05,train,include
E:/datasets/INCLUDE/extracted/Adjectives/92. old/MVI_9425.MOV,OLD,signer05,train,include
E:/datasets/INCLUDE/extracted/Adjectives/92. old/MVI_9426.MOV,OLD,signer05,train,include
E:/datasets/INCLUDE/extracted/Adjectives/92. old/MVI_9504.MOV,OLD,signer06,train,include
E:/datasets/INCLUDE/extracted/Adjectives/92. old/MVI_9505.MOV,OLD,signer06,train,include
E:/datasets/INCLUDE/extracted/Adjectives/92. old/MVI_9506.MOV,OLD,signer06,train,include
E:/datasets/INCLUDE/extracted/Adjectives/93. young/MVI_5155.MOV,YOUNG,signer00,val,include
E:/datasets/INCLUDE/extracted/Adjectives/93. young/MVI_5156.MOV,YOUNG,signer00,val,include
E:/datasets/INCLUDE/extracted/Adjectives/93. young/MVI_5157.MOV,YOUNG,signer00,val,include
E:/datasets/INCLUDE/extracted/Adjectives/93. young/MVI_5235.MOV,YOUNG,signer01,test,include
E:/datasets/INCLUDE/extracted/Adjectives/93. young/MVI_5236.MOV,YOUNG,signer01,test,include
E:/datasets/INCLUDE/extracted/Adjectives/93. young/MVI_5237.MOV,YOUNG,signer01,test,include
E:/datasets/INCLUDE/extracted/Adjectives/93. young/MVI_5313.MOV,YOUNG,signer02,train,include
E:/datasets/INCLUDE/extracted/Adjectives/93. young/MVI_5314.MOV,YOUNG,signer02,train,include
E:/datasets/INCLUDE/extracted/Adjectives/93. young/MVI_5315.MOV,YOUNG,signer02,train,include
E:/datasets/INCLUDE/extracted/Adjectives/93. young/MVI_9265.MOV,YOUNG,signer03,train,include
E:/datasets/INCLUDE/extracted/Adjectives/93. young/MVI_9266.MOV,YOUNG,signer03,train,include
E:/datasets/INCLUDE/extracted/Adjectives/93. young/MVI_9267.MOV,YOUNG,signer03,train,include
E:/datasets/INCLUDE/extracted/Adjectives/93. young/MVI_9346.MOV,YOUNG,signer04,train,include
E:/datasets/INCLUDE/extracted/Adjectives/93. young/MVI_9347.MOV,YOUNG,signer04,train,include
E:/datasets/INCLUDE/extracted/Adjectives/93. young/MVI_9348.MOV,YOUNG,signer04,train,include
E:/datasets/INCLUDE/extracted/Adjectives/93. young/MVI_9427.MOV,YOUNG,signer05,train,include
E:/datasets/INCLUDE/extracted/Adjectives/93. young/MVI_9428.MOV,YOUNG,signer05,train,include
E:/datasets/INCLUDE/extracted/Adjectives/93. young/MVI_9429.MOV,YOUNG,signer05,train,include
E:/datasets/INCLUDE/extracted/Adjectives/93. young/MVI_9507.MOV,YOUNG,signer06,train,include
E:/datasets/INCLUDE/extracted/Adjectives/93. young/MVI_9508.MOV,YOUNG,signer06,train,include
E:/datasets/INCLUDE/extracted/Adjectives/93. young/MVI_9509.MOV,YOUNG,signer06,train,include
E:/datasets/INCLUDE/extracted/Adjectives/94. good/MVI_5158.MOV,GOOD,signer00,val,include
E:/datasets/INCLUDE/extracted/Adjectives/94. good/MVI_5159.MOV,GOOD,signer00,val,include
E:/datasets/INCLUDE/extracted/Adjectives/94. good/MVI_5160.MOV,GOOD,signer00,val,include
E:/datasets/INCLUDE/extracted/Adjectives/94. good/MVI_5238.MOV,GOOD,signer01,test,include
E:/datasets/INCLUDE/extracted/Adjectives/94. good/MVI_5239.MOV,GOOD,signer01,test,include
E:/datasets/INCLUDE/extracted/Adjectives/94. good/MVI_5240.MOV,GOOD,signer01,test,include
E:/datasets/INCLUDE/extracted/Adjectives/94. good/MVI_5316.MOV,GOOD,signer02,train,include
E:/datasets/INCLUDE/extracted/Adjectives/94. good/MVI_5317.MOV,GOOD,signer02,train,include
E:/datasets/INCLUDE/extracted/Adjectives/94. good/MVI_5318.MOV,GOOD,signer02,train,include
E:/datasets/INCLUDE/extracted/Adjectives/94. good/MVI_9268.MOV,GOOD,signer03,train,include
E:/datasets/INCLUDE/extracted/Adjectives/94. good/MVI_9269.MOV,GOOD,signer03,train,include
E:/datasets/INCLUDE/extracted/Adjectives/94. good/MVI_9270.MOV,GOOD,signer03,train,include
E:/datasets/INCLUDE/extracted/Adjectives/94. good/MVI_9349.MOV,GOOD,signer04,train,include
E:/datasets/INCLUDE/extracted/Adjectives/94. good/MVI_9350.MOV,GOOD,signer04,train,include
E:/datasets/INCLUDE/extracted/Adjectives/94. good/MVI_9351.MOV,GOOD,signer04,train,include
E:/datasets/INCLUDE/extracted/Adjectives/94. good/MVI_9430.MOV,GOOD,signer05,train,include
E:/datasets/INCLUDE/extracted/Adjectives/94. good/MVI_9431.MOV,GOOD,signer05,train,include
E:/datasets/INCLUDE/extracted/Adjectives/94. good/MVI_9432.MOV,GOOD,signer05,train,include
E:/datasets/INCLUDE/extracted/Adjectives/94. good/MVI_9510.MOV,GOOD,signer06,train,include
E:/datasets/INCLUDE/extracted/Adjectives/94. good/MVI_9511.MOV,GOOD,signer06,train,include
E:/datasets/INCLUDE/extracted/Adjectives/94. good/MVI_9512.MOV,GOOD,signer06,train,include
E:/datasets/INCLUDE/extracted/Adjectives/95. bad/MVI_5161.MOV,BAD,signer00,val,include
E:/datasets/INCLUDE/extracted/Adjectives/95. bad/MVI_5162.MOV,BAD,signer00,val,include
E:/datasets/INCLUDE/extracted/Adjectives/95. bad/MVI_5163.MOV,BAD,signer00,val,include
E:/datasets/INCLUDE/extracted/Adjectives/95. bad/MVI_5241.MOV,BAD,signer01,test,include
E:/datasets/INCLUDE/extracted/Adjectives/95. bad/MVI_5242.MOV,BAD,signer01,test,include
E:/datasets/INCLUDE/extracted/Adjectives/95. bad/MVI_5243.MOV,BAD,signer01,test,include
E:/datasets/INCLUDE/extracted/Adjectives/95. bad/MVI_5319.MOV,BAD,signer02,train,include
E:/datasets/INCLUDE/extracted/Adjectives/95. bad/MVI_5320.MOV,BAD,signer02,train,include
E:/datasets/INCLUDE/extracted/Adjectives/95. bad/MVI_5321.MOV,BAD,signer02,train,include
E:/datasets/INCLUDE/extracted/Adjectives/95. bad/MVI_9271.MOV,BAD,signer03,train,include
E:/datasets/INCLUDE/extracted/Adjectives/95. bad/MVI_9272.MOV,BAD,signer03,train,include
E:/datasets/INCLUDE/extracted/Adjectives/95. bad/MVI_9273.MOV,BAD,signer03,train,include
E:/datasets/INCLUDE/extracted/Adjectives/95. bad/MVI_9352.MOV,BAD,signer04,train,include
E:/datasets/INCLUDE/extracted/Adjectives/95. bad/MVI_9353.MOV,BAD,signer04,train,include
E:/datasets/INCLUDE/extracted/Adjectives/95. bad/MVI_9354.MOV,BAD,signer04,train,include
E:/datasets/INCLUDE/extracted/Adjectives/95. bad/MVI_9433.MOV,BAD,signer05,train,include
E:/datasets/INCLUDE/extracted/Adjectives/95. bad/MVI_9434.MOV,BAD,signer05,train,include
E:/datasets/INCLUDE/extracted/Adjectives/95. bad/MVI_9435.MOV,BAD,signer05,train,include
E:/datasets/INCLUDE/extracted/Adjectives/95. bad/MVI_9513.MOV,BAD,signer06,train,include
E:/datasets/INCLUDE/extracted/Adjectives/95. bad/MVI_9514.MOV,BAD,signer06,train,include
E:/datasets/INCLUDE/extracted/Adjectives/95. bad/MVI_9516.MOV,BAD,signer06,train,include
E:/datasets/INCLUDE/extracted/Adjectives/96. wet/MVI_5164.MOV,WET,signer00,val,include
E:/datasets/INCLUDE/extracted/Adjectives/96. wet/MVI_5165.MOV,WET,signer00,val,include
E:/datasets/INCLUDE/extracted/Adjectives/96. wet/MVI_5166.MOV,WET,signer00,val,include
E:/datasets/INCLUDE/extracted/Adjectives/96. wet/MVI_5244.MOV,WET,signer01,test,include
E:/datasets/INCLUDE/extracted/Adjectives/96. wet/MVI_5245.MOV,WET,signer01,test,include
E:/datasets/INCLUDE/extracted/Adjectives/96. wet/MVI_5246.MOV,WET,signer01,test,include
E:/datasets/INCLUDE/extracted/Adjectives/96. wet/MVI_5322.MOV,WET,signer02,train,include
E:/datasets/INCLUDE/extracted/Adjectives/96. wet/MVI_5323.MOV,WET,signer02,train,include
E:/datasets/INCLUDE/extracted/Adjectives/96. wet/MVI_5324.MOV,WET,signer02,train,include
E:/datasets/INCLUDE/extracted/Adjectives/96. wet/MVI_9274.MOV,WET,signer03,train,include
E:/datasets/INCLUDE/extracted/Adjectives/96. wet/MVI_9275.MOV,WET,signer03,train,include
E:/datasets/INCLUDE/extracted/Adjectives/96. wet/MVI_9276.MOV,WET,signer03,train,include
E:/datasets/INCLUDE/extracted/Adjectives/96. wet/MVI_9355.MOV,WET,signer04,train,include
E:/datasets/INCLUDE/extracted/Adjectives/96. wet/MVI_9356.MOV,WET,signer04,train,include
E:/datasets/INCLUDE/extracted/Adjectives/96. wet/MVI_9357.MOV,WET,signer04,train,include
E:/datasets/INCLUDE/extracted/Adjectives/96. wet/MVI_9436.MOV,WET,signer05,train,include
E:/datasets/INCLUDE/extracted/Adjectives/96. wet/MVI_9437.MOV,WET,signer05,train,include
E:/datasets/INCLUDE/extracted/Adjectives/96. wet/MVI_9438.MOV,WET,signer05,train,include
E:/datasets/INCLUDE/extracted/Adjectives/96. wet/MVI_9517.MOV,WET,signer06,train,include
E:/datasets/INCLUDE/extracted/Adjectives/96. wet/MVI_9518.MOV,WET,signer06,train,include
E:/datasets/INCLUDE/extracted/Adjectives/96. wet/MVI_9520.MOV,WET,signer06,train,include
E:/datasets/INCLUDE/extracted/Adjectives/97. dry/MVI_5167.MOV,DRY,signer00,val,include
E:/datasets/INCLUDE/extracted/Adjectives/97. dry/MVI_5168.MOV,DRY,signer00,val,include
E:/datasets/INCLUDE/extracted/Adjectives/97. dry/MVI_5169.MOV,DRY,signer00,val,include
E:/datasets/INCLUDE/extracted/Adjectives/97. dry/MVI_5248.MOV,DRY,signer01,test,include
E:/datasets/INCLUDE/extracted/Adjectives/97. dry/MVI_5249.MOV,DRY,signer01,test,include
E:/datasets/INCLUDE/extracted/Adjectives/97. dry/MVI_5250.MOV,DRY,signer01,test,include
E:/datasets/INCLUDE/extracted/Adjectives/97. dry/MVI_5326.MOV,DRY,signer02,train,include
E:/datasets/INCLUDE/extracted/Adjectives/97. dry/MVI_5327.MOV,DRY,signer02,train,include
E:/datasets/INCLUDE/extracted/Adjectives/97. dry/MVI_5328.MOV,DRY,signer02,train,include
E:/datasets/INCLUDE/extracted/Adjectives/97. dry/MVI_9277.MOV,DRY,signer03,train,include
E:/datasets/INCLUDE/extracted/Adjectives/97. dry/MVI_9278.MOV,DRY,signer03,train,include
E:/datasets/INCLUDE/extracted/Adjectives/97. dry/MVI_9279.MOV,DRY,signer03,train,include
E:/datasets/INCLUDE/extracted/Adjectives/97. dry/MVI_9359.MOV,DRY,signer04,train,include
E:/datasets/INCLUDE/extracted/Adjectives/97. dry/MVI_9360.MOV,DRY,signer04,train,include
E:/datasets/INCLUDE/extracted/Adjectives/97. dry/MVI_9361.MOV,DRY,signer04,train,include
E:/datasets/INCLUDE/extracted/Adjectives/97. dry/MVI_9439.MOV,DRY,signer05,train,include
E:/datasets/INCLUDE/extracted/Adjectives/97. dry/MVI_9440.MOV,DRY,signer05,train,include
E:/datasets/INCLUDE/extracted/Adjectives/97. dry/MVI_9441.MOV,DRY,signer05,train,include
E:/datasets/INCLUDE/extracted/Adjectives/97. dry/MVI_9521.MOV,DRY,signer06,train,include
E:/datasets/INCLUDE/extracted/Adjectives/97. dry/MVI_9522.MOV,DRY,signer06,train,include
E:/datasets/INCLUDE/extracted/Adjectives/97. dry/MVI_9523.MOV,DRY,signer06,train,include
E:/datasets/INCLUDE/extracted/Adjectives/98. sick/MVI_5170.MOV,SICK,signer00,val,include
E:/datasets/INCLUDE/extracted/Adjectives/98. sick/MVI_5171.MOV,SICK,signer00,val,include
E:/datasets/INCLUDE/extracted/Adjectives/98. sick/MVI_5172.MOV,SICK,signer00,val,include
E:/datasets/INCLUDE/extracted/Adjectives/98. sick/MVI_5251.MOV,SICK,signer01,test,include
E:/datasets/INCLUDE/extracted/Adjectives/98. sick/MVI_5252.MOV,SICK,signer01,test,include
E:/datasets/INCLUDE/extracted/Adjectives/98. sick/MVI_5253.MOV,SICK,signer01,test,include
E:/datasets/INCLUDE/extracted/Adjectives/98. sick/MVI_5329.MOV,SICK,signer02,train,include
E:/datasets/INCLUDE/extracted/Adjectives/98. sick/MVI_5330.MOV,SICK,signer02,train,include
E:/datasets/INCLUDE/extracted/Adjectives/98. sick/MVI_5331.MOV,SICK,signer02,train,include
E:/datasets/INCLUDE/extracted/Adjectives/98. sick/MVI_9280.MOV,SICK,signer03,train,include
E:/datasets/INCLUDE/extracted/Adjectives/98. sick/MVI_9281.MOV,SICK,signer03,train,include
E:/datasets/INCLUDE/extracted/Adjectives/98. sick/MVI_9282.MOV,SICK,signer03,train,include
E:/datasets/INCLUDE/extracted/Adjectives/98. sick/MVI_9362.MOV,SICK,signer04,train,include
E:/datasets/INCLUDE/extracted/Adjectives/98. sick/MVI_9363.MOV,SICK,signer04,train,include
E:/datasets/INCLUDE/extracted/Adjectives/98. sick/MVI_9364.MOV,SICK,signer04,train,include
E:/datasets/INCLUDE/extracted/Adjectives/98. sick/MVI_9442.MOV,SICK,signer05,train,include
E:/datasets/INCLUDE/extracted/Adjectives/98. sick/MVI_9443.MOV,SICK,signer05,train,include
E:/datasets/INCLUDE/extracted/Adjectives/98. sick/MVI_9444.MOV,SICK,signer05,train,include
E:/datasets/INCLUDE/extracted/Adjectives/98. sick/MVI_9527.MOV,SICK,signer06,train,include
E:/datasets/INCLUDE/extracted/Adjectives/98. sick/MVI_9528.MOV,SICK,signer06,train,include
E:/datasets/INCLUDE/extracted/Adjectives/98. sick/MVI_9529.MOV,SICK,signer06,train,include
E:/datasets/INCLUDE/extracted/Adjectives/99. healthy/MVI_5173.MOV,HEALTHY,signer00,val,include
E:/datasets/INCLUDE/extracted/Adjectives/99. healthy/MVI_5174.MOV,HEALTHY,signer00,val,include
E:/datasets/INCLUDE/extracted/Adjectives/99. healthy/MVI_5175.MOV,HEALTHY,signer00,val,include
E:/datasets/INCLUDE/extracted/Adjectives/99. healthy/MVI_5254.MOV,HEALTHY,signer01,test,include
E:/datasets/INCLUDE/extracted/Adjectives/99. healthy/MVI_5255.MOV,HEALTHY,signer01,test,include
E:/datasets/INCLUDE/extracted/Adjectives/99. healthy/MVI_5256.MOV,HEALTHY,signer01,test,include
E:/datasets/INCLUDE/extracted/Adjectives/99. healthy/MVI_5332.MOV,HEALTHY,signer02,train,include
E:/datasets/INCLUDE/extracted/Adjectives/99. healthy/MVI_5333.MOV,HEALTHY,signer02,train,include
E:/datasets/INCLUDE/extracted/Adjectives/99. healthy/MVI_5334.MOV,HEALTHY,signer02,train,include
E:/datasets/INCLUDE/extracted/Adjectives/99. healthy/MVI_9286.MOV,HEALTHY,signer03,train,include
E:/datasets/INCLUDE/extracted/Adjectives/99. healthy/MVI_9287.MOV,HEALTHY,signer03,train,include
E:/datasets/INCLUDE/extracted/Adjectives/99. healthy/MVI_9288.MOV,HEALTHY,signer03,train,include
E:/datasets/INCLUDE/extracted/Adjectives/99. healthy/MVI_9365.MOV,HEALTHY,signer04,train,include
E:/datasets/INCLUDE/extracted/Adjectives/99. healthy/MVI_9366.MOV,HEALTHY,signer04,train,include
E:/datasets/INCLUDE/extracted/Adjectives/99. healthy/MVI_9367.MOV,HEALTHY,signer04,train,include
E:/datasets/INCLUDE/extracted/Adjectives/99. healthy/MVI_9445.MOV,HEALTHY,signer05,train,include
E:/datasets/INCLUDE/extracted/Adjectives/99. healthy/MVI_9446.MOV,HEALTHY,signer05,train,include
E:/datasets/INCLUDE/extracted/Adjectives/99. healthy/MVI_9447.MOV,HEALTHY,signer05,train,include
E:/datasets/INCLUDE/extracted/Adjectives/99. healthy/MVI_9530.MOV,HEALTHY,signer06,train,include
E:/datasets/INCLUDE/extracted/Adjectives/99. healthy/MVI_9531.MOV,HEALTHY,signer06,train,include
E:/datasets/INCLUDE/extracted/Adjectives/99. healthy/MVI_9532.MOV,HEALTHY,signer06,train,include
E:/datasets/INCLUDE/extracted/Animals/1. Dog/MVI_2978.MOV,DOG,signer00,val,include
E:/datasets/INCLUDE/extracted/Animals/1. Dog/MVI_2979.MOV,DOG,signer00,val,include
E:/datasets/INCLUDE/extracted/Animals/1. Dog/MVI_2980.MOV,DOG,signer00,val,include
E:/datasets/INCLUDE/extracted/Animals/1. Dog/MVI_3002.MOV,DOG,signer01,test,include
E:/datasets/INCLUDE/extracted/Animals/1. Dog/MVI_3003.MOV,DOG,signer01,test,include
E:/datasets/INCLUDE/extracted/Animals/1. Dog/MVI_3004.MOV,DOG,signer01,test,include
E:/datasets/INCLUDE/extracted/Animals/1. Dog/MVI_3028.MOV,DOG,signer02,train,include
E:/datasets/INCLUDE/extracted/Animals/1. Dog/MVI_3029.MOV,DOG,signer02,train,include
E:/datasets/INCLUDE/extracted/Animals/1. Dog/MVI_3030.MOV,DOG,signer02,train,include
E:/datasets/INCLUDE/extracted/Animals/1. Dog/MVI_3059.MOV,DOG,signer03,train,include
E:/datasets/INCLUDE/extracted/Animals/1. Dog/MVI_3060.MOV,DOG,signer03,train,include
E:/datasets/INCLUDE/extracted/Animals/1. Dog/MVI_3061.MOV,DOG,signer03,train,include
E:/datasets/INCLUDE/extracted/Animals/1. Dog/MVI_3085.MOV,DOG,signer04,train,include
E:/datasets/INCLUDE/extracted/Animals/1. Dog/MVI_3086.MOV,DOG,signer04,train,include
E:/datasets/INCLUDE/extracted/Animals/1. Dog/MVI_3087.MOV,DOG,signer04,train,include
E:/datasets/INCLUDE/extracted/Animals/1. Dog/MVI_4146.MOV,DOG,signer05,train,include
E:/datasets/INCLUDE/extracted/Animals/1. Dog/MVI_4147.MOV,DOG,signer05,train,include
E:/datasets/INCLUDE/extracted/Animals/1. Dog/MVI_4148.MOV,DOG,signer05,train,include
E:/datasets/INCLUDE/extracted/Animals/1. Dog/MVI_8560.MP4,DOG,signer06,train,include
E:/datasets/INCLUDE/extracted/Animals/1. Dog/MVI_8561.MP4,DOG,signer06,train,include
E:/datasets/INCLUDE/extracted/Animals/2. Cat/MVI_2981.MOV,CAT,signer00,val,include
E:/datasets/INCLUDE/extracted/Animals/2. Cat/MVI_2982.MOV,CAT,signer00,val,include
E:/datasets/INCLUDE/extracted/Animals/2. Cat/MVI_2983.MOV,CAT,signer00,val,include
E:/datasets/INCLUDE/extracted/Animals/2. Cat/MVI_3005.MOV,CAT,signer01,test,include
E:/datasets/INCLUDE/extracted/Animals/2. Cat/MVI_3006.MOV,CAT,signer01,test,include
E:/datasets/INCLUDE/extracted/Animals/2. Cat/MVI_3007.MOV,CAT,signer01,test,include
E:/datasets/INCLUDE/extracted/Animals/2. Cat/MVI_3031.MOV,CAT,signer02,train,include
E:/datasets/INCLUDE/extracted/Animals/2. Cat/MVI_3032.MOV,CAT,signer02,train,include
E:/datasets/INCLUDE/extracted/Animals/2. Cat/MVI_3033.MOV,CAT,signer02,train,include
E:/datasets/INCLUDE/extracted/Animals/2. Cat/MVI_3063.MOV,CAT,signer03,train,include
E:/datasets/INCLUDE/extracted/Animals/2. Cat/MVI_3064.MOV,CAT,signer03,train,include
E:/datasets/INCLUDE/extracted/Animals/2. Cat/MVI_3065.MOV,CAT,signer03,train,include
E:/datasets/INCLUDE/extracted/Animals/2. Cat/MVI_3088.MOV,CAT,signer04,train,include
E:/datasets/INCLUDE/extracted/Animals/2. Cat/MVI_3089.MOV,CAT,signer04,train,include
E:/datasets/INCLUDE/extracted/Animals/2. Cat/MVI_3090.MOV,CAT,signer04,train,include
E:/datasets/INCLUDE/extracted/Animals/2. Cat/MVI_4149.MOV,CAT,signer05,train,include
E:/datasets/INCLUDE/extracted/Animals/2. Cat/MVI_4150.MOV,CAT,signer05,train,include
E:/datasets/INCLUDE/extracted/Animals/2. Cat/MVI_4151.MOV,CAT,signer05,train,include
E:/datasets/INCLUDE/extracted/Animals/2. Cat/MVI_8562.MP4,CAT,signer06,train,include
E:/datasets/INCLUDE/extracted/Animals/2. Cat/MVI_8563.MP4,CAT,signer06,train,include
E:/datasets/INCLUDE/extracted/Animals/3. Fish/MVI_2984.MOV,FISH,signer00,val,include
E:/datasets/INCLUDE/extracted/Animals/3. Fish/MVI_2985.MOV,FISH,signer00,val,include
E:/datasets/INCLUDE/extracted/Animals/3. Fish/MVI_2986.MOV,FISH,signer00,val,include
E:/datasets/INCLUDE/extracted/Animals/3. Fish/MVI_3008.MOV,FISH,signer01,test,include
E:/datasets/INCLUDE/extracted/Animals/3. Fish/MVI_3009.MOV,FISH,signer01,test,include
E:/datasets/INCLUDE/extracted/Animals/3. Fish/MVI_3010.MOV,FISH,signer01,test,include
E:/datasets/INCLUDE/extracted/Animals/3. Fish/MVI_3034.MOV,FISH,signer02,train,include
E:/datasets/INCLUDE/extracted/Animals/3. Fish/MVI_3035.MOV,FISH,signer02,train,include
E:/datasets/INCLUDE/extracted/Animals/3. Fish/MVI_3036.MOV,FISH,signer02,train,include
E:/datasets/INCLUDE/extracted/Animals/3. Fish/MVI_3067.MOV,FISH,signer03,train,include
E:/datasets/INCLUDE/extracted/Animals/3. Fish/MVI_3068.MOV,FISH,signer03,train,include
E:/datasets/INCLUDE/extracted/Animals/3. Fish/MVI_3069.MOV,FISH,signer03,train,include
E:/datasets/INCLUDE/extracted/Animals/3. Fish/MVI_3091.MOV,FISH,signer04,train,include
E:/datasets/INCLUDE/extracted/Animals/3. Fish/MVI_3092.MOV,FISH,signer04,train,include
E:/datasets/INCLUDE/extracted/Animals/3. Fish/MVI_3093.MOV,FISH,signer04,train,include
E:/datasets/INCLUDE/extracted/Animals/3. Fish/MVI_4152.MOV,FISH,signer05,train,include
E:/datasets/INCLUDE/extracted/Animals/3. Fish/MVI_4153.MOV,FISH,signer05,train,include
E:/datasets/INCLUDE/extracted/Animals/3. Fish/MVI_4154.MOV,FISH,signer05,train,include
E:/datasets/INCLUDE/extracted/Animals/3. Fish/MVI_8565.MP4,FISH,signer06,train,include
E:/datasets/INCLUDE/extracted/Animals/3. Fish/MVI_8566.MP4,FISH,signer06,train,include
E:/datasets/INCLUDE/extracted/Animals/4. Bird/MVI_2987.MOV,BIRD,signer00,val,include
E:/datasets/INCLUDE/extracted/Animals/4. Bird/MVI_2988.MOV,BIRD,signer00,val,include
E:/datasets/INCLUDE/extracted/Animals/4. Bird/MVI_2989.MOV,BIRD,signer00,val,include
E:/datasets/INCLUDE/extracted/Animals/4. Bird/MVI_3011.MOV,BIRD,signer01,test,include
E:/datasets/INCLUDE/extracted/Animals/4. Bird/MVI_3012.MOV,BIRD,signer01,test,include
E:/datasets/INCLUDE/extracted/Animals/4. Bird/MVI_3013.MOV,BIRD,signer01,test,include
E:/datasets/INCLUDE/extracted/Animals/4. Bird/MVI_3037.MOV,BIRD,signer02,train,include
E:/datasets/INCLUDE/extracted/Animals/4. Bird/MVI_3038.MOV,BIRD,signer02,train,include
E:/datasets/INCLUDE/extracted/Animals/4. Bird/MVI_3040.MOV,BIRD,signer02,train,include
E:/datasets/INCLUDE/extracted/Animals/4. Bird/MVI_3070.MOV,BIRD,signer03,train,include
E:/datasets/INCLUDE/extracted/Animals/4. Bird/MVI_3071.MOV,BIRD,signer03,train,include
E:/datasets/INCLUDE/extracted/Animals/4. Bird/MVI_3072.MOV,BIRD,signer03,train,include
E:/datasets/INCLUDE/extracted/Animals/4. Bird/MVI_3094.MOV,BIRD,signer04,train,include
E:/datasets/INCLUDE/extracted/Animals/4. Bird/MVI_3095.MOV,BIRD,signer04,train,include
E:/datasets/INCLUDE/extracted/Animals/4. Bird/MVI_3096.MOV,BIRD,signer04,train,include
E:/datasets/INCLUDE/extracted/Animals/4. Bird/MVI_4155.MOV,BIRD,signer05,train,include
E:/datasets/INCLUDE/extracted/Animals/4. Bird/MVI_4156.MOV,BIRD,signer05,train,include
E:/datasets/INCLUDE/extracted/Animals/4. Bird/MVI_4157.MOV,BIRD,signer05,train,include
E:/datasets/INCLUDE/extracted/Animals/4. Bird/MVI_8567.MP4,BIRD,signer06,train,include
E:/datasets/INCLUDE/extracted/Animals/4. Bird/MVI_8568.MP4,BIRD,signer06,train,include
E:/datasets/INCLUDE/extracted/Animals/4. Bird/Extra/MVI_3041.MOV,EXTRA,signer00,val,include
E:/datasets/INCLUDE/extracted/Animals/4. Bird/Extra/MVI_3042.MOV,EXTRA,signer00,val,include
E:/datasets/INCLUDE/extracted/Animals/4. Bird/Extra/MVI_3043.MOV,EXTRA,signer00,val,include
E:/datasets/INCLUDE/extracted/Animals/4. Bird/Extra/MVI_3044.MOV,EXTRA,signer00,val,include
E:/datasets/INCLUDE/extracted/Animals/4. Bird/Extra/MVI_3045.MOV,EXTRA,signer00,val,include
E:/datasets/INCLUDE/extracted/Animals/5. Cow/MVI_2990.MOV,COW,signer00,val,include
E:/datasets/INCLUDE/extracted/Animals/5. Cow/MVI_2991.MOV,COW,signer00,val,include
E:/datasets/INCLUDE/extracted/Animals/5. Cow/MVI_2992.MOV,COW,signer00,val,include
E:/datasets/INCLUDE/extracted/Animals/5. Cow/MVI_3015.MOV,COW,signer01,test,include
E:/datasets/INCLUDE/extracted/Animals/5. Cow/MVI_3016.MOV,COW,signer01,test,include
E:/datasets/INCLUDE/extracted/Animals/5. Cow/MVI_3017.MOV,COW,signer01,test,include
E:/datasets/INCLUDE/extracted/Animals/5. Cow/MVI_3046.MOV,COW,signer02,train,include
E:/datasets/INCLUDE/extracted/Animals/5. Cow/MVI_3047.MOV,COW,signer02,train,include
E:/datasets/INCLUDE/extracted/Animals/5. Cow/MVI_3048.MOV,COW,signer02,train,include
E:/datasets/INCLUDE/extracted/Animals/5. Cow/MVI_3049.MOV,COW,signer02,train,include
E:/datasets/INCLUDE/extracted/Animals/5. Cow/MVI_3073.MOV,COW,signer03,train,include
E:/datasets/INCLUDE/extracted/Animals/5. Cow/MVI_3074.MOV,COW,signer03,train,include
E:/datasets/INCLUDE/extracted/Animals/5. Cow/MVI_3075.MOV,COW,signer03,train,include
E:/datasets/INCLUDE/extracted/Animals/5. Cow/MVI_3097.MOV,COW,signer04,train,include
E:/datasets/INCLUDE/extracted/Animals/5. Cow/MVI_3098.MOV,COW,signer04,train,include
E:/datasets/INCLUDE/extracted/Animals/5. Cow/MVI_3099.MOV,COW,signer04,train,include
E:/datasets/INCLUDE/extracted/Animals/5. Cow/MVI_4158.MOV,COW,signer05,train,include
E:/datasets/INCLUDE/extracted/Animals/5. Cow/MVI_4159.MOV,COW,signer05,train,include
E:/datasets/INCLUDE/extracted/Animals/5. Cow/MVI_4160.MOV,COW,signer05,train,include
E:/datasets/INCLUDE/extracted/Animals/5. Cow/MVI_8569.MP4,COW,signer06,train,include
E:/datasets/INCLUDE/extracted/Animals/5. Cow/MVI_8570.MP4,COW,signer06,train,include
E:/datasets/INCLUDE/extracted/Animals/6. Mouse/MVI_2993.MOV,MOUSE,signer00,val,include
E:/datasets/INCLUDE/extracted/Animals/6. Mouse/MVI_2994.MOV,MOUSE,signer00,val,include
E:/datasets/INCLUDE/extracted/Animals/6. Mouse/MVI_2995.MOV,MOUSE,signer00,val,include
E:/datasets/INCLUDE/extracted/Animals/6. Mouse/MVI_3018.MOV,MOUSE,signer01,test,include
E:/datasets/INCLUDE/extracted/Animals/6. Mouse/MVI_3019.MOV,MOUSE,signer01,test,include
E:/datasets/INCLUDE/extracted/Animals/6. Mouse/MVI_3020.MOV,MOUSE,signer01,test,include
E:/datasets/INCLUDE/extracted/Animals/6. Mouse/MVI_3050.MOV,MOUSE,signer02,train,include
E:/datasets/INCLUDE/extracted/Animals/6. Mouse/MVI_3051.MOV,MOUSE,signer02,train,include
E:/datasets/INCLUDE/extracted/Animals/6. Mouse/MVI_3052.MOV,MOUSE,signer02,train,include
E:/datasets/INCLUDE/extracted/Animals/6. Mouse/MVI_3076.MOV,MOUSE,signer03,train,include
E:/datasets/INCLUDE/extracted/Animals/6. Mouse/MVI_3077.MOV,MOUSE,signer03,train,include
E:/datasets/INCLUDE/extracted/Animals/6. Mouse/MVI_3078.MOV,MOUSE,signer03,train,include
E:/datasets/INCLUDE/extracted/Animals/6. Mouse/MVI_3100.MOV,MOUSE,signer04,train,include
E:/datasets/INCLUDE/extracted/Animals/6. Mouse/MVI_3101.MOV,MOUSE,signer04,train,include
E:/datasets/INCLUDE/extracted/Animals/6. Mouse/MVI_3102.MOV,MOUSE,signer04,train,include
E:/datasets/INCLUDE/extracted/Animals/6. Mouse/MVI_4161.MOV,MOUSE,signer05,train,include
E:/datasets/INCLUDE/extracted/Animals/6. Mouse/MVI_4162.MOV,MOUSE,signer05,train,include
E:/datasets/INCLUDE/extracted/Animals/6. Mouse/MVI_4163.MOV,MOUSE,signer05,train,include
E:/datasets/INCLUDE/extracted/Animals/6. Mouse/MVI_8571.MP4,MOUSE,signer06,train,include
E:/datasets/INCLUDE/extracted/Animals/6. Mouse/MVI_8572.MP4,MOUSE,signer06,train,include
E:/datasets/INCLUDE/extracted/Animals/7. Horse/MVI_2996.MOV,HORSE,signer00,val,include
E:/datasets/INCLUDE/extracted/Animals/7. Horse/MVI_2997.MOV,HORSE,signer00,val,include
E:/datasets/INCLUDE/extracted/Animals/7. Horse/MVI_2998.MOV,HORSE,signer00,val,include
E:/datasets/INCLUDE/extracted/Animals/7. Horse/MVI_3021.MOV,HORSE,signer01,test,include
E:/datasets/INCLUDE/extracted/Animals/7. Horse/MVI_3022.MOV,HORSE,signer01,test,include
E:/datasets/INCLUDE/extracted/Animals/7. Horse/MVI_3023.MOV,HORSE,signer01,test,include
E:/datasets/INCLUDE/extracted/Animals/7. Horse/MVI_3053.MOV,HORSE,signer02,train,include
E:/datasets/INCLUDE/extracted/Animals/7. Horse/MVI_3054.MOV,HORSE,signer02,train,include
E:/datasets/INCLUDE/extracted/Animals/7. Horse/MVI_3055.MOV,HORSE,signer02,train,include
E:/datasets/INCLUDE/extracted/Animals/7. Horse/MVI_3079.MOV,HORSE,signer03,train,include
E:/datasets/INCLUDE/extracted/Animals/7. Horse/MVI_3080.MOV,HORSE,signer03,train,include
E:/datasets/INCLUDE/extracted/Animals/7. Horse/MVI_3081.MOV,HORSE,signer03,train,include
E:/datasets/INCLUDE/extracted/Animals/7. Horse/MVI_3103.MOV,HORSE,signer04,train,include
E:/datasets/INCLUDE/extracted/Animals/7. Horse/MVI_3104.MOV,HORSE,signer04,train,include
E:/datasets/INCLUDE/extracted/Animals/7. Horse/MVI_3105.MOV,HORSE,signer04,train,include
E:/datasets/INCLUDE/extracted/Animals/7. Horse/MVI_4164.MOV,HORSE,signer05,train,include
E:/datasets/INCLUDE/extracted/Animals/7. Horse/MVI_4165.MOV,HORSE,signer05,train,include
E:/datasets/INCLUDE/extracted/Animals/7. Horse/MVI_4166.MOV,HORSE,signer05,train,include
E:/datasets/INCLUDE/extracted/Animals/7. Horse/MVI_8574.MP4,HORSE,signer06,train,include
E:/datasets/INCLUDE/extracted/Animals/7. Horse/MVI_8575.MP4,HORSE,signer06,train,include
E:/datasets/INCLUDE/extracted/Animals/8. Animal/MVI_2999.MOV,ANIMAL,signer00,val,include
E:/datasets/INCLUDE/extracted/Animals/8. Animal/MVI_3000.MOV,ANIMAL,signer00,val,include
E:/datasets/INCLUDE/extracted/Animals/8. Animal/MVI_3001.MOV,ANIMAL,signer00,val,include
E:/datasets/INCLUDE/extracted/Animals/8. Animal/MVI_3025.MOV,ANIMAL,signer01,test,include
E:/datasets/INCLUDE/extracted/Animals/8. Animal/MVI_3026.MOV,ANIMAL,signer01,test,include
E:/datasets/INCLUDE/extracted/Animals/8. Animal/MVI_3027.MOV,ANIMAL,signer01,test,include
E:/datasets/INCLUDE/extracted/Animals/8. Animal/MVI_3056.MOV,ANIMAL,signer02,train,include
E:/datasets/INCLUDE/extracted/Animals/8. Animal/MVI_3057.MOV,ANIMAL,signer02,train,include
E:/datasets/INCLUDE/extracted/Animals/8. Animal/MVI_3058.MOV,ANIMAL,signer02,train,include
E:/datasets/INCLUDE/extracted/Animals/8. Animal/MVI_3082.MOV,ANIMAL,signer03,train,include
E:/datasets/INCLUDE/extracted/Animals/8. Animal/MVI_3083.MOV,ANIMAL,signer03,train,include
E:/datasets/INCLUDE/extracted/Animals/8. Animal/MVI_3084.MOV,ANIMAL,signer03,train,include
E:/datasets/INCLUDE/extracted/Animals/8. Animal/MVI_3107.MOV,ANIMAL,signer04,train,include
E:/datasets/INCLUDE/extracted/Animals/8. Animal/MVI_3108.MOV,ANIMAL,signer04,train,include
E:/datasets/INCLUDE/extracted/Animals/8. Animal/MVI_3109.MOV,ANIMAL,signer04,train,include
E:/datasets/INCLUDE/extracted/Animals/8. Animal/MVI_4167.MOV,ANIMAL,signer05,train,include
E:/datasets/INCLUDE/extracted/Animals/8. Animal/MVI_4168.MOV,ANIMAL,signer05,train,include
E:/datasets/INCLUDE/extracted/Animals/8. Animal/MVI_4169.MOV,ANIMAL,signer05,train,include
E:/datasets/INCLUDE/extracted/Animals/8. Animal/MVI_8576.MP4,ANIMAL,signer06,train,include
E:/datasets/INCLUDE/extracted/Animals/8. Animal/MVI_8577.MP4,ANIMAL,signer06,train,include
E:/datasets/INCLUDE/extracted/Clothes/37. Hat/MVI_3688.MOV,HAT,signer00,val,include
E:/datasets/INCLUDE/extracted/Clothes/37. Hat/MVI_3690.MOV,HAT,signer00,val,include
E:/datasets/INCLUDE/extracted/Clothes/37. Hat/MVI_3691.MOV,HAT,signer00,val,include
E:/datasets/INCLUDE/extracted/Clothes/37. Hat/MVI_3835.MOV,HAT,signer01,test,include
E:/datasets/INCLUDE/extracted/Clothes/37. Hat/MVI_3836.MOV,HAT,signer01,test,include
E:/datasets/INCLUDE/extracted/Clothes/37. Hat/MVI_3837.MOV,HAT,signer01,test,include
E:/datasets/INCLUDE/extracted/Clothes/37. Hat/MVI_3984.MOV,HAT,signer02,train,include
E:/datasets/INCLUDE/extracted/Clothes/37. Hat/MVI_3985.MOV,HAT,signer02,train,include
E:/datasets/INCLUDE/extracted/Clothes/37. Hat/MVI_3986.MOV,HAT,signer02,train,include
E:/datasets/INCLUDE/extracted/Clothes/37. Hat/MVI_4197.MOV,HAT,signer03,train,include
E:/datasets/INCLUDE/extracted/Clothes/37. Hat/MVI_4865.MOV,HAT,signer04,train,include
E:/datasets/INCLUDE/extracted/Clothes/37. Hat/MVI_4866.MOV,HAT,signer04,train,include
E:/datasets/INCLUDE/extracted/Clothes/37. Hat/MVI_4867.MOV,HAT,signer04,train,include
E:/datasets/INCLUDE/extracted/Clothes/37. Hat/MVI_5006.MOV,HAT,signer05,train,include
E:/datasets/INCLUDE/extracted/Clothes/37. Hat/MVI_5007.MOV,HAT,signer05,train,include
E:/datasets/INCLUDE/extracted/Clothes/37. Hat/MVI_5008.MOV,HAT,signer05,train,include
E:/datasets/INCLUDE/extracted/Clothes/37. Hat/MVI_5154.MOV,HAT,signer06,train,include
E:/datasets/INCLUDE/extracted/Clothes/37. Hat/MVI_5155.MOV,HAT,signer06,train,include
E:/datasets/INCLUDE/extracted/Clothes/37. Hat/MVI_5156.MOV,HAT,signer06,train,include
E:/datasets/INCLUDE/extracted/Clothes/37. Hat/MVI_8600.MP4,HAT,signer07,train,include
E:/datasets/INCLUDE/extracted/Clothes/38. Dress/MVI_3693.MOV,DRESS,signer00,val,include
E:/datasets/INCLUDE/extracted/Clothes/38. Dress/MVI_3694.MOV,DRESS,signer00,val,include
E:/datasets/INCLUDE/extracted/Clothes/38. Dress/MVI_3696.MOV,DRESS,signer00,val,include
E:/datasets/INCLUDE/extracted/Clothes/38. Dress/MVI_3838.MOV,DRESS,signer01,test,include
E:/datasets/INCLUDE/extracted/Clothes/38. Dress/MVI_3839.MOV,DRESS,signer01,test,include
E:/datasets/INCLUDE/extracted/Clothes/38. Dress/MVI_3840.MOV,DRESS,signer01,test,include
E:/datasets/INCLUDE/extracted/Clothes/38. Dress/MVI_3987.MOV,DRESS,signer02,train,include
E:/datasets/INCLUDE/extracted/Clothes/38. Dress/MVI_3988.MOV,DRESS,signer02,train,include
E:/datasets/INCLUDE/extracted/Clothes/38. Dress/MVI_3989.MOV,DRESS,signer02,train,include
E:/datasets/INCLUDE/extracted/Clothes/38. Dress/MVI_4198.MOV,DRESS,signer03,train,include
E:/datasets/INCLUDE/extracted/Clothes/38. Dress/MVI_4868.MOV,DRESS,signer04,train,include
E:/datasets/INCLUDE/extracted/Clothes/38. Dress/MVI_4869.MOV,DRESS,signer04,train,include
E:/datasets/INCLUDE/extracted/Clothes/38. Dress/MVI_4870.MOV,DRESS,signer04,train,include
E:/datasets/INCLUDE/extracted/Clothes/38. Dress/MVI_5009.MOV,DRESS,signer05,train,include
E:/datasets/INCLUDE/extracted/Clothes/38. Dress/MVI_5010.MOV,DRESS,signer05,train,include
E:/datasets/INCLUDE/extracted/Clothes/38. Dress/MVI_5011.MOV,DRESS,signer05,train,include
E:/datasets/INCLUDE/extracted/Clothes/38. Dress/MVI_5157.MOV,DRESS,signer06,train,include
E:/datasets/INCLUDE/extracted/Clothes/38. Dress/MVI_5158.MOV,DRESS,signer06,train,include
E:/datasets/INCLUDE/extracted/Clothes/38. Dress/MVI_5159.MOV,DRESS,signer06,train,include
E:/datasets/INCLUDE/extracted/Clothes/38. Dress/MVI_8601.MP4,DRESS,signer07,train,include
E:/datasets/INCLUDE/extracted/Clothes/39. Suit/MVI_3697.MOV,SUIT,signer00,val,include
E:/datasets/INCLUDE/extracted/Clothes/39. Suit/MVI_3698.MOV,SUIT,signer00,val,include
E:/datasets/INCLUDE/extracted/Clothes/39. Suit/MVI_3841.MOV,SUIT,signer01,test,include
E:/datasets/INCLUDE/extracted/Clothes/39. Suit/MVI_3842.MOV,SUIT,signer01,test,include
E:/datasets/INCLUDE/extracted/Clothes/39. Suit/MVI_3843.MOV,SUIT,signer01,test,include
E:/datasets/INCLUDE/extracted/Clothes/39. Suit/MVI_3990.MOV,SUIT,signer02,train,include
E:/datasets/INCLUDE/extracted/Clothes/39. Suit/MVI_3991.MOV,SUIT,signer02,train,include
E:/datasets/INCLUDE/extracted/Clothes/39. Suit/MVI_3992.MOV,SUIT,signer02,train,include
E:/datasets/INCLUDE/extracted/Clothes/39. Suit/MVI_4199.MOV,SUIT,signer03,train,include
E:/datasets/INCLUDE/extracted/Clothes/39. Suit/MVI_4871.MOV,SUIT,signer04,train,include
E:/datasets/INCLUDE/extracted/Clothes/39. Suit/MVI_4872.MOV,SUIT,signer04,train,include
E:/datasets/INCLUDE/extracted/Clothes/39. Suit/MVI_4873.MOV,SUIT,signer04,train,include
E:/datasets/INCLUDE/extracted/Clothes/39. Suit/MVI_5012.MOV,SUIT,signer05,train,include
E:/datasets/INCLUDE/extracted/Clothes/39. Suit/MVI_5013.MOV,SUIT,signer05,train,include
E:/datasets/INCLUDE/extracted/Clothes/39. Suit/MVI_5014.MOV,SUIT,signer05,train,include
E:/datasets/INCLUDE/extracted/Clothes/39. Suit/MVI_5160.MOV,SUIT,signer06,train,include
E:/datasets/INCLUDE/extracted/Clothes/39. Suit/MVI_5161.MOV,SUIT,signer06,train,include
E:/datasets/INCLUDE/extracted/Clothes/39. Suit/MVI_5162.MOV,SUIT,signer06,train,include
E:/datasets/INCLUDE/extracted/Clothes/39. Suit/MVI_8602.MP4,SUIT,signer07,train,include
E:/datasets/INCLUDE/extracted/Clothes/40. Skirt/MVI_3699.MOV,SKIRT,signer00,val,include
E:/datasets/INCLUDE/extracted/Clothes/40. Skirt/MVI_3700.MOV,SKIRT,signer00,val,include
E:/datasets/INCLUDE/extracted/Clothes/40. Skirt/MVI_3844.MOV,SKIRT,signer01,test,include
E:/datasets/INCLUDE/extracted/Clothes/40. Skirt/MVI_3845.MOV,SKIRT,signer01,test,include
E:/datasets/INCLUDE/extracted/Clothes/40. Skirt/MVI_3846.MOV,SKIRT,signer01,test,include
E:/datasets/INCLUDE/extracted/Clothes/40. Skirt/MVI_3996.MOV,SKIRT,signer02,train,include
E:/datasets/INCLUDE/extracted/Clothes/40. Skirt/MVI_3997.MOV,SKIRT,signer02,train,include
E:/datasets/INCLUDE/extracted/Clothes/40. Skirt/MVI_3998.MOV,SKIRT,signer02,train,include
E:/datasets/INCLUDE/extracted/Clothes/40. Skirt/MVI_4200.MOV,SKIRT,signer03,train,include
E:/datasets/INCLUDE/extracted/Clothes/40. Skirt/MVI_4874.MOV,SKIRT,signer04,train,include
E:/datasets/INCLUDE/extracted/Clothes/40. Skirt/MVI_4875.MOV,SKIRT,signer04,train,include
E:/datasets/INCLUDE/extracted/Clothes/40. Skirt/MVI_4876.MOV,SKIRT,signer04,train,include
E:/datasets/INCLUDE/extracted/Clothes/40. Skirt/MVI_5015.MOV,SKIRT,signer05,train,include
E:/datasets/INCLUDE/extracted/Clothes/40. Skirt/MVI_5016.MOV,SKIRT,signer05,train,include
E:/datasets/INCLUDE/extracted/Clothes/40. Skirt/MVI_5017.MOV,SKIRT,signer05,train,include
E:/datasets/INCLUDE/extracted/Clothes/40. Skirt/MVI_5163.MOV,SKIRT,signer06,train,include
E:/datasets/INCLUDE/extracted/Clothes/40. Skirt/MVI_5164.MOV,SKIRT,signer06,train,include
E:/datasets/INCLUDE/extracted/Clothes/40. Skirt/MVI_5165.MOV,SKIRT,signer06,train,include
E:/datasets/INCLUDE/extracted/Clothes/40. Skirt/MVI_8604.MP4,SKIRT,signer07,train,include
E:/datasets/INCLUDE/extracted/Clothes/41. Shirt/MVI_3701.MOV,SHIRT,signer00,val,include
E:/datasets/INCLUDE/extracted/Clothes/41. Shirt/MVI_3702.MOV,SHIRT,signer00,val,include
E:/datasets/INCLUDE/extracted/Clothes/41. Shirt/MVI_3703.MOV,SHIRT,signer00,val,include
E:/datasets/INCLUDE/extracted/Clothes/41. Shirt/MVI_3847.MOV,SHIRT,signer01,test,include
E:/datasets/INCLUDE/extracted/Clothes/41. Shirt/MVI_3848.MOV,SHIRT,signer01,test,include
E:/datasets/INCLUDE/extracted/Clothes/41. Shirt/MVI_3849.MOV,SHIRT,signer01,test,include
E:/datasets/INCLUDE/extracted/Clothes/41. Shirt/MVI_3999.MOV,SHIRT,signer02,train,include
E:/datasets/INCLUDE/extracted/Clothes/41. Shirt/MVI_4000.MOV,SHIRT,signer02,train,include
E:/datasets/INCLUDE/extracted/Clothes/41. Shirt/MVI_4001.MOV,SHIRT,signer02,train,include
E:/datasets/INCLUDE/extracted/Clothes/41. Shirt/MVI_4201.MOV,SHIRT,signer03,train,include
E:/datasets/INCLUDE/extracted/Clothes/41. Shirt/MVI_4877.MOV,SHIRT,signer04,train,include
E:/datasets/INCLUDE/extracted/Clothes/41. Shirt/MVI_4879.MOV,SHIRT,signer04,train,include
E:/datasets/INCLUDE/extracted/Clothes/41. Shirt/MVI_4880.MOV,SHIRT,signer04,train,include
E:/datasets/INCLUDE/extracted/Clothes/41. Shirt/MVI_5018.MOV,SHIRT,signer05,train,include
E:/datasets/INCLUDE/extracted/Clothes/41. Shirt/MVI_5019.MOV,SHIRT,signer05,train,include
E:/datasets/INCLUDE/extracted/Clothes/41. Shirt/MVI_5020.MOV,SHIRT,signer05,train,include
E:/datasets/INCLUDE/extracted/Clothes/41. Shirt/MVI_5166.MOV,SHIRT,signer06,train,include
E:/datasets/INCLUDE/extracted/Clothes/41. Shirt/MVI_5167.MOV,SHIRT,signer06,train,include
E:/datasets/INCLUDE/extracted/Clothes/41. Shirt/MVI_5168.MOV,SHIRT,signer06,train,include
E:/datasets/INCLUDE/extracted/Clothes/41. Shirt/MVI_8605.MP4,SHIRT,signer07,train,include
E:/datasets/INCLUDE/extracted/Clothes/42. T-Shirt/MVI_3704.MOV,T_SHIRT,signer00,val,include
E:/datasets/INCLUDE/extracted/Clothes/42. T-Shirt/MVI_3705.MOV,T_SHIRT,signer00,val,include
E:/datasets/INCLUDE/extracted/Clothes/42. T-Shirt/MVI_3706.MOV,T_SHIRT,signer00,val,include
E:/datasets/INCLUDE/extracted/Clothes/42. T-Shirt/MVI_3850.MOV,T_SHIRT,signer01,test,include
E:/datasets/INCLUDE/extracted/Clothes/42. T-Shirt/MVI_3851.MOV,T_SHIRT,signer01,test,include
E:/datasets/INCLUDE/extracted/Clothes/42. T-Shirt/MVI_3852.MOV,T_SHIRT,signer01,test,include
E:/datasets/INCLUDE/extracted/Clothes/42. T-Shirt/MVI_4002.MOV,T_SHIRT,signer02,train,include
E:/datasets/INCLUDE/extracted/Clothes/42. T-Shirt/MVI_4003.MOV,T_SHIRT,signer02,train,include
E:/datasets/INCLUDE/extracted/Clothes/42. T-Shirt/MVI_4004.MOV,T_SHIRT,signer02,train,include
E:/datasets/INCLUDE/extracted/Clothes/42. T-Shirt/MVI_4202.MOV,T_SHIRT,signer03,train,include
E:/datasets/INCLUDE/extracted/Clothes/42. T-Shirt/MVI_4881.MOV,T_SHIRT,signer04,train,include
E:/datasets/INCLUDE/extracted/Clothes/42. T-Shirt/MVI_4882.MOV,T_SHIRT,signer04,train,include
E:/datasets/INCLUDE/extracted/Clothes/42. T-Shirt/MVI_4883.MOV,T_SHIRT,signer04,train,include
E:/datasets/INCLUDE/extracted/Clothes/42. T-Shirt/MVI_5021.MOV,T_SHIRT,signer05,train,include
E:/datasets/INCLUDE/extracted/Clothes/42. T-Shirt/MVI_5022.MOV,T_SHIRT,signer05,train,include
E:/datasets/INCLUDE/extracted/Clothes/42. T-Shirt/MVI_5023.MOV,T_SHIRT,signer05,train,include
E:/datasets/INCLUDE/extracted/Clothes/42. T-Shirt/MVI_5169.MOV,T_SHIRT,signer06,train,include
E:/datasets/INCLUDE/extracted/Clothes/42. T-Shirt/MVI_5170.MOV,T_SHIRT,signer06,train,include
E:/datasets/INCLUDE/extracted/Clothes/42. T-Shirt/MVI_5171.MOV,T_SHIRT,signer06,train,include
E:/datasets/INCLUDE/extracted/Clothes/42. T-Shirt/MVI_8606.MP4,T_SHIRT,signer07,train,include
E:/datasets/INCLUDE/extracted/Clothes/43. Pant/MVI_3707.MOV,PANT,signer00,val,include
E:/datasets/INCLUDE/extracted/Clothes/43. Pant/MVI_3708.MOV,PANT,signer00,val,include
E:/datasets/INCLUDE/extracted/Clothes/43. Pant/MVI_3709.MOV,PANT,signer00,val,include
E:/datasets/INCLUDE/extracted/Clothes/43. Pant/MVI_3853.MOV,PANT,signer01,test,include
E:/datasets/INCLUDE/extracted/Clothes/43. Pant/MVI_3854.MOV,PANT,signer01,test,include
E:/datasets/INCLUDE/extracted/Clothes/43. Pant/MVI_3855.MOV,PANT,signer01,test,include
E:/datasets/INCLUDE/extracted/Clothes/43. Pant/MVI_4005.MOV,PANT,signer02,train,include
E:/datasets/INCLUDE/extracted/Clothes/43. Pant/MVI_4006.MOV,PANT,signer02,train,include
E:/datasets/INCLUDE/extracted/Clothes/43. Pant/MVI_4007.MOV,PANT,signer02,train,include
E:/datasets/INCLUDE/extracted/Clothes/43. Pant/MVI_4203.MOV,PANT,signer03,train,include
E:/datasets/INCLUDE/extracted/Clothes/43. Pant/MVI_4884.MOV,PANT,signer04,train,include
E:/datasets/INCLUDE/extracted/Clothes/43. Pant/MVI_4885.MOV,PANT,signer04,train,include
E:/datasets/INCLUDE/extracted/Clothes/43. Pant/MVI_4886.MOV,PANT,signer04,train,include
E:/datasets/INCLUDE/extracted/Clothes/43. Pant/MVI_5024.MOV,PANT,signer05,train,include
E:/datasets/INCLUDE/extracted/Clothes/43. Pant/MVI_5025.MOV,PANT,signer05,train,include
E:/datasets/INCLUDE/extracted/Clothes/43. Pant/MVI_5026.MOV,PANT,signer05,train,include
E:/datasets/INCLUDE/extracted/Clothes/43. Pant/MVI_5172.MOV,PANT,signer06,train,include
E:/datasets/INCLUDE/extracted/Clothes/43. Pant/MVI_5173.MOV,PANT,signer06,train,include
E:/datasets/INCLUDE/extracted/Clothes/43. Pant/MVI_5174.MOV,PANT,signer06,train,include
E:/datasets/INCLUDE/extracted/Clothes/43. Pant/MVI_8607.MP4,PANT,signer07,train,include
E:/datasets/INCLUDE/extracted/Clothes/44. Shoes/MVI_3710.MOV,SHOES,signer00,val,include
E:/datasets/INCLUDE/extracted/Clothes/44. Shoes/MVI_3711.MOV,SHOES,signer00,val,include
E:/datasets/INCLUDE/extracted/Clothes/44. Shoes/MVI_3712.MOV,SHOES,signer00,val,include
E:/datasets/INCLUDE/extracted/Clothes/44. Shoes/MVI_3856.MOV,SHOES,signer01,test,include
E:/datasets/INCLUDE/extracted/Clothes/44. Shoes/MVI_3857.MOV,SHOES,signer01,test,include
E:/datasets/INCLUDE/extracted/Clothes/44. Shoes/MVI_3858.MOV,SHOES,signer01,test,include
E:/datasets/INCLUDE/extracted/Clothes/44. Shoes/MVI_4008.MOV,SHOES,signer02,train,include
E:/datasets/INCLUDE/extracted/Clothes/44. Shoes/MVI_4009.MOV,SHOES,signer02,train,include
E:/datasets/INCLUDE/extracted/Clothes/44. Shoes/MVI_4010.MOV,SHOES,signer02,train,include
E:/datasets/INCLUDE/extracted/Clothes/44. Shoes/MVI_4204.MOV,SHOES,signer03,train,include
E:/datasets/INCLUDE/extracted/Clothes/44. Shoes/MVI_4887.MOV,SHOES,signer04,train,include
E:/datasets/INCLUDE/extracted/Clothes/44. Shoes/MVI_4888.MOV,SHOES,signer04,train,include
E:/datasets/INCLUDE/extracted/Clothes/44. Shoes/MVI_4889.MOV,SHOES,signer04,train,include
E:/datasets/INCLUDE/extracted/Clothes/44. Shoes/MVI_5028.MOV,SHOES,signer05,train,include
E:/datasets/INCLUDE/extracted/Clothes/44. Shoes/MVI_5029.MOV,SHOES,signer05,train,include
E:/datasets/INCLUDE/extracted/Clothes/44. Shoes/MVI_5030.MOV,SHOES,signer05,train,include
E:/datasets/INCLUDE/extracted/Clothes/44. Shoes/MVI_5175.MOV,SHOES,signer06,train,include
E:/datasets/INCLUDE/extracted/Clothes/44. Shoes/MVI_5176.MOV,SHOES,signer06,train,include
E:/datasets/INCLUDE/extracted/Clothes/44. Shoes/MVI_5177.MOV,SHOES,signer06,train,include
E:/datasets/INCLUDE/extracted/Clothes/44. Shoes/MVI_8608.MP4,SHOES,signer07,train,include
E:/datasets/INCLUDE/extracted/Clothes/45. Pocket/MVI_3713.MOV,POCKET,signer00,val,include
E:/datasets/INCLUDE/extracted/Clothes/45. Pocket/MVI_3714.MOV,POCKET,signer00,val,include
E:/datasets/INCLUDE/extracted/Clothes/45. Pocket/MVI_3715.MOV,POCKET,signer00,val,include
E:/datasets/INCLUDE/extracted/Clothes/45. Pocket/MVI_3859.MOV,POCKET,signer01,test,include
E:/datasets/INCLUDE/extracted/Clothes/45. Pocket/MVI_3861.MOV,POCKET,signer01,test,include
E:/datasets/INCLUDE/extracted/Clothes/45. Pocket/MVI_3862.MOV,POCKET,signer01,test,include
E:/datasets/INCLUDE/extracted/Clothes/45. Pocket/MVI_4011.MOV,POCKET,signer02,train,include
E:/datasets/INCLUDE/extracted/Clothes/45. Pocket/MVI_4012.MOV,POCKET,signer02,train,include
E:/datasets/INCLUDE/extracted/Clothes/45. Pocket/MVI_4013.MOV,POCKET,signer02,train,include
E:/datasets/INCLUDE/extracted/Clothes/45. Pocket/MVI_4205.MOV,POCKET,signer03,train,include
E:/datasets/INCLUDE/extracted/Clothes/45. Pocket/MVI_4890.MOV,POCKET,signer04,train,include
E:/datasets/INCLUDE/extracted/Clothes/45. Pocket/MVI_4891.MOV,POCKET,signer04,train,include
E:/datasets/INCLUDE/extracted/Clothes/45. Pocket/MVI_4892.MOV,POCKET,signer04,train,include
E:/datasets/INCLUDE/extracted/Clothes/45. Pocket/MVI_5031.MOV,POCKET,signer05,train,include
E:/datasets/INCLUDE/extracted/Clothes/45. Pocket/MVI_5032.MOV,POCKET,signer05,train,include
E:/datasets/INCLUDE/extracted/Clothes/45. Pocket/MVI_5033.MOV,POCKET,signer05,train,include
E:/datasets/INCLUDE/extracted/Clothes/45. Pocket/MVI_5178.MOV,POCKET,signer06,train,include
E:/datasets/INCLUDE/extracted/Clothes/45. Pocket/MVI_5179.MOV,POCKET,signer06,train,include
E:/datasets/INCLUDE/extracted/Clothes/45. Pocket/MVI_5180.MOV,POCKET,signer06,train,include
E:/datasets/INCLUDE/extracted/Clothes/45. Pocket/MVI_8610.MP4,POCKET,signer07,train,include
E:/datasets/INCLUDE/extracted/Clothes/46. Clothing/MVI_3716.MOV,CLOTHING,signer00,val,include
E:/datasets/INCLUDE/extracted/Clothes/46. Clothing/MVI_3717.MOV,CLOTHING,signer00,val,include
E:/datasets/INCLUDE/extracted/Clothes/46. Clothing/MVI_3718.MOV,CLOTHING,signer00,val,include
E:/datasets/INCLUDE/extracted/Clothes/46. Clothing/MVI_3863.MOV,CLOTHING,signer01,test,include
E:/datasets/INCLUDE/extracted/Clothes/46. Clothing/MVI_3864.MOV,CLOTHING,signer01,test,include
E:/datasets/INCLUDE/extracted/Clothes/46. Clothing/MVI_3865.MOV,CLOTHING,signer01,test,include
E:/datasets/INCLUDE/extracted/Clothes/46. Clothing/MVI_4014.MOV,CLOTHING,signer02,train,include
E:/datasets/INCLUDE/extracted/Clothes/46. Clothing/MVI_4015.MOV,CLOTHING,signer02,train,include
E:/datasets/INCLUDE/extracted/Clothes/46. Clothing/MVI_4016.MOV,CLOTHING,signer02,train,include
E:/datasets/INCLUDE/extracted/Clothes/46. Clothing/MVI_4206.MOV,CLOTHING,signer03,train,include
E:/datasets/INCLUDE/extracted/Clothes/46. Clothing/MVI_4894.MOV,CLOTHING,signer04,train,include
E:/datasets/INCLUDE/extracted/Clothes/46. Clothing/MVI_4895.MOV,CLOTHING,signer04,train,include
E:/datasets/INCLUDE/extracted/Clothes/46. Clothing/MVI_4896.MOV,CLOTHING,signer04,train,include
E:/datasets/INCLUDE/extracted/Clothes/46. Clothing/MVI_5034.MOV,CLOTHING,signer05,train,include
E:/datasets/INCLUDE/extracted/Clothes/46. Clothing/MVI_5035.MOV,CLOTHING,signer05,train,include
E:/datasets/INCLUDE/extracted/Clothes/46. Clothing/MVI_5036.MOV,CLOTHING,signer05,train,include
E:/datasets/INCLUDE/extracted/Clothes/46. Clothing/MVI_5181.MOV,CLOTHING,signer06,train,include
E:/datasets/INCLUDE/extracted/Clothes/46. Clothing/MVI_5182.MOV,CLOTHING,signer06,train,include
E:/datasets/INCLUDE/extracted/Clothes/46. Clothing/MVI_5183.MOV,CLOTHING,signer06,train,include
E:/datasets/INCLUDE/extracted/Clothes/46. Clothing/MVI_8611.MP4,CLOTHING,signer07,train,include
E:/datasets/INCLUDE/extracted/Colours/47. Red/MVI_3719.MOV,RED,signer00,val,include
E:/datasets/INCLUDE/extracted/Colours/47. Red/MVI_3720.MOV,RED,signer00,val,include
E:/datasets/INCLUDE/extracted/Colours/47. Red/MVI_3721.MOV,RED,signer00,val,include
E:/datasets/INCLUDE/extracted/Colours/47. Red/MVI_3866.MOV,RED,signer01,test,include
E:/datasets/INCLUDE/extracted/Colours/47. Red/MVI_3867.MOV,RED,signer01,test,include
E:/datasets/INCLUDE/extracted/Colours/47. Red/MVI_3868.MOV,RED,signer01,test,include
E:/datasets/INCLUDE/extracted/Colours/47. Red/MVI_4017.MOV,RED,signer02,train,include
E:/datasets/INCLUDE/extracted/Colours/47. Red/MVI_4018.MOV,RED,signer02,train,include
E:/datasets/INCLUDE/extracted/Colours/47. Red/MVI_4019.MOV,RED,signer02,train,include
E:/datasets/INCLUDE/extracted/Colours/47. Red/MVI_4207.MOV,RED,signer03,train,include
E:/datasets/INCLUDE/extracted/Colours/47. Red/MVI_4897.MOV,RED,signer04,train,include
E:/datasets/INCLUDE/extracted/Colours/47. Red/MVI_4898.MOV,RED,signer04,train,include
E:/datasets/INCLUDE/extracted/Colours/47. Red/MVI_4899.MOV,RED,signer04,train,include
E:/datasets/INCLUDE/extracted/Colours/47. Red/MVI_5037.MOV,RED,signer05,train,include
E:/datasets/INCLUDE/extracted/Colours/47. Red/MVI_5038.MOV,RED,signer05,train,include
E:/datasets/INCLUDE/extracted/Colours/47. Red/MVI_5039.MOV,RED,signer05,train,include
E:/datasets/INCLUDE/extracted/Colours/47. Red/MVI_5184.MOV,RED,signer06,train,include
E:/datasets/INCLUDE/extracted/Colours/47. Red/MVI_5185.MOV,RED,signer06,train,include
E:/datasets/INCLUDE/extracted/Colours/47. Red/MVI_5186.MOV,RED,signer06,train,include
E:/datasets/INCLUDE/extracted/Colours/47. Red/MVI_8612.MP4,RED,signer07,train,include
E:/datasets/INCLUDE/extracted/Colours/48. Green/MVI_3722.MOV,GREEN,signer00,val,include
E:/datasets/INCLUDE/extracted/Colours/48. Green/MVI_3723.MOV,GREEN,signer00,val,include
E:/datasets/INCLUDE/extracted/Colours/48. Green/MVI_3724.MOV,GREEN,signer00,val,include
E:/datasets/INCLUDE/extracted/Colours/48. Green/MVI_3869.MOV,GREEN,signer01,test,include
E:/datasets/INCLUDE/extracted/Colours/48. Green/MVI_3870.MOV,GREEN,signer01,test,include
E:/datasets/INCLUDE/extracted/Colours/48. Green/MVI_3871.MOV,GREEN,signer01,test,include
E:/datasets/INCLUDE/extracted/Colours/48. Green/MVI_4020.MOV,GREEN,signer02,train,include
E:/datasets/INCLUDE/extracted/Colours/48. Green/MVI_4021.MOV,GREEN,signer02,train,include
E:/datasets/INCLUDE/extracted/Colours/48. Green/MVI_4022.MOV,GREEN,signer02,train,include
E:/datasets/INCLUDE/extracted/Colours/48. Green/MVI_4208.MOV,GREEN,signer03,train,include
E:/datasets/INCLUDE/extracted/Colours/48. Green/MVI_4900.MOV,GREEN,signer04,train,include
E:/datasets/INCLUDE/extracted/Colours/48. Green/MVI_4901.MOV,GREEN,signer04,train,include
E:/datasets/INCLUDE/extracted/Colours/48. Green/MVI_4902.MOV,GREEN,signer04,train,include
E:/datasets/INCLUDE/extracted/Colours/48. Green/MVI_5040.MOV,GREEN,signer05,train,include
E:/datasets/INCLUDE/extracted/Colours/48. Green/MVI_5041.MOV,GREEN,signer05,train,include
E:/datasets/INCLUDE/extracted/Colours/48. Green/MVI_5042.MOV,GREEN,signer05,train,include
E:/datasets/INCLUDE/extracted/Colours/48. Green/MVI_5187.MOV,GREEN,signer06,train,include
E:/datasets/INCLUDE/extracted/Colours/48. Green/MVI_5188.MOV,GREEN,signer06,train,include
E:/datasets/INCLUDE/extracted/Colours/48. Green/MVI_5189.MOV,GREEN,signer06,train,include
E:/datasets/INCLUDE/extracted/Colours/48. Green/MVI_8613.MP4,GREEN,signer07,train,include
E:/datasets/INCLUDE/extracted/Colours/49. Blue/MVI_3725.MOV,BLUE,signer00,val,include
E:/datasets/INCLUDE/extracted/Colours/49. Blue/MVI_3726.MOV,BLUE,signer00,val,include
E:/datasets/INCLUDE/extracted/Colours/49. Blue/MVI_3727.MOV,BLUE,signer00,val,include
E:/datasets/INCLUDE/extracted/Colours/49. Blue/MVI_3872.MOV,BLUE,signer01,test,include
E:/datasets/INCLUDE/extracted/Colours/49. Blue/MVI_3873.MOV,BLUE,signer01,test,include
E:/datasets/INCLUDE/extracted/Colours/49. Blue/MVI_3874.MOV,BLUE,signer01,test,include
E:/datasets/INCLUDE/extracted/Colours/49. Blue/MVI_4024.MOV,BLUE,signer02,train,include
E:/datasets/INCLUDE/extracted/Colours/49. Blue/MVI_4025.MOV,BLUE,signer02,train,include
E:/datasets/INCLUDE/extracted/Colours/49. Blue/MVI_4026.MOV,BLUE,signer02,train,include
E:/datasets/INCLUDE/extracted/Colours/49. Blue/MVI_4209.MOV,BLUE,signer03,train,include
E:/datasets/INCLUDE/extracted/Colours/49. Blue/MVI_4903.MOV,BLUE,signer04,train,include
E:/datasets/INCLUDE/extracted/Colours/49. Blue/MVI_4904.MOV,BLUE,signer04,train,include
E:/datasets/INCLUDE/extracted/Colours/49. Blue/MVI_4905.MOV,BLUE,signer04,train,include
E:/datasets/INCLUDE/extracted/Colours/49. Blue/MVI_5043.MOV,BLUE,signer05,train,include
E:/datasets/INCLUDE/extracted/Colours/49. Blue/MVI_5044.MOV,BLUE,signer05,train,include
E:/datasets/INCLUDE/extracted/Colours/49. Blue/MVI_5045.MOV,BLUE,signer05,train,include
E:/datasets/INCLUDE/extracted/Colours/49. Blue/MVI_5190.MOV,BLUE,signer06,train,include
E:/datasets/INCLUDE/extracted/Colours/49. Blue/MVI_5191.MOV,BLUE,signer06,train,include
E:/datasets/INCLUDE/extracted/Colours/49. Blue/MVI_5192.MOV,BLUE,signer06,train,include
E:/datasets/INCLUDE/extracted/Colours/49. Blue/MVI_8614.MP4,BLUE,signer07,train,include
E:/datasets/INCLUDE/extracted/Colours/50. Yellow/MVI_3728.MOV,YELLOW,signer00,val,include
E:/datasets/INCLUDE/extracted/Colours/50. Yellow/MVI_3729.MOV,YELLOW,signer00,val,include
E:/datasets/INCLUDE/extracted/Colours/50. Yellow/MVI_3730.MOV,YELLOW,signer00,val,include
E:/datasets/INCLUDE/extracted/Colours/50. Yellow/MVI_3875.MOV,YELLOW,signer01,test,include
E:/datasets/INCLUDE/extracted/Colours/50. Yellow/MVI_3876.MOV,YELLOW,signer01,test,include
E:/datasets/INCLUDE/extracted/Colours/50. Yellow/MVI_3877.MOV,YELLOW,signer01,test,include
E:/datasets/INCLUDE/extracted/Colours/50. Yellow/MVI_4027.MOV,YELLOW,signer02,train,include
E:/datasets/INCLUDE/extracted/Colours/50. Yellow/MVI_4028.MOV,YELLOW,signer02,train,include
E:/datasets/INCLUDE/extracted/Colours/50. Yellow/MVI_4029.MOV,YELLOW,signer02,train,include
E:/datasets/INCLUDE/extracted/Colours/50. Yellow/MVI_4211.MOV,YELLOW,signer03,train,include
E:/datasets/INCLUDE/extracted/Colours/50. Yellow/MVI_4906.MOV,YELLOW,signer04,train,include
E:/datasets/INCLUDE/extracted/Colours/50. Yellow/MVI_4907.MOV,YELLOW,signer04,train,include
E:/datasets/INCLUDE/extracted/Colours/50. Yellow/MVI_4908.MOV,YELLOW,signer04,train,include
E:/datasets/INCLUDE/extracted/Colours/50. Yellow/MVI_5046.MOV,YELLOW,signer05,train,include
E:/datasets/INCLUDE/extracted/Colours/50. Yellow/MVI_5047.MOV,YELLOW,signer05,train,include
E:/datasets/INCLUDE/extracted/Colours/50. Yellow/MVI_5048.MOV,YELLOW,signer05,train,include
E:/datasets/INCLUDE/extracted/Colours/50. Yellow/MVI_5193.MOV,YELLOW,signer06,train,include
E:/datasets/INCLUDE/extracted/Colours/50. Yellow/MVI_5194.MOV,YELLOW,signer06,train,include
E:/datasets/INCLUDE/extracted/Colours/50. Yellow/MVI_5195.MOV,YELLOW,signer06,train,include
E:/datasets/INCLUDE/extracted/Colours/50. Yellow/MVI_8615.MP4,YELLOW,signer07,train,include
E:/datasets/INCLUDE/extracted/Colours/51. Brown/MVI_3731.MOV,BROWN,signer00,val,include
E:/datasets/INCLUDE/extracted/Colours/51. Brown/MVI_3732.MOV,BROWN,signer00,val,include
E:/datasets/INCLUDE/extracted/Colours/51. Brown/MVI_3733.MOV,BROWN,signer00,val,include
E:/datasets/INCLUDE/extracted/Colours/51. Brown/MVI_3878.MOV,BROWN,signer01,test,include
E:/datasets/INCLUDE/extracted/Colours/51. Brown/MVI_3879.MOV,BROWN,signer01,test,include
E:/datasets/INCLUDE/extracted/Colours/51. Brown/MVI_3880.MOV,BROWN,signer01,test,include
E:/datasets/INCLUDE/extracted/Colours/51. Brown/MVI_4030.MOV,BROWN,signer02,train,include
E:/datasets/INCLUDE/extracted/Colours/51. Brown/MVI_4031.MOV,BROWN,signer02,train,include
E:/datasets/INCLUDE/extracted/Colours/51. Brown/MVI_4032.MOV,BROWN,signer02,train,include
E:/datasets/INCLUDE/extracted/Colours/51. Brown/MVI_4212.MOV,BROWN,signer03,train,include
E:/datasets/INCLUDE/extracted/Colours/51. Brown/MVI_4909.MOV,BROWN,signer04,train,include
E:/datasets/INCLUDE/extracted/Colours/51. Brown/MVI_4910.MOV,BROWN,signer04,train,include
E:/datasets/INCLUDE/extracted/Colours/51. Brown/MVI_4911.MOV,BROWN,signer04,train,include
E:/datasets/INCLUDE/extracted/Colours/51. Brown/MVI_5049.MOV,BROWN,signer05,train,include
E:/datasets/INCLUDE/extracted/Colours/51. Brown/MVI_5050.MOV,BROWN,signer05,train,include
E:/datasets/INCLUDE/extracted/Colours/51. Brown/MVI_5051.MOV,BROWN,signer05,train,include
E:/datasets/INCLUDE/extracted/Colours/51. Brown/MVI_5196.MOV,BROWN,signer06,train,include
E:/datasets/INCLUDE/extracted/Colours/51. Brown/MVI_5197.MOV,BROWN,signer06,train,include
E:/datasets/INCLUDE/extracted/Colours/51. Brown/MVI_5198.MOV,BROWN,signer06,train,include
E:/datasets/INCLUDE/extracted/Colours/51. Brown/MVI_5199.MOV,BROWN,signer06,train,include
E:/datasets/INCLUDE/extracted/Colours/51. Brown/MVI_8616.MP4,BROWN,signer07,train,include
E:/datasets/INCLUDE/extracted/Colours/52. Pink/MVI_3734.MOV,PINK,signer00,val,include
E:/datasets/INCLUDE/extracted/Colours/52. Pink/MVI_3735.MOV,PINK,signer00,val,include
E:/datasets/INCLUDE/extracted/Colours/52. Pink/MVI_3736.MOV,PINK,signer00,val,include
E:/datasets/INCLUDE/extracted/Colours/52. Pink/MVI_3881.MOV,PINK,signer01,test,include
E:/datasets/INCLUDE/extracted/Colours/52. Pink/MVI_3882.MOV,PINK,signer01,test,include
E:/datasets/INCLUDE/extracted/Colours/52. Pink/MVI_3883.MOV,PINK,signer01,test,include
E:/datasets/INCLUDE/extracted/Colours/52. Pink/MVI_4033.MOV,PINK,signer02,train,include
E:/datasets/INCLUDE/extracted/Colours/52. Pink/MVI_4034.MOV,PINK,signer02,train,include
E:/datasets/INCLUDE/extracted/Colours/52. Pink/MVI_4035.MOV,PINK,signer02,train,include
E:/datasets/INCLUDE/extracted/Colours/52. Pink/MVI_4213.MOV,PINK,signer03,train,include
E:/datasets/INCLUDE/extracted/Colours/52. Pink/MVI_4912.MOV,PINK,signer04,train,include
E:/datasets/INCLUDE/extracted/Colours/52. Pink/MVI_4913.MOV,PINK,signer04,train,include
E:/datasets/INCLUDE/extracted/Colours/52. Pink/MVI_4914.MOV,PINK,signer04,train,include
E:/datasets/INCLUDE/extracted/Colours/52. Pink/MVI_5052.MOV,PINK,signer05,train,include
E:/datasets/INCLUDE/extracted/Colours/52. Pink/MVI_5053.MOV,PINK,signer05,train,include
E:/datasets/INCLUDE/extracted/Colours/52. Pink/MVI_5054.MOV,PINK,signer05,train,include
E:/datasets/INCLUDE/extracted/Colours/52. Pink/MVI_5200.MOV,PINK,signer06,train,include
E:/datasets/INCLUDE/extracted/Colours/52. Pink/MVI_5201.MOV,PINK,signer06,train,include
E:/datasets/INCLUDE/extracted/Colours/52. Pink/MVI_5202.MOV,PINK,signer06,train,include
E:/datasets/INCLUDE/extracted/Colours/52. Pink/MVI_8617.MP4,PINK,signer07,train,include
E:/datasets/INCLUDE/extracted/Colours/53. Orange/MVI_3737.MOV,ORANGE,signer00,val,include
E:/datasets/INCLUDE/extracted/Colours/53. Orange/MVI_3738.MOV,ORANGE,signer00,val,include
E:/datasets/INCLUDE/extracted/Colours/53. Orange/MVI_3739.MOV,ORANGE,signer00,val,include
E:/datasets/INCLUDE/extracted/Colours/53. Orange/MVI_3884.MOV,ORANGE,signer01,test,include
E:/datasets/INCLUDE/extracted/Colours/53. Orange/MVI_3885.MOV,ORANGE,signer01,test,include
E:/datasets/INCLUDE/extracted/Colours/53. Orange/MVI_3886.MOV,ORANGE,signer01,test,include
E:/datasets/INCLUDE/extracted/Colours/53. Orange/MVI_4036.MOV,ORANGE,signer02,train,include
E:/datasets/INCLUDE/extracted/Colours/53. Orange/MVI_4037.MOV,ORANGE,signer02,train,include
E:/datasets/INCLUDE/extracted/Colours/53. Orange/MVI_4038.MOV,ORANGE,signer02,train,include
E:/datasets/INCLUDE/extracted/Colours/53. Orange/MVI_4214.MOV,ORANGE,signer03,train,include
E:/datasets/INCLUDE/extracted/Colours/53. Orange/MVI_4915.MOV,ORANGE,signer04,train,include
E:/datasets/INCLUDE/extracted/Colours/53. Orange/MVI_4916.MOV,ORANGE,signer04,train,include
E:/datasets/INCLUDE/extracted/Colours/53. Orange/MVI_4917.MOV,ORANGE,signer04,train,include
E:/datasets/INCLUDE/extracted/Colours/53. Orange/MVI_5055.MOV,ORANGE,signer05,train,include
E:/datasets/INCLUDE/extracted/Colours/53. Orange/MVI_5056.MOV,ORANGE,signer05,train,include
E:/datasets/INCLUDE/extracted/Colours/53. Orange/MVI_5057.MOV,ORANGE,signer05,train,include
E:/datasets/INCLUDE/extracted/Colours/53. Orange/MVI_5203.MOV,ORANGE,signer06,train,include
E:/datasets/INCLUDE/extracted/Colours/53. Orange/MVI_5204.MOV,ORANGE,signer06,train,include
E:/datasets/INCLUDE/extracted/Colours/53. Orange/MVI_5205.MOV,ORANGE,signer06,train,include
E:/datasets/INCLUDE/extracted/Colours/53. Orange/MVI_8618.MP4,ORANGE,signer07,train,include
E:/datasets/INCLUDE/extracted/Colours/54. Black/MVI_3740.MOV,BLACK,signer00,val,include
E:/datasets/INCLUDE/extracted/Colours/54. Black/MVI_3741.MOV,BLACK,signer00,val,include
E:/datasets/INCLUDE/extracted/Colours/54. Black/MVI_3742.MOV,BLACK,signer00,val,include
E:/datasets/INCLUDE/extracted/Colours/54. Black/MVI_3887.MOV,BLACK,signer01,test,include
E:/datasets/INCLUDE/extracted/Colours/54. Black/MVI_3888.MOV,BLACK,signer01,test,include
E:/datasets/INCLUDE/extracted/Colours/54. Black/MVI_3889.MOV,BLACK,signer01,test,include
E:/datasets/INCLUDE/extracted/Colours/54. Black/MVI_4039.MOV,BLACK,signer02,train,include
E:/datasets/INCLUDE/extracted/Colours/54. Black/MVI_4040.MOV,BLACK,signer02,train,include
E:/datasets/INCLUDE/extracted/Colours/54. Black/MVI_4041.MOV,BLACK,signer02,train,include
E:/datasets/INCLUDE/extracted/Colours/54. Black/MVI_4215.MOV,BLACK,signer03,train,include
E:/datasets/INCLUDE/extracted/Colours/54. Black/MVI_4918.MOV,BLACK,signer04,train,include
E:/datasets/INCLUDE/extracted/Colours/54. Black/MVI_4919.MOV,BLACK,signer04,train,include
E:/datasets/INCLUDE/extracted/Colours/54. Black/MVI_4920.MOV,BLACK,signer04,train,include
E:/datasets/INCLUDE/extracted/Colours/54. Black/MVI_5058.MOV,BLACK,signer05,train,include
E:/datasets/INCLUDE/extracted/Colours/54. Black/MVI_5059.MOV,BLACK,signer05,train,include
E:/datasets/INCLUDE/extracted/Colours/54. Black/MVI_5060.MOV,BLACK,signer05,train,include
E:/datasets/INCLUDE/extracted/Colours/54. Black/MVI_5206.MOV,BLACK,signer06,train,include
E:/datasets/INCLUDE/extracted/Colours/54. Black/MVI_5207.MOV,BLACK,signer06,train,include
E:/datasets/INCLUDE/extracted/Colours/54. Black/MVI_5208.MOV,BLACK,signer06,train,include
E:/datasets/INCLUDE/extracted/Colours/54. Black/MVI_8619.MP4,BLACK,signer07,train,include
E:/datasets/INCLUDE/extracted/Colours/55. White/MVI_3743.MOV,WHITE,signer00,val,include
E:/datasets/INCLUDE/extracted/Colours/55. White/MVI_3744.MOV,WHITE,signer00,val,include
E:/datasets/INCLUDE/extracted/Colours/55. White/MVI_3745.MOV,WHITE,signer00,val,include
E:/datasets/INCLUDE/extracted/Colours/55. White/MVI_3890.MOV,WHITE,signer01,test,include
E:/datasets/INCLUDE/extracted/Colours/55. White/MVI_3891.MOV,WHITE,signer01,test,include
E:/datasets/INCLUDE/extracted/Colours/55. White/MVI_3892.MOV,WHITE,signer01,test,include
E:/datasets/INCLUDE/extracted/Colours/55. White/MVI_4042.MOV,WHITE,signer02,train,include
E:/datasets/INCLUDE/extracted/Colours/55. White/MVI_4043.MOV,WHITE,signer02,train,include
E:/datasets/INCLUDE/extracted/Colours/55. White/MVI_4044.MOV,WHITE,signer02,train,include
E:/datasets/INCLUDE/extracted/Colours/55. White/MVI_4216.MOV,WHITE,signer03,train,include
E:/datasets/INCLUDE/extracted/Colours/55. White/MVI_4921.MOV,WHITE,signer04,train,include
E:/datasets/INCLUDE/extracted/Colours/55. White/MVI_4922.MOV,WHITE,signer04,train,include
E:/datasets/INCLUDE/extracted/Colours/55. White/MVI_4923.MOV,WHITE,signer04,train,include
E:/datasets/INCLUDE/extracted/Colours/55. White/MVI_5061.MOV,WHITE,signer05,train,include
E:/datasets/INCLUDE/extracted/Colours/55. White/MVI_5062.MOV,WHITE,signer05,train,include
E:/datasets/INCLUDE/extracted/Colours/55. White/MVI_5063.MOV,WHITE,signer05,train,include
E:/datasets/INCLUDE/extracted/Colours/55. White/MVI_5209.MOV,WHITE,signer06,train,include
E:/datasets/INCLUDE/extracted/Colours/55. White/MVI_5210.MOV,WHITE,signer06,train,include
E:/datasets/INCLUDE/extracted/Colours/55. White/MVI_5211.MOV,WHITE,signer06,train,include
E:/datasets/INCLUDE/extracted/Colours/55. White/MVI_8620.MP4,WHITE,signer07,train,include
E:/datasets/INCLUDE/extracted/Colours/56. Grey/MVI_3746.MOV,GREY,signer00,val,include
E:/datasets/INCLUDE/extracted/Colours/56. Grey/MVI_3747.MOV,GREY,signer00,val,include
E:/datasets/INCLUDE/extracted/Colours/56. Grey/MVI_3748.MOV,GREY,signer00,val,include
E:/datasets/INCLUDE/extracted/Colours/56. Grey/MVI_3749.MOV,GREY,signer00,val,include
E:/datasets/INCLUDE/extracted/Colours/56. Grey/MVI_3894.MOV,GREY,signer01,test,include
E:/datasets/INCLUDE/extracted/Colours/56. Grey/MVI_3895.MOV,GREY,signer01,test,include
E:/datasets/INCLUDE/extracted/Colours/56. Grey/MVI_3896.MOV,GREY,signer01,test,include
E:/datasets/INCLUDE/extracted/Colours/56. Grey/MVI_4045.MOV,GREY,signer02,train,include
E:/datasets/INCLUDE/extracted/Colours/56. Grey/MVI_4046.MOV,GREY,signer02,train,include
E:/datasets/INCLUDE/extracted/Colours/56. Grey/MVI_4047.MOV,GREY,signer02,train,include
E:/datasets/INCLUDE/extracted/Colours/56. Grey/MVI_4217.MOV,GREY,signer03,train,include
E:/datasets/INCLUDE/extracted/Colours/56. Grey/MVI_4924.MOV,GREY,signer04,train,include
E:/datasets/INCLUDE/extracted/Colours/56. Grey/MVI_4926.MOV,GREY,signer04,train,include
E:/datasets/INCLUDE/extracted/Colours/56. Grey/MVI_4927.MOV,GREY,signer04,train,include
E:/datasets/INCLUDE/extracted/Colours/56. Grey/MVI_5064.MOV,GREY,signer05,train,include
E:/datasets/INCLUDE/extracted/Colours/56. Grey/MVI_5065.MOV,GREY,signer05,train,include
E:/datasets/INCLUDE/extracted/Colours/56. Grey/MVI_5066.MOV,GREY,signer05,train,include
E:/datasets/INCLUDE/extracted/Colours/56. Grey/MVI_5212.MOV,GREY,signer06,train,include
E:/datasets/INCLUDE/extracted/Colours/56. Grey/MVI_5213.MOV,GREY,signer06,train,include
E:/datasets/INCLUDE/extracted/Colours/56. Grey/MVI_5214.MOV,GREY,signer06,train,include
E:/datasets/INCLUDE/extracted/Colours/56. Grey/MVI_8621.MP4,GREY,signer07,train,include
E:/datasets/INCLUDE/extracted/Colours/57. Colour/MVI_3750.MOV,COLOUR,signer00,val,include
E:/datasets/INCLUDE/extracted/Colours/57. Colour/MVI_3751.MOV,COLOUR,signer00,val,include
E:/datasets/INCLUDE/extracted/Colours/57. Colour/MVI_3752.MOV,COLOUR,signer00,val,include
E:/datasets/INCLUDE/extracted/Colours/57. Colour/MVI_3897.MOV,COLOUR,signer01,test,include
E:/datasets/INCLUDE/extracted/Colours/57. Colour/MVI_3898.MOV,COLOUR,signer01,test,include
E:/datasets/INCLUDE/extracted/Colours/57. Colour/MVI_3899.MOV,COLOUR,signer01,test,include
E:/datasets/INCLUDE/extracted/Colours/57. Colour/MVI_4048.MOV,COLOUR,signer02,train,include
E:/datasets/INCLUDE/extracted/Colours/57. Colour/MVI_4049.MOV,COLOUR,signer02,train,include
E:/datasets/INCLUDE/extracted/Colours/57. Colour/MVI_4050.MOV,COLOUR,signer02,train,include
E:/datasets/INCLUDE/extracted/Colours/57. Colour/MVI_4218.MOV,COLOUR,signer03,train,include
E:/datasets/INCLUDE/extracted/Colours/57. Colour/MVI_4928.MOV,COLOUR,signer04,train,include
E:/datasets/INCLUDE/extracted/Colours/57. Colour/MVI_4929.MOV,COLOUR,signer04,train,include
E:/datasets/INCLUDE/extracted/Colours/57. Colour/MVI_4930.MOV,COLOUR,signer04,train,include
E:/datasets/INCLUDE/extracted/Colours/57. Colour/MVI_5068.MOV,COLOUR,signer05,train,include
E:/datasets/INCLUDE/extracted/Colours/57. Colour/MVI_5069.MOV,COLOUR,signer05,train,include
E:/datasets/INCLUDE/extracted/Colours/57. Colour/MVI_5070.MOV,COLOUR,signer05,train,include
E:/datasets/INCLUDE/extracted/Colours/57. Colour/MVI_5215.MOV,COLOUR,signer06,train,include
E:/datasets/INCLUDE/extracted/Colours/57. Colour/MVI_5216.MOV,COLOUR,signer06,train,include
E:/datasets/INCLUDE/extracted/Colours/57. Colour/MVI_5217.MOV,COLOUR,signer06,train,include
E:/datasets/INCLUDE/extracted/Colours/57. Colour/MVI_8622.MP4,COLOUR,signer07,train,include
E:/datasets/INCLUDE/extracted/Days_and_Time/66. Sunday/MVI_4586.MOV,SUNDAY,signer00,val,include
E:/datasets/INCLUDE/extracted/Days_and_Time/66. Sunday/MVI_4588.MOV,SUNDAY,signer00,val,include
E:/datasets/INCLUDE/extracted/Days_and_Time/66. Sunday/MVI_4589.MOV,SUNDAY,signer00,val,include
E:/datasets/INCLUDE/extracted/Days_and_Time/66. Sunday/MVI_4590.MOV,SUNDAY,signer00,val,include
E:/datasets/INCLUDE/extracted/Days_and_Time/66. Sunday/MVI_5005.MOV,SUNDAY,signer01,test,include
E:/datasets/INCLUDE/extracted/Days_and_Time/66. Sunday/MVI_5006.MOV,SUNDAY,signer01,test,include
E:/datasets/INCLUDE/extracted/Days_and_Time/66. Sunday/MVI_5008.MOV,SUNDAY,signer01,test,include
E:/datasets/INCLUDE/extracted/Days_and_Time/66. Sunday/MVI_5442.MOV,SUNDAY,signer02,train,include
E:/datasets/INCLUDE/extracted/Days_and_Time/66. Sunday/MVI_5443.MOV,SUNDAY,signer02,train,include
E:/datasets/INCLUDE/extracted/Days_and_Time/66. Sunday/MVI_5444.MOV,SUNDAY,signer02,train,include
E:/datasets/INCLUDE/extracted/Days_and_Time/66. Sunday/MVI_5445.MOV,SUNDAY,signer02,train,include
E:/datasets/INCLUDE/extracted/Days_and_Time/66. Sunday/MVI_9139.MP4,SUNDAY,signer03,train,include
E:/datasets/INCLUDE/extracted/Days_and_Time/66. Sunday/MVI_9140.MP4,SUNDAY,signer03,train,include
E:/datasets/INCLUDE/extracted/Days_and_Time/66. Sunday/MVI_9141.MP4,SUNDAY,signer03,train,include
E:/datasets/INCLUDE/extracted/Days_and_Time/67. Monday/MVI_4591.MOV,MONDAY,signer00,val,include
E:/datasets/INCLUDE/extracted/Days_and_Time/67. Monday/MVI_4592.MOV,MONDAY,signer00,val,include
E:/datasets/INCLUDE/extracted/Days_and_Time/67. Monday/MVI_4593.MOV,MONDAY,signer00,val,include
E:/datasets/INCLUDE/extracted/Days_and_Time/67. Monday/MVI_4594.MOV,MONDAY,signer00,val,include
E:/datasets/INCLUDE/extracted/Days_and_Time/67. Monday/MVI_5009.MOV,MONDAY,signer01,test,include
E:/datasets/INCLUDE/extracted/Days_and_Time/67. Monday/MVI_5010.MOV,MONDAY,signer01,test,include
E:/datasets/INCLUDE/extracted/Days_and_Time/67. Monday/MVI_5011.MOV,MONDAY,signer01,test,include
E:/datasets/INCLUDE/extracted/Days_and_Time/67. Monday/MVI_5446.MOV,MONDAY,signer02,train,include
E:/datasets/INCLUDE/extracted/Days_and_Time/67. Monday/MVI_5447.MOV,MONDAY,signer02,train,include
E:/datasets/INCLUDE/extracted/Days_and_Time/67. Monday/MVI_5448.MOV,MONDAY,signer02,train,include
E:/datasets/INCLUDE/extracted/Days_and_Time/67. Monday/MVI_5449.MOV,MONDAY,signer02,train,include
E:/datasets/INCLUDE/extracted/Days_and_Time/67. Monday/MVI_9142.MP4,MONDAY,signer03,train,include
E:/datasets/INCLUDE/extracted/Days_and_Time/67. Monday/MVI_9143.MP4,MONDAY,signer03,train,include
E:/datasets/INCLUDE/extracted/Days_and_Time/67. Monday/MVI_9144.MP4,MONDAY,signer03,train,include
E:/datasets/INCLUDE/extracted/Days_and_Time/68. Tuesday/MVI_4595.MOV,TUESDAY,signer00,val,include
E:/datasets/INCLUDE/extracted/Days_and_Time/68. Tuesday/MVI_4596.MOV,TUESDAY,signer00,val,include
E:/datasets/INCLUDE/extracted/Days_and_Time/68. Tuesday/MVI_4597.MOV,TUESDAY,signer00,val,include
E:/datasets/INCLUDE/extracted/Days_and_Time/68. Tuesday/MVI_4598.MOV,TUESDAY,signer00,val,include
E:/datasets/INCLUDE/extracted/Days_and_Time/68. Tuesday/MVI_5012.MOV,TUESDAY,signer01,test,include
E:/datasets/INCLUDE/extracted/Days_and_Time/68. Tuesday/MVI_5013.MOV,TUESDAY,signer01,test,include
E:/datasets/INCLUDE/extracted/Days_and_Time/68. Tuesday/MVI_5014.MOV,TUESDAY,signer01,test,include
E:/datasets/INCLUDE/extracted/Days_and_Time/68. Tuesday/MVI_5450.MOV,TUESDAY,signer02,train,include
E:/datasets/INCLUDE/extracted/Days_and_Time/68. Tuesday/MVI_5451.MOV,TUESDAY,signer02,train,include
E:/datasets/INCLUDE/extracted/Days_and_Time/68. Tuesday/MVI_5452.MOV,TUESDAY,signer02,train,include
E:/datasets/INCLUDE/extracted/Days_and_Time/68. Tuesday/MVI_5453.MOV,TUESDAY,signer02,train,include
E:/datasets/INCLUDE/extracted/Days_and_Time/68. Tuesday/MVI_9145.MP4,TUESDAY,signer03,train,include
E:/datasets/INCLUDE/extracted/Days_and_Time/68. Tuesday/MVI_9146.MP4,TUESDAY,signer03,train,include
E:/datasets/INCLUDE/extracted/Days_and_Time/68. Tuesday/MVI_9147.MP4,TUESDAY,signer03,train,include
E:/datasets/INCLUDE/extracted/Days_and_Time/69. Wednesday/MVI_4599.MOV,WEDNESDAY,signer00,val,include
E:/datasets/INCLUDE/extracted/Days_and_Time/69. Wednesday/MVI_4600.MOV,WEDNESDAY,signer00,val,include
E:/datasets/INCLUDE/extracted/Days_and_Time/69. Wednesday/MVI_4601.MOV,WEDNESDAY,signer00,val,include
E:/datasets/INCLUDE/extracted/Days_and_Time/69. Wednesday/MVI_4602.MOV,WEDNESDAY,signer00,val,include
E:/datasets/INCLUDE/extracted/Days_and_Time/69. Wednesday/MVI_5016.MOV,WEDNESDAY,signer01,test,include
E:/datasets/INCLUDE/extracted/Days_and_Time/69. Wednesday/MVI_5017.MOV,WEDNESDAY,signer01,test,include
E:/datasets/INCLUDE/extracted/Days_and_Time/69. Wednesday/MVI_5018.MOV,WEDNESDAY,signer01,test,include
E:/datasets/INCLUDE/extracted/Days_and_Time/69. Wednesday/MVI_5454.MOV,WEDNESDAY,signer02,train,include
E:/datasets/INCLUDE/extracted/Days_and_Time/69. Wednesday/MVI_5455.MOV,WEDNESDAY,signer02,train,include
E:/datasets/INCLUDE/extracted/Days_and_Time/69. Wednesday/MVI_5456.MOV,WEDNESDAY,signer02,train,include
E:/datasets/INCLUDE/extracted/Days_and_Time/69. Wednesday/MVI_5457.MOV,WEDNESDAY,signer02,train,include
E:/datasets/INCLUDE/extracted/Days_and_Time/69. Wednesday/MVI_9148.MP4,WEDNESDAY,signer03,train,include
E:/datasets/INCLUDE/extracted/Days_and_Time/69. Wednesday/MVI_9149.MP4,WEDNESDAY,signer03,train,include
E:/datasets/INCLUDE/extracted/Days_and_Time/69. Wednesday/MVI_9150.MP4,WEDNESDAY,signer03,train,include
E:/datasets/INCLUDE/extracted/Days_and_Time/70. Thursday/MVI_4603.MOV,THURSDAY,signer00,val,include
E:/datasets/INCLUDE/extracted/Days_and_Time/70. Thursday/MVI_4604.MOV,THURSDAY,signer00,val,include
E:/datasets/INCLUDE/extracted/Days_and_Time/70. Thursday/MVI_4605.MOV,THURSDAY,signer00,val,include
E:/datasets/INCLUDE/extracted/Days_and_Time/70. Thursday/MVI_4606.MOV,THURSDAY,signer00,val,include
E:/datasets/INCLUDE/extracted/Days_and_Time/70. Thursday/MVI_5019.MOV,THURSDAY,signer01,test,include
E:/datasets/INCLUDE/extracted/Days_and_Time/70. Thursday/MVI_5020.MOV,THURSDAY,signer01,test,include
E:/datasets/INCLUDE/extracted/Days_and_Time/70. Thursday/MVI_5021.MOV,THURSDAY,signer01,test,include
E:/datasets/INCLUDE/extracted/Days_and_Time/70. Thursday/MVI_5458.MOV,THURSDAY,signer02,train,include
E:/datasets/INCLUDE/extracted/Days_and_Time/70. Thursday/MVI_5459.MOV,THURSDAY,signer02,train,include
E:/datasets/INCLUDE/extracted/Days_and_Time/70. Thursday/MVI_5460.MOV,THURSDAY,signer02,train,include
E:/datasets/INCLUDE/extracted/Days_and_Time/70. Thursday/MVI_5461.MOV,THURSDAY,signer02,train,include
E:/datasets/INCLUDE/extracted/Days_and_Time/70. Thursday/MVI_9151.MP4,THURSDAY,signer03,train,include
E:/datasets/INCLUDE/extracted/Days_and_Time/70. Thursday/MVI_9152.MP4,THURSDAY,signer03,train,include
E:/datasets/INCLUDE/extracted/Days_and_Time/70. Thursday/MVI_9153.MP4,THURSDAY,signer03,train,include
E:/datasets/INCLUDE/extracted/Days_and_Time/71. Friday/MVI_4607.MOV,FRIDAY,signer00,val,include
E:/datasets/INCLUDE/extracted/Days_and_Time/71. Friday/MVI_4608.MOV,FRIDAY,signer00,val,include
E:/datasets/INCLUDE/extracted/Days_and_Time/71. Friday/MVI_4609.MOV,FRIDAY,signer00,val,include
E:/datasets/INCLUDE/extracted/Days_and_Time/71. Friday/MVI_4610.MOV,FRIDAY,signer00,val,include
E:/datasets/INCLUDE/extracted/Days_and_Time/71. Friday/MVI_5022.MOV,FRIDAY,signer01,test,include
E:/datasets/INCLUDE/extracted/Days_and_Time/71. Friday/MVI_5023.MOV,FRIDAY,signer01,test,include
E:/datasets/INCLUDE/extracted/Days_and_Time/71. Friday/MVI_5026.MOV,FRIDAY,signer01,test,include
E:/datasets/INCLUDE/extracted/Days_and_Time/71. Friday/MVI_5462.MOV,FRIDAY,signer02,train,include
E:/datasets/INCLUDE/extracted/Days_and_Time/71. Friday/MVI_5463.MOV,FRIDAY,signer02,train,include
E:/datasets/INCLUDE/extracted/Days_and_Time/71. Friday/MVI_5464.MOV,FRIDAY,signer02,train,include
E:/datasets/INCLUDE/extracted/Days_and_Time/71. Friday/MVI_5465.MOV,FRIDAY,signer02,train,include
E:/datasets/INCLUDE/extracted/Days_and_Time/71. Friday/MVI_9154.MP4,FRIDAY,signer03,train,include
E:/datasets/INCLUDE/extracted/Days_and_Time/71. Friday/MVI_9155.MP4,FRIDAY,signer03,train,include
E:/datasets/INCLUDE/extracted/Days_and_Time/71. Friday/MVI_9156.MP4,FRIDAY,signer03,train,include
E:/datasets/INCLUDE/extracted/Days_and_Time/72. Saturday/MVI_4611.MOV,SATURDAY,signer00,val,include
E:/datasets/INCLUDE/extracted/Days_and_Time/72. Saturday/MVI_4612.MOV,SATURDAY,signer00,val,include
E:/datasets/INCLUDE/extracted/Days_and_Time/72. Saturday/MVI_4613.MOV,SATURDAY,signer00,val,include
E:/datasets/INCLUDE/extracted/Days_and_Time/72. Saturday/MVI_4614.MOV,SATURDAY,signer00,val,include
E:/datasets/INCLUDE/extracted/Days_and_Time/72. Saturday/MVI_5027.MOV,SATURDAY,signer01,test,include
E:/datasets/INCLUDE/extracted/Days_and_Time/72. Saturday/MVI_5028.MOV,SATURDAY,signer01,test,include
E:/datasets/INCLUDE/extracted/Days_and_Time/72. Saturday/MVI_5030.MOV,SATURDAY,signer01,test,include
E:/datasets/INCLUDE/extracted/Days_and_Time/72. Saturday/MVI_5466.MOV,SATURDAY,signer02,train,include
E:/datasets/INCLUDE/extracted/Days_and_Time/72. Saturday/MVI_5467.MOV,SATURDAY,signer02,train,include
E:/datasets/INCLUDE/extracted/Days_and_Time/72. Saturday/MVI_5468.MOV,SATURDAY,signer02,train,include
E:/datasets/INCLUDE/extracted/Days_and_Time/72. Saturday/MVI_5469.MOV,SATURDAY,signer02,train,include
E:/datasets/INCLUDE/extracted/Days_and_Time/72. Saturday/MVI_9157.MP4,SATURDAY,signer03,train,include
E:/datasets/INCLUDE/extracted/Days_and_Time/72. Saturday/MVI_9158.MP4,SATURDAY,signer03,train,include
E:/datasets/INCLUDE/extracted/Days_and_Time/72. Saturday/MVI_9159.MP4,SATURDAY,signer03,train,include
E:/datasets/INCLUDE/extracted/Days_and_Time/73. Today/MVI_4615.MOV,TODAY,signer00,val,include
E:/datasets/INCLUDE/extracted/Days_and_Time/73. Today/MVI_4616.MOV,TODAY,signer00,val,include
E:/datasets/INCLUDE/extracted/Days_and_Time/73. Today/MVI_4617.MOV,TODAY,signer00,val,include
E:/datasets/INCLUDE/extracted/Days_and_Time/73. Today/MVI_4618.MOV,TODAY,signer00,val,include
E:/datasets/INCLUDE/extracted/Days_and_Time/73. Today/MVI_5031.MOV,TODAY,signer01,test,include
E:/datasets/INCLUDE/extracted/Days_and_Time/73. Today/MVI_5032.MOV,TODAY,signer01,test,include
E:/datasets/INCLUDE/extracted/Days_and_Time/73. Today/MVI_5033.MOV,TODAY,signer01,test,include
E:/datasets/INCLUDE/extracted/Days_and_Time/73. Today/MVI_5470.MOV,TODAY,signer02,train,include
E:/datasets/INCLUDE/extracted/Days_and_Time/73. Today/MVI_5471.MOV,TODAY,signer02,train,include
E:/datasets/INCLUDE/extracted/Days_and_Time/73. Today/MVI_5472.MOV,TODAY,signer02,train,include
E:/datasets/INCLUDE/extracted/Days_and_Time/73. Today/MVI_5473.MOV,TODAY,signer02,train,include
E:/datasets/INCLUDE/extracted/Days_and_Time/73. Today/MVI_9160.MP4,TODAY,signer03,train,include
E:/datasets/INCLUDE/extracted/Days_and_Time/73. Today/MVI_9161.MP4,TODAY,signer03,train,include
E:/datasets/INCLUDE/extracted/Days_and_Time/73. Today/MVI_9162.MP4,TODAY,signer03,train,include
E:/datasets/INCLUDE/extracted/Days_and_Time/74. Tomorrow/MVI_4619.MOV,TOMORROW,signer00,val,include
E:/datasets/INCLUDE/extracted/Days_and_Time/74. Tomorrow/MVI_4620.MOV,TOMORROW,signer00,val,include
E:/datasets/INCLUDE/extracted/Days_and_Time/74. Tomorrow/MVI_4621.MOV,TOMORROW,signer00,val,include
E:/datasets/INCLUDE/extracted/Days_and_Time/74. Tomorrow/MVI_4622.MOV,TOMORROW,signer00,val,include
E:/datasets/INCLUDE/extracted/Days_and_Time/74. Tomorrow/MVI_5034.MOV,TOMORROW,signer01,test,include
E:/datasets/INCLUDE/extracted/Days_and_Time/74. Tomorrow/MVI_5035.MOV,TOMORROW,signer01,test,include
E:/datasets/INCLUDE/extracted/Days_and_Time/74. Tomorrow/MVI_5036.MOV,TOMORROW,signer01,test,include
E:/datasets/INCLUDE/extracted/Days_and_Time/74. Tomorrow/MVI_5474.MOV,TOMORROW,signer02,train,include
E:/datasets/INCLUDE/extracted/Days_and_Time/74. Tomorrow/MVI_5475.MOV,TOMORROW,signer02,train,include
E:/datasets/INCLUDE/extracted/Days_and_Time/74. Tomorrow/MVI_5476.MOV,TOMORROW,signer02,train,include
E:/datasets/INCLUDE/extracted/Days_and_Time/74. Tomorrow/MVI_5477.MOV,TOMORROW,signer02,train,include
E:/datasets/INCLUDE/extracted/Days_and_Time/74. Tomorrow/MVI_9163.MP4,TOMORROW,signer03,train,include
E:/datasets/INCLUDE/extracted/Days_and_Time/74. Tomorrow/MVI_9164.MP4,TOMORROW,signer03,train,include
E:/datasets/INCLUDE/extracted/Days_and_Time/74. Tomorrow/MVI_9165.MP4,TOMORROW,signer03,train,include
E:/datasets/INCLUDE/extracted/Days_and_Time/75. Yesterday/MVI_4623.MOV,YESTERDAY,signer00,val,include
E:/datasets/INCLUDE/extracted/Days_and_Time/75. Yesterday/MVI_4624.MOV,YESTERDAY,signer00,val,include
E:/datasets/INCLUDE/extracted/Days_and_Time/75. Yesterday/MVI_4625.MOV,YESTERDAY,signer00,val,include
E:/datasets/INCLUDE/extracted/Days_and_Time/75. Yesterday/MVI_4626.MOV,YESTERDAY,signer00,val,include
E:/datasets/INCLUDE/extracted/Days_and_Time/75. Yesterday/MVI_5037.MOV,YESTERDAY,signer01,test,include
E:/datasets/INCLUDE/extracted/Days_and_Time/75. Yesterday/MVI_5038.MOV,YESTERDAY,signer01,test,include
E:/datasets/INCLUDE/extracted/Days_and_Time/75. Yesterday/MVI_5040.MOV,YESTERDAY,signer01,test,include
E:/datasets/INCLUDE/extracted/Days_and_Time/75. Yesterday/MVI_5478.MOV,YESTERDAY,signer02,train,include
E:/datasets/INCLUDE/extracted/Days_and_Time/75. Yesterday/MVI_5479.MOV,YESTERDAY,signer02,train,include
E:/datasets/INCLUDE/extracted/Days_and_Time/75. Yesterday/MVI_5480.MOV,YESTERDAY,signer02,train,include
E:/datasets/INCLUDE/extracted/Days_and_Time/75. Yesterday/MVI_5481.MOV,YESTERDAY,signer02,train,include
E:/datasets/INCLUDE/extracted/Days_and_Time/75. Yesterday/MVI_9166.MP4,YESTERDAY,signer03,train,include
E:/datasets/INCLUDE/extracted/Days_and_Time/75. Yesterday/MVI_9167.MP4,YESTERDAY,signer03,train,include
E:/datasets/INCLUDE/extracted/Days_and_Time/75. Yesterday/MVI_9168.MP4,YESTERDAY,signer03,train,include
E:/datasets/INCLUDE/extracted/Days_and_Time/76. Week/MVI_4627.MOV,WEEK,signer00,val,include
E:/datasets/INCLUDE/extracted/Days_and_Time/76. Week/MVI_4628.MOV,WEEK,signer00,val,include
E:/datasets/INCLUDE/extracted/Days_and_Time/76. Week/MVI_4629.MOV,WEEK,signer00,val,include
E:/datasets/INCLUDE/extracted/Days_and_Time/76. Week/MVI_4630.MOV,WEEK,signer00,val,include
E:/datasets/INCLUDE/extracted/Days_and_Time/76. Week/MVI_5041.MOV,WEEK,signer01,test,include
E:/datasets/INCLUDE/extracted/Days_and_Time/76. Week/MVI_5042.MOV,WEEK,signer01,test,include
E:/datasets/INCLUDE/extracted/Days_and_Time/76. Week/MVI_5043.MOV,WEEK,signer01,test,include
E:/datasets/INCLUDE/extracted/Days_and_Time/76. Week/MVI_5482.MOV,WEEK,signer02,train,include
E:/datasets/INCLUDE/extracted/Days_and_Time/76. Week/MVI_5484.MOV,WEEK,signer02,train,include
E:/datasets/INCLUDE/extracted/Days_and_Time/76. Week/MVI_5485.MOV,WEEK,signer02,train,include
E:/datasets/INCLUDE/extracted/Days_and_Time/76. Week/MVI_5486.MOV,WEEK,signer02,train,include
E:/datasets/INCLUDE/extracted/Days_and_Time/76. Week/MVI_9169.MP4,WEEK,signer03,train,include
E:/datasets/INCLUDE/extracted/Days_and_Time/76. Week/MVI_9170.MP4,WEEK,signer03,train,include
E:/datasets/INCLUDE/extracted/Days_and_Time/76. Week/MVI_9171.MP4,WEEK,signer03,train,include
E:/datasets/INCLUDE/extracted/Days_and_Time/77. Month/MVI_4631.MOV,MONTH,signer00,val,include
E:/datasets/INCLUDE/extracted/Days_and_Time/77. Month/MVI_4632.MOV,MONTH,signer00,val,include
E:/datasets/INCLUDE/extracted/Days_and_Time/77. Month/MVI_4633.MOV,MONTH,signer00,val,include
E:/datasets/INCLUDE/extracted/Days_and_Time/77. Month/MVI_4634.MOV,MONTH,signer00,val,include
E:/datasets/INCLUDE/extracted/Days_and_Time/77. Month/MVI_5044.MOV,MONTH,signer01,test,include
E:/datasets/INCLUDE/extracted/Days_and_Time/77. Month/MVI_5045.MOV,MONTH,signer01,test,include
E:/datasets/INCLUDE/extracted/Days_and_Time/77. Month/MVI_5046.MOV,MONTH,signer01,test,include
E:/datasets/INCLUDE/extracted/Days_and_Time/77. Month/MVI_5487.MOV,MONTH,signer02,train,include
E:/datasets/INCLUDE/extracted/Days_and_Time/77. Month/MVI_5488.MOV,MONTH,signer02,train,include
E:/datasets/INCLUDE/extracted/Days_and_Time/77. Month/MVI_5489.MOV,MONTH,signer02,train,include
E:/datasets/INCLUDE/extracted/Days_and_Time/77. Month/MVI_5490.MOV,MONTH,signer02,train,include
E:/datasets/INCLUDE/extracted/Days_and_Time/77. Month/MVI_9172.MP4,MONTH,signer03,train,include
E:/datasets/INCLUDE/extracted/Days_and_Time/77. Month/MVI_9173.MP4,MONTH,signer03,train,include
E:/datasets/INCLUDE/extracted/Days_and_Time/77. Month/MVI_9174.MP4,MONTH,signer03,train,include
E:/datasets/INCLUDE/extracted/Days_and_Time/78. Year/MVI_4635.MOV,YEAR,signer00,val,include
E:/datasets/INCLUDE/extracted/Days_and_Time/78. Year/MVI_4636.MOV,YEAR,signer00,val,include
E:/datasets/INCLUDE/extracted/Days_and_Time/78. Year/MVI_4637.MOV,YEAR,signer00,val,include
E:/datasets/INCLUDE/extracted/Days_and_Time/78. Year/MVI_4638.MOV,YEAR,signer00,val,include
E:/datasets/INCLUDE/extracted/Days_and_Time/78. Year/MVI_5047.MOV,YEAR,signer01,test,include
E:/datasets/INCLUDE/extracted/Days_and_Time/78. Year/MVI_5048.MOV,YEAR,signer01,test,include
E:/datasets/INCLUDE/extracted/Days_and_Time/78. Year/MVI_5049.MOV,YEAR,signer01,test,include
E:/datasets/INCLUDE/extracted/Days_and_Time/78. Year/MVI_5491.MOV,YEAR,signer02,train,include
E:/datasets/INCLUDE/extracted/Days_and_Time/78. Year/MVI_5492.MOV,YEAR,signer02,train,include
E:/datasets/INCLUDE/extracted/Days_and_Time/78. Year/MVI_5493.MOV,YEAR,signer02,train,include
E:/datasets/INCLUDE/extracted/Days_and_Time/78. Year/MVI_5494.MOV,YEAR,signer02,train,include
E:/datasets/INCLUDE/extracted/Days_and_Time/78. Year/MVI_9175.MP4,YEAR,signer03,train,include
E:/datasets/INCLUDE/extracted/Days_and_Time/78. Year/MVI_9176.MP4,YEAR,signer03,train,include
E:/datasets/INCLUDE/extracted/Days_and_Time/78. Year/MVI_9177.MP4,YEAR,signer03,train,include
E:/datasets/INCLUDE/extracted/Days_and_Time/78. Year/MVI_9178.MP4,YEAR,signer03,train,include
E:/datasets/INCLUDE/extracted/Days_and_Time/79. Hour/MVI_4639.MOV,HOUR,signer00,val,include
E:/datasets/INCLUDE/extracted/Days_and_Time/79. Hour/MVI_4640.MOV,HOUR,signer00,val,include
E:/datasets/INCLUDE/extracted/Days_and_Time/79. Hour/MVI_4641.MOV,HOUR,signer00,val,include
E:/datasets/INCLUDE/extracted/Days_and_Time/79. Hour/MVI_4642.MOV,HOUR,signer00,val,include
E:/datasets/INCLUDE/extracted/Days_and_Time/79. Hour/MVI_5050.MOV,HOUR,signer01,test,include
E:/datasets/INCLUDE/extracted/Days_and_Time/79. Hour/MVI_5051.MOV,HOUR,signer01,test,include
E:/datasets/INCLUDE/extracted/Days_and_Time/79. Hour/MVI_5052.MOV,HOUR,signer01,test,include
E:/datasets/INCLUDE/extracted/Days_and_Time/79. Hour/MVI_5495.MOV,HOUR,signer02,train,include
E:/datasets/INCLUDE/extracted/Days_and_Time/79. Hour/MVI_5496.MOV,HOUR,signer02,train,include
E:/datasets/INCLUDE/extracted/Days_and_Time/79. Hour/MVI_5497.MOV,HOUR,signer02,train,include
E:/datasets/INCLUDE/extracted/Days_and_Time/79. Hour/MVI_5498.MOV,HOUR,signer02,train,include
E:/datasets/INCLUDE/extracted/Days_and_Time/79. Hour/MVI_9179.MP4,HOUR,signer03,train,include
E:/datasets/INCLUDE/extracted/Days_and_Time/79. Hour/MVI_9180.MP4,HOUR,signer03,train,include
E:/datasets/INCLUDE/extracted/Days_and_Time/79. Hour/MVI_9181.MP4,HOUR,signer03,train,include
E:/datasets/INCLUDE/extracted/Days_and_Time/80. Minute/MVI_4643.MOV,MINUTE,signer00,val,include
E:/datasets/INCLUDE/extracted/Days_and_Time/80. Minute/MVI_4644.MOV,MINUTE,signer00,val,include
E:/datasets/INCLUDE/extracted/Days_and_Time/80. Minute/MVI_4645.MOV,MINUTE,signer00,val,include
E:/datasets/INCLUDE/extracted/Days_and_Time/80. Minute/MVI_4646.MOV,MINUTE,signer00,val,include
E:/datasets/INCLUDE/extracted/Days_and_Time/80. Minute/MVI_5053.MOV,MINUTE,signer01,test,include
E:/datasets/INCLUDE/extracted/Days_and_Time/80. Minute/MVI_5054.MOV,MINUTE,signer01,test,include
E:/datasets/INCLUDE/extracted/Days_and_Time/80. Minute/MVI_5055.MOV,MINUTE,signer01,test,include
E:/datasets/INCLUDE/extracted/Days_and_Time/80. Minute/MVI_5499.MOV,MINUTE,signer02,train,include
E:/datasets/INCLUDE/extracted/Days_and_Time/80. Minute/MVI_5500.MOV,MINUTE,signer02,train,include
E:/datasets/INCLUDE/extracted/Days_and_Time/80. Minute/MVI_5501.MOV,MINUTE,signer02,train,include
E:/datasets/INCLUDE/extracted/Days_and_Time/80. Minute/MVI_5502.MOV,MINUTE,signer02,train,include
E:/datasets/INCLUDE/extracted/Days_and_Time/80. Minute/MVI_9182.MP4,MINUTE,signer03,train,include
E:/datasets/INCLUDE/extracted/Days_and_Time/80. Minute/MVI_9183.MP4,MINUTE,signer03,train,include
E:/datasets/INCLUDE/extracted/Days_and_Time/80. Minute/MVI_9184.MP4,MINUTE,signer03,train,include
E:/datasets/INCLUDE/extracted/Days_and_Time/82. Morning/MVI_4651.MOV,MORNING,signer00,val,include
E:/datasets/INCLUDE/extracted/Days_and_Time/82. Morning/MVI_4652.MOV,MORNING,signer00,val,include
E:/datasets/INCLUDE/extracted/Days_and_Time/82. Morning/MVI_4653.MOV,MORNING,signer00,val,include
E:/datasets/INCLUDE/extracted/Days_and_Time/82. Morning/MVI_4654.MOV,MORNING,signer00,val,include
E:/datasets/INCLUDE/extracted/Days_and_Time/82. Morning/MVI_5060.MOV,MORNING,signer01,test,include
E:/datasets/INCLUDE/extracted/Days_and_Time/82. Morning/MVI_5061.MOV,MORNING,signer01,test,include
E:/datasets/INCLUDE/extracted/Days_and_Time/82. Morning/MVI_5062.MOV,MORNING,signer01,test,include
E:/datasets/INCLUDE/extracted/Days_and_Time/82. Morning/MVI_5507.MOV,MORNING,signer02,train,include
E:/datasets/INCLUDE/extracted/Days_and_Time/82. Morning/MVI_5508.MOV,MORNING,signer02,train,include
E:/datasets/INCLUDE/extracted/Days_and_Time/82. Morning/MVI_5509.MOV,MORNING,signer02,train,include
E:/datasets/INCLUDE/extracted/Days_and_Time/82. Morning/MVI_5510.MOV,MORNING,signer02,train,include
E:/datasets/INCLUDE/extracted/Days_and_Time/82. Morning/MVI_9188.MP4,MORNING,signer03,train,include
E:/datasets/INCLUDE/extracted/Days_and_Time/82. Morning/MVI_9189.MP4,MORNING,signer03,train,include
E:/datasets/INCLUDE/extracted/Days_and_Time/82. Morning/MVI_9190.MP4,MORNING,signer03,train,include
E:/datasets/INCLUDE/extracted/Days_and_Time/83. Afternoon/MVI_4655.MOV,AFTERNOON,signer00,val,include
E:/datasets/INCLUDE/extracted/Days_and_Time/83. Afternoon/MVI_4656.MOV,AFTERNOON,signer00,val,include
E:/datasets/INCLUDE/extracted/Days_and_Time/83. Afternoon/MVI_4657.MOV,AFTERNOON,signer00,val,include
E:/datasets/INCLUDE/extracted/Days_and_Time/83. Afternoon/MVI_4658.MOV,AFTERNOON,signer00,val,include
E:/datasets/INCLUDE/extracted/Days_and_Time/83. Afternoon/MVI_5063.MOV,AFTERNOON,signer01,test,include
E:/datasets/INCLUDE/extracted/Days_and_Time/83. Afternoon/MVI_5064.MOV,AFTERNOON,signer01,test,include
E:/datasets/INCLUDE/extracted/Days_and_Time/83. Afternoon/MVI_5065.MOV,AFTERNOON,signer01,test,include
E:/datasets/INCLUDE/extracted/Days_and_Time/83. Afternoon/MVI_5511.MOV,AFTERNOON,signer02,train,include
E:/datasets/INCLUDE/extracted/Days_and_Time/83. Afternoon/MVI_5512.MOV,AFTERNOON,signer02,train,include
E:/datasets/INCLUDE/extracted/Days_and_Time/83. Afternoon/MVI_5513.MOV,AFTERNOON,signer02,train,include
E:/datasets/INCLUDE/extracted/Days_and_Time/83. Afternoon/MVI_5514.MOV,AFTERNOON,signer02,train,include
E:/datasets/INCLUDE/extracted/Days_and_Time/83. Afternoon/MVI_9191.MP4,AFTERNOON,signer03,train,include
E:/datasets/INCLUDE/extracted/Days_and_Time/83. Afternoon/MVI_9192.MP4,AFTERNOON,signer03,train,include
E:/datasets/INCLUDE/extracted/Days_and_Time/83. Afternoon/MVI_9193.MP4,AFTERNOON,signer03,train,include
E:/datasets/INCLUDE/extracted/Days_and_Time/84. Evening/MVI_4659.MOV,EVENING,signer00,val,include
E:/datasets/INCLUDE/extracted/Days_and_Time/84. Evening/MVI_4660.MOV,EVENING,signer00,val,include
E:/datasets/INCLUDE/extracted/Days_and_Time/84. Evening/MVI_4661.MOV,EVENING,signer00,val,include
E:/datasets/INCLUDE/extracted/Days_and_Time/84. Evening/MVI_4662.MOV,EVENING,signer00,val,include
E:/datasets/INCLUDE/extracted/Days_and_Time/84. Evening/MVI_5070.MOV,EVENING,signer01,test,include
E:/datasets/INCLUDE/extracted/Days_and_Time/84. Evening/MVI_5071.MOV,EVENING,signer01,test,include
E:/datasets/INCLUDE/extracted/Days_and_Time/84. Evening/MVI_5072.MOV,EVENING,signer01,test,include
E:/datasets/INCLUDE/extracted/Days_and_Time/84. Evening/MVI_5515.MOV,EVENING,signer02,train,include
E:/datasets/INCLUDE/extracted/Days_and_Time/84. Evening/MVI_5517.MOV,EVENING,signer02,train,include
E:/datasets/INCLUDE/extracted/Days_and_Time/84. Evening/MVI_5518.MOV,EVENING,signer02,train,include
E:/datasets/INCLUDE/extracted/Days_and_Time/84. Evening/MVI_5519.MOV,EVENING,signer02,train,include
E:/datasets/INCLUDE/extracted/Days_and_Time/84. Evening/MVI_9194.MP4,EVENING,signer03,train,include
E:/datasets/INCLUDE/extracted/Days_and_Time/84. Evening/MVI_9195.MP4,EVENING,signer03,train,include
E:/datasets/INCLUDE/extracted/Days_and_Time/84. Evening/MVI_9196.MP4,EVENING,signer03,train,include
E:/datasets/INCLUDE/extracted/Days_and_Time/85. Night/MVI_4663.MOV,NIGHT,signer00,val,include
E:/datasets/INCLUDE/extracted/Days_and_Time/85. Night/MVI_4664.MOV,NIGHT,signer00,val,include
E:/datasets/INCLUDE/extracted/Days_and_Time/85. Night/MVI_4665.MOV,NIGHT,signer00,val,include
E:/datasets/INCLUDE/extracted/Days_and_Time/85. Night/MVI_4666.MOV,NIGHT,signer00,val,include
E:/datasets/INCLUDE/extracted/Days_and_Time/85. Night/MVI_5073.MOV,NIGHT,signer01,test,include
E:/datasets/INCLUDE/extracted/Days_and_Time/85. Night/MVI_5074.MOV,NIGHT,signer01,test,include
E:/datasets/INCLUDE/extracted/Days_and_Time/85. Night/MVI_5076.MOV,NIGHT,signer01,test,include
E:/datasets/INCLUDE/extracted/Days_and_Time/85. Night/MVI_5520.MOV,NIGHT,signer02,train,include
E:/datasets/INCLUDE/extracted/Days_and_Time/85. Night/MVI_5521.MOV,NIGHT,signer02,train,include
E:/datasets/INCLUDE/extracted/Days_and_Time/85. Night/MVI_5522.MOV,NIGHT,signer02,train,include
E:/datasets/INCLUDE/extracted/Days_and_Time/85. Night/MVI_5523.MOV,NIGHT,signer02,train,include
E:/datasets/INCLUDE/extracted/Days_and_Time/85. Night/MVI_9197.MP4,NIGHT,signer03,train,include
E:/datasets/INCLUDE/extracted/Days_and_Time/85. Night/MVI_9198.MP4,NIGHT,signer03,train,include
E:/datasets/INCLUDE/extracted/Days_and_Time/85. Night/MVI_9199.MP4,NIGHT,signer03,train,include
E:/datasets/INCLUDE/extracted/Days_and_Time/85. Night/MVI_9200.MP4,NIGHT,signer03,train,include
E:/datasets/INCLUDE/extracted/Days_and_Time/86. Time/MVI_4667.MOV,TIME,signer00,val,include
E:/datasets/INCLUDE/extracted/Days_and_Time/86. Time/MVI_4668.MOV,TIME,signer00,val,include
E:/datasets/INCLUDE/extracted/Days_and_Time/86. Time/MVI_4669.MOV,TIME,signer00,val,include
E:/datasets/INCLUDE/extracted/Days_and_Time/86. Time/MVI_4670.MOV,TIME,signer00,val,include
E:/datasets/INCLUDE/extracted/Days_and_Time/86. Time/MVI_5077.MOV,TIME,signer01,test,include
E:/datasets/INCLUDE/extracted/Days_and_Time/86. Time/MVI_5078.MOV,TIME,signer01,test,include
E:/datasets/INCLUDE/extracted/Days_and_Time/86. Time/MVI_5079.MOV,TIME,signer01,test,include
E:/datasets/INCLUDE/extracted/Days_and_Time/86. Time/MVI_5524.MOV,TIME,signer02,train,include
E:/datasets/INCLUDE/extracted/Days_and_Time/86. Time/MVI_5525.MOV,TIME,signer02,train,include
E:/datasets/INCLUDE/extracted/Days_and_Time/86. Time/MVI_5526.MOV,TIME,signer02,train,include
E:/datasets/INCLUDE/extracted/Days_and_Time/86. Time/MVI_5527.MOV,TIME,signer02,train,include
E:/datasets/INCLUDE/extracted/Days_and_Time/86. Time/MVI_9201.MP4,TIME,signer03,train,include
E:/datasets/INCLUDE/extracted/Days_and_Time/86. Time/MVI_9202.MP4,TIME,signer03,train,include
E:/datasets/INCLUDE/extracted/Days_and_Time/86. Time/MVI_9203.MP4,TIME,signer03,train,include
E:/datasets/INCLUDE/extracted/Days_and_Time/86. Time/MVI_9204.MP4,TIME,signer03,train,include
E:/datasets/INCLUDE/extracted/Electronics/51. Clock/MVI_4524.MOV,CLOCK,signer00,val,include
E:/datasets/INCLUDE/extracted/Electronics/51. Clock/MVI_4525.MOV,CLOCK,signer00,val,include
E:/datasets/INCLUDE/extracted/Electronics/51. Clock/MVI_4526.MOV,CLOCK,signer00,val,include
E:/datasets/INCLUDE/extracted/Electronics/51. Clock/MVI_4527.MOV,CLOCK,signer00,val,include
E:/datasets/INCLUDE/extracted/Electronics/51. Clock/MVI_4959.MOV,CLOCK,signer01,test,include
E:/datasets/INCLUDE/extracted/Electronics/51. Clock/MVI_4960.MOV,CLOCK,signer01,test,include
E:/datasets/INCLUDE/extracted/Electronics/51. Clock/MVI_5379.MOV,CLOCK,signer02,train,include
E:/datasets/INCLUDE/extracted/Electronics/51. Clock/MVI_5380.MOV,CLOCK,signer02,train,include
E:/datasets/INCLUDE/extracted/Electronics/51. Clock/MVI_5381.MOV,CLOCK,signer02,train,include
E:/datasets/INCLUDE/extracted/Electronics/51. Clock/MVI_5382.MOV,CLOCK,signer02,train,include
E:/datasets/INCLUDE/extracted/Electronics/51. Clock/MVI_9091.MP4,CLOCK,signer03,train,include
E:/datasets/INCLUDE/extracted/Electronics/51. Clock/MVI_9092.MP4,CLOCK,signer03,train,include
E:/datasets/INCLUDE/extracted/Electronics/51. Clock/MVI_9093.MP4,CLOCK,signer03,train,include
E:/datasets/INCLUDE/extracted/Electronics/52. Lamp/MVI_4528.MOV,LAMP,signer00,val,include
E:/datasets/INCLUDE/extracted/Electronics/52. Lamp/MVI_4529.MOV,LAMP,signer00,val,include
E:/datasets/INCLUDE/extracted/Electronics/52. Lamp/MVI_4530.MOV,LAMP,signer00,val,include
E:/datasets/INCLUDE/extracted/Electronics/52. Lamp/MVI_4531.MOV,LAMP,signer00,val,include
E:/datasets/INCLUDE/extracted/Electronics/52. Lamp/MVI_4961.MOV,LAMP,signer01,test,include
E:/datasets/INCLUDE/extracted/Electronics/52. Lamp/MVI_4962.MOV,LAMP,signer01,test,include
E:/datasets/INCLUDE/extracted/Electronics/52. Lamp/MVI_4963.MOV,LAMP,signer01,test,include
E:/datasets/INCLUDE/extracted/Electronics/52. Lamp/MVI_5383.MOV,LAMP,signer02,train,include
E:/datasets/INCLUDE/extracted/Electronics/52. Lamp/MVI_5384.MOV,LAMP,signer02,train,include
E:/datasets/INCLUDE/extracted/Electronics/52. Lamp/MVI_5385.MOV,LAMP,signer02,train,include
E:/datasets/INCLUDE/extracted/Electronics/52. Lamp/MVI_5386.MOV,LAMP,signer02,train,include
E:/datasets/INCLUDE/extracted/Electronics/52. Lamp/MVI_9094.MP4,LAMP,signer03,train,include
E:/datasets/INCLUDE/extracted/Electronics/52. Lamp/MVI_9095.MP4,LAMP,signer03,train,include
E:/datasets/INCLUDE/extracted/Electronics/52. Lamp/MVI_9096.MP4,LAMP,signer03,train,include
E:/datasets/INCLUDE/extracted/Electronics/53. Fan/MVI_4532.MOV,FAN,signer00,val,include
E:/datasets/INCLUDE/extracted/Electronics/53. Fan/MVI_4533.MOV,FAN,signer00,val,include
E:/datasets/INCLUDE/extracted/Electronics/53. Fan/MVI_4534.MOV,FAN,signer00,val,include
E:/datasets/INCLUDE/extracted/Electronics/53. Fan/MVI_4535.MOV,FAN,signer00,val,include
E:/datasets/INCLUDE/extracted/Electronics/53. Fan/MVI_4536.MOV,FAN,signer00,val,include
E:/datasets/INCLUDE/extracted/Electronics/53. Fan/MVI_4964.MOV,FAN,signer01,test,include
E:/datasets/INCLUDE/extracted/Electronics/53. Fan/MVI_4965.MOV,FAN,signer01,test,include
E:/datasets/INCLUDE/extracted/Electronics/53. Fan/MVI_4966.MOV,FAN,signer01,test,include
E:/datasets/INCLUDE/extracted/Electronics/53. Fan/MVI_5387.MOV,FAN,signer02,train,include
E:/datasets/INCLUDE/extracted/Electronics/53. Fan/MVI_5388.MOV,FAN,signer02,train,include
E:/datasets/INCLUDE/extracted/Electronics/53. Fan/MVI_5389.MOV,FAN,signer02,train,include
E:/datasets/INCLUDE/extracted/Electronics/53. Fan/MVI_5390.MOV,FAN,signer02,train,include
E:/datasets/INCLUDE/extracted/Electronics/53. Fan/MVI_9097.MP4,FAN,signer03,train,include
E:/datasets/INCLUDE/extracted/Electronics/53. Fan/MVI_9098.MP4,FAN,signer03,train,include
E:/datasets/INCLUDE/extracted/Electronics/53. Fan/MVI_9099.MP4,FAN,signer03,train,include
E:/datasets/INCLUDE/extracted/Electronics/54. Cell phone/MVI_4537.MOV,CELL_PHONE,signer00,val,include
E:/datasets/INCLUDE/extracted/Electronics/54. Cell phone/MVI_4538.MOV,CELL_PHONE,signer00,val,include
E:/datasets/INCLUDE/extracted/Electronics/54. Cell phone/MVI_4539.MOV,CELL_PHONE,signer00,val,include
E:/datasets/INCLUDE/extracted/Electronics/54. Cell phone/MVI_4540.MOV,CELL_PHONE,signer00,val,include
E:/datasets/INCLUDE/extracted/Electronics/54. Cell phone/MVI_4967.MOV,CELL_PHONE,signer01,test,include
E:/datasets/INCLUDE/extracted/Electronics/54. Cell phone/MVI_4968.MOV,CELL_PHONE,signer01,test,include
E:/datasets/INCLUDE/extracted/Electronics/54. Cell phone/MVI_4969.MOV,CELL_PHONE,signer01,test,include
E:/datasets/INCLUDE/extracted/Electronics/54. Cell phone/MVI_5391.MOV,CELL_PHONE,signer02,train,include
E:/datasets/INCLUDE/extracted/Electronics/54. Cell phone/MVI_5392.MOV,CELL_PHONE,signer02,train,include
E:/datasets/INCLUDE/extracted/Electronics/54. Cell phone/MVI_5393.MOV,CELL_PHONE,signer02,train,include
E:/datasets/INCLUDE/extracted/Electronics/54. Cell phone/MVI_5394.MOV,CELL_PHONE,signer02,train,include
E:/datasets/INCLUDE/extracted/Electronics/54. Cell phone/MVI_9100.MP4,CELL_PHONE,signer03,train,include
E:/datasets/INCLUDE/extracted/Electronics/54. Cell phone/MVI_9101.MP4,CELL_PHONE,signer03,train,include
E:/datasets/INCLUDE/extracted/Electronics/54. Cell phone/MVI_9102.MP4,CELL_PHONE,signer03,train,include
E:/datasets/INCLUDE/extracted/Electronics/55. Computer/MVI_4541.MOV,COMPUTER,signer00,val,include
E:/datasets/INCLUDE/extracted/Electronics/55. Computer/MVI_4542.MOV,COMPUTER,signer00,val,include
E:/datasets/INCLUDE/extracted/Electronics/55. Computer/MVI_4543.MOV,COMPUTER,signer00,val,include
E:/datasets/INCLUDE/extracted/Electronics/55. Computer/MVI_4544.MOV,COMPUTER,signer00,val,include
E:/datasets/INCLUDE/extracted/Electronics/55. Computer/MVI_4970.MOV,COMPUTER,signer01,test,include
E:/datasets/INCLUDE/extracted/Electronics/55. Computer/MVI_4971.MOV,COMPUTER,signer01,test,include
E:/datasets/INCLUDE/extracted/Electronics/55. Computer/MVI_4972.MOV,COMPUTER,signer01,test,include
E:/datasets/INCLUDE/extracted/Electronics/55. Computer/MVI_5395.MOV,COMPUTER,signer02,train,include
E:/datasets/INCLUDE/extracted/Electronics/55. Computer/MVI_5396.MOV,COMPUTER,signer02,train,include
E:/datasets/INCLUDE/extracted/Electronics/55. Computer/MVI_5397.MOV,COMPUTER,signer02,train,include
E:/datasets/INCLUDE/extracted/Electronics/55. Computer/MVI_5398.MOV,COMPUTER,signer02,train,include
E:/datasets/INCLUDE/extracted/Electronics/55. Computer/MVI_9103.MP4,COMPUTER,signer03,train,include
E:/datasets/INCLUDE/extracted/Electronics/55. Computer/MVI_9104.MP4,COMPUTER,signer03,train,include
E:/datasets/INCLUDE/extracted/Electronics/55. Computer/MVI_9105.MP4,COMPUTER,signer03,train,include
E:/datasets/INCLUDE/extracted/Electronics/56. Laptop/MVI_4545.MOV,LAPTOP,signer00,val,include
E:/datasets/INCLUDE/extracted/Electronics/56. Laptop/MVI_4546.MOV,LAPTOP,signer00,val,include
E:/datasets/INCLUDE/extracted/Electronics/56. Laptop/MVI_4547.MOV,LAPTOP,signer00,val,include
E:/datasets/INCLUDE/extracted/Electronics/56. Laptop/MVI_4548.MOV,LAPTOP,signer00,val,include
E:/datasets/INCLUDE/extracted/Electronics/56. Laptop/MVI_4973.MOV,LAPTOP,signer01,test,include
E:/datasets/INCLUDE/extracted/Electronics/56. Laptop/MVI_4974.MOV,LAPTOP,signer01,test,include
E:/datasets/INCLUDE/extracted/Electronics/56. Laptop/MVI_4975.MOV,LAPTOP,signer01,test,include
E:/datasets/INCLUDE/extracted/Electronics/56. Laptop/MVI_5399.MOV,LAPTOP,signer02,train,include
E:/datasets/INCLUDE/extracted/Electronics/56. Laptop/MVI_5400.MOV,LAPTOP,signer02,train,include
E:/datasets/INCLUDE/extracted/Electronics/56. Laptop/MVI_5401.MOV,LAPTOP,signer02,train,include
E:/datasets/INCLUDE/extracted/Electronics/56. Laptop/MVI_5402.MOV,LAPTOP,signer02,train,include
E:/datasets/INCLUDE/extracted/Electronics/56. Laptop/MVI_9106.MP4,LAPTOP,signer03,train,include
E:/datasets/INCLUDE/extracted/Electronics/56. Laptop/MVI_9107.MP4,LAPTOP,signer03,train,include
E:/datasets/INCLUDE/extracted/Electronics/56. Laptop/MVI_9108.MP4,LAPTOP,signer03,train,include
E:/datasets/INCLUDE/extracted/Electronics/57. Screen/MVI_4549.MOV,SCREEN,signer00,val,include
E:/datasets/INCLUDE/extracted/Electronics/57. Screen/MVI_4550.MOV,SCREEN,signer00,val,include
E:/datasets/INCLUDE/extracted/Electronics/57. Screen/MVI_4551.MOV,SCREEN,signer00,val,include
E:/datasets/INCLUDE/extracted/Electronics/57. Screen/MVI_4552.MOV,SCREEN,signer00,val,include
E:/datasets/INCLUDE/extracted/Electronics/57. Screen/MVI_4976.MOV,SCREEN,signer01,test,include
E:/datasets/INCLUDE/extracted/Electronics/57. Screen/MVI_4977.MOV,SCREEN,signer01,test,include
E:/datasets/INCLUDE/extracted/Electronics/57. Screen/MVI_4978.MOV,SCREEN,signer01,test,include
E:/datasets/INCLUDE/extracted/Electronics/57. Screen/MVI_5403.MOV,SCREEN,signer02,train,include
E:/datasets/INCLUDE/extracted/Electronics/57. Screen/MVI_5404.MOV,SCREEN,signer02,train,include
E:/datasets/INCLUDE/extracted/Electronics/57. Screen/MVI_5405.MOV,SCREEN,signer02,train,include
E:/datasets/INCLUDE/extracted/Electronics/57. Screen/MVI_5406.MOV,SCREEN,signer02,train,include
E:/datasets/INCLUDE/extracted/Electronics/57. Screen/MVI_9110.MP4,SCREEN,signer03,train,include
E:/datasets/INCLUDE/extracted/Electronics/57. Screen/MVI_9111.MP4,SCREEN,signer03,train,include
E:/datasets/INCLUDE/extracted/Electronics/57. Screen/MVI_9112.MP4,SCREEN,signer03,train,include
E:/datasets/INCLUDE/extracted/Electronics/58. Camera/MVI_4553.MOV,CAMERA,signer00,val,include
E:/datasets/INCLUDE/extracted/Electronics/58. Camera/MVI_4554.MOV,CAMERA,signer00,val,include
E:/datasets/INCLUDE/extracted/Electronics/58. Camera/MVI_4555.MOV,CAMERA,signer00,val,include
E:/datasets/INCLUDE/extracted/Electronics/58. Camera/MVI_4556.MOV,CAMERA,signer00,val,include
E:/datasets/INCLUDE/extracted/Electronics/58. Camera/MVI_4979.MOV,CAMERA,signer01,test,include
E:/datasets/INCLUDE/extracted/Electronics/58. Camera/MVI_4980.MOV,CAMERA,signer01,test,include
E:/datasets/INCLUDE/extracted/Electronics/58. Camera/MVI_4981.MOV,CAMERA,signer01,test,include
E:/datasets/INCLUDE/extracted/Electronics/58. Camera/MVI_5407.MOV,CAMERA,signer02,train,include
E:/datasets/INCLUDE/extracted/Electronics/58. Camera/MVI_5408.MOV,CAMERA,signer02,train,include
E:/datasets/INCLUDE/extracted/Electronics/58. Camera/MVI_5409.MOV,CAMERA,signer02,train,include
E:/datasets/INCLUDE/extracted/Electronics/58. Camera/MVI_5410.MOV,CAMERA,signer02,train,include
E:/datasets/INCLUDE/extracted/Electronics/58. Camera/MVI_9113.MP4,CAMERA,signer03,train,include
E:/datasets/INCLUDE/extracted/Electronics/58. Camera/MVI_9114.MP4,CAMERA,signer03,train,include
E:/datasets/INCLUDE/extracted/Electronics/58. Camera/MVI_9115.MP4,CAMERA,signer03,train,include
E:/datasets/INCLUDE/extracted/Electronics/59. Television/MVI_4557.MOV,TELEVISION,signer00,val,include
E:/datasets/INCLUDE/extracted/Electronics/59. Television/MVI_4558.MOV,TELEVISION,signer00,val,include
E:/datasets/INCLUDE/extracted/Electronics/59. Television/MVI_4559.MOV,TELEVISION,signer00,val,include
E:/datasets/INCLUDE/extracted/Electronics/59. Television/MVI_4560.MOV,TELEVISION,signer00,val,include
E:/datasets/INCLUDE/extracted/Electronics/59. Television/MVI_4982.MOV,TELEVISION,signer01,test,include
E:/datasets/INCLUDE/extracted/Electronics/59. Television/MVI_4985.MOV,TELEVISION,signer01,test,include
E:/datasets/INCLUDE/extracted/Electronics/59. Television/MVI_4986.MOV,TELEVISION,signer01,test,include
E:/datasets/INCLUDE/extracted/Electronics/59. Television/MVI_5412.MOV,TELEVISION,signer02,train,include
E:/datasets/INCLUDE/extracted/Electronics/59. Television/MVI_5413.MOV,TELEVISION,signer02,train,include
E:/datasets/INCLUDE/extracted/Electronics/59. Television/MVI_5414.MOV,TELEVISION,signer02,train,include
E:/datasets/INCLUDE/extracted/Electronics/59. Television/MVI_5415.MOV,TELEVISION,signer02,train,include
E:/datasets/INCLUDE/extracted/Electronics/59. Television/MVI_9116.MP4,TELEVISION,signer03,train,include
E:/datasets/INCLUDE/extracted/Electronics/59. Television/MVI_9117.MP4,TELEVISION,signer03,train,include
E:/datasets/INCLUDE/extracted/Electronics/59. Television/MVI_9118.MP4,TELEVISION,signer03,train,include
E:/datasets/INCLUDE/extracted/Electronics/60. Radio/MVI_4561.MOV,RADIO,signer00,val,include
E:/datasets/INCLUDE/extracted/Electronics/60. Radio/MVI_4562.MOV,RADIO,signer00,val,include
E:/datasets/INCLUDE/extracted/Electronics/60. Radio/MVI_4563.MOV,RADIO,signer00,val,include
E:/datasets/INCLUDE/extracted/Electronics/60. Radio/MVI_4564.MOV,RADIO,signer00,val,include
E:/datasets/INCLUDE/extracted/Electronics/60. Radio/MVI_4987.MOV,RADIO,signer01,test,include
E:/datasets/INCLUDE/extracted/Electronics/60. Radio/MVI_4988.MOV,RADIO,signer01,test,include
E:/datasets/INCLUDE/extracted/Electronics/60. Radio/MVI_4989.MOV,RADIO,signer01,test,include
E:/datasets/INCLUDE/extracted/Electronics/60. Radio/MVI_5416.MOV,RADIO,signer02,train,include
E:/datasets/INCLUDE/extracted/Electronics/60. Radio/MVI_5417.MOV,RADIO,signer02,train,include
E:/datasets/INCLUDE/extracted/Electronics/60. Radio/MVI_5418.MOV,RADIO,signer02,train,include
E:/datasets/INCLUDE/extracted/Electronics/60. Radio/MVI_5419.MOV,RADIO,signer02,train,include
E:/datasets/INCLUDE/extracted/Electronics/60. Radio/MVI_9119.MP4,RADIO,signer03,train,include
E:/datasets/INCLUDE/extracted/Electronics/60. Radio/MVI_9120.MP4,RADIO,signer03,train,include
E:/datasets/INCLUDE/extracted/Electronics/60. Radio/MVI_9121.MP4,RADIO,signer03,train,include
E:/datasets/INCLUDE/extracted/Greetings/48. Hello/MVI_0029.MOV,HELLO,signer00,val,include
E:/datasets/INCLUDE/extracted/Greetings/48. Hello/MVI_0030.MOV,HELLO,signer00,val,include
E:/datasets/INCLUDE/extracted/Greetings/48. Hello/MVI_0031.MOV,HELLO,signer00,val,include
E:/datasets/INCLUDE/extracted/Greetings/48. Hello/MVI_0032.MOV,HELLO,signer00,val,include
E:/datasets/INCLUDE/extracted/Greetings/48. Hello/MVI_0037.MOV,HELLO,signer01,test,include
E:/datasets/INCLUDE/extracted/Greetings/48. Hello/MVI_0038.MOV,HELLO,signer01,test,include
E:/datasets/INCLUDE/extracted/Greetings/48. Hello/MVI_0039.MOV,HELLO,signer01,test,include
E:/datasets/INCLUDE/extracted/Greetings/48. Hello/MVI_0089.MOV,HELLO,signer02,train,include
E:/datasets/INCLUDE/extracted/Greetings/48. Hello/MVI_0090.MOV,HELLO,signer02,train,include
E:/datasets/INCLUDE/extracted/Greetings/48. Hello/MVI_0091.MOV,HELLO,signer02,train,include
E:/datasets/INCLUDE/extracted/Greetings/48. Hello/MVI_9914.MOV,HELLO,signer03,train,include
E:/datasets/INCLUDE/extracted/Greetings/48. Hello/MVI_9915.MOV,HELLO,signer03,train,include
E:/datasets/INCLUDE/extracted/Greetings/48. Hello/MVI_9916.MOV,HELLO,signer03,train,include
E:/datasets/INCLUDE/extracted/Greetings/48. Hello/MVI_9917.MOV,HELLO,signer03,train,include
E:/datasets/INCLUDE/extracted/Greetings/48. Hello/MVI_9954.MOV,HELLO,signer04,train,include
E:/datasets/INCLUDE/extracted/Greetings/48. Hello/MVI_9955.MOV,HELLO,signer04,train,include
E:/datasets/INCLUDE/extracted/Greetings/48. Hello/MVI_9956.MOV,HELLO,signer04,train,include
E:/datasets/INCLUDE/extracted/Greetings/48. Hello/MVI_9957.MOV,HELLO,signer04,train,include
E:/datasets/INCLUDE/extracted/Greetings/48. Hello/MVI_9982.MOV,HELLO,signer05,train,include
E:/datasets/INCLUDE/extracted/Greetings/48. Hello/MVI_9983.MOV,HELLO,signer05,train,include
E:/datasets/INCLUDE/extracted/Greetings/48. Hello/MVI_9984.MOV,HELLO,signer05,train,include
E:/datasets/INCLUDE/extracted/Greetings/49. How are you/MVI_0033.MOV,HOW_ARE_YOU,signer00,val,include
E:/datasets/INCLUDE/extracted/Greetings/49. How are you/MVI_0034.MOV,HOW_ARE_YOU,signer00,val,include
E:/datasets/INCLUDE/extracted/Greetings/49. How are you/MVI_0035.MOV,HOW_ARE_YOU,signer00,val,include
E:/datasets/INCLUDE/extracted/Greetings/49. How are you/MVI_0036.MOV,HOW_ARE_YOU,signer00,val,include
E:/datasets/INCLUDE/extracted/Greetings/49. How are you/MVI_0040.MOV,HOW_ARE_YOU,signer01,test,include
E:/datasets/INCLUDE/extracted/Greetings/49. How are you/MVI_0041.MOV,HOW_ARE_YOU,signer01,test,include
E:/datasets/INCLUDE/extracted/Greetings/49. How are you/MVI_0042.MOV,HOW_ARE_YOU,signer01,test,include
E:/datasets/INCLUDE/extracted/Greetings/49. How are you/MVI_0092.MOV,HOW_ARE_YOU,signer02,train,include
E:/datasets/INCLUDE/extracted/Greetings/49. How are you/MVI_0093.MOV,HOW_ARE_YOU,signer02,train,include
E:/datasets/INCLUDE/extracted/Greetings/49. How are you/MVI_0094.MOV,HOW_ARE_YOU,signer02,train,include
E:/datasets/INCLUDE/extracted/Greetings/49. How are you/MVI_9918.MOV,HOW_ARE_YOU,signer03,train,include
E:/datasets/INCLUDE/extracted/Greetings/49. How are you/MVI_9919.MOV,HOW_ARE_YOU,signer03,train,include
E:/datasets/INCLUDE/extracted/Greetings/49. How are you/MVI_9920.MOV,HOW_ARE_YOU,signer03,train,include
E:/datasets/INCLUDE/extracted/Greetings/49. How are you/MVI_9921.MOV,HOW_ARE_YOU,signer03,train,include
E:/datasets/INCLUDE/extracted/Greetings/49. How are you/MVI_9959.MOV,HOW_ARE_YOU,signer04,train,include
E:/datasets/INCLUDE/extracted/Greetings/49. How are you/MVI_9960.MOV,HOW_ARE_YOU,signer04,train,include
E:/datasets/INCLUDE/extracted/Greetings/49. How are you/MVI_9961.MOV,HOW_ARE_YOU,signer04,train,include
E:/datasets/INCLUDE/extracted/Greetings/49. How are you/MVI_9962.MOV,HOW_ARE_YOU,signer04,train,include
E:/datasets/INCLUDE/extracted/Greetings/49. How are you/MVI_9985.MOV,HOW_ARE_YOU,signer05,train,include
E:/datasets/INCLUDE/extracted/Greetings/49. How are you/MVI_9986.MOV,HOW_ARE_YOU,signer05,train,include
E:/datasets/INCLUDE/extracted/Greetings/49. How are you/MVI_9987.MOV,HOW_ARE_YOU,signer05,train,include
E:/datasets/INCLUDE/extracted/Greetings/50. Alright/MVI_0037.MOV,ALRIGHT,signer00,val,include
E:/datasets/INCLUDE/extracted/Greetings/50. Alright/MVI_0038.MOV,ALRIGHT,signer00,val,include
E:/datasets/INCLUDE/extracted/Greetings/50. Alright/MVI_0039.MOV,ALRIGHT,signer00,val,include
E:/datasets/INCLUDE/extracted/Greetings/50. Alright/MVI_0040.MOV,ALRIGHT,signer00,val,include
E:/datasets/INCLUDE/extracted/Greetings/50. Alright/MVI_0043.MOV,ALRIGHT,signer00,val,include
E:/datasets/INCLUDE/extracted/Greetings/50. Alright/MVI_0044.MOV,ALRIGHT,signer00,val,include
E:/datasets/INCLUDE/extracted/Greetings/50. Alright/MVI_0045.MOV,ALRIGHT,signer00,val,include
E:/datasets/INCLUDE/extracted/Greetings/50. Alright/MVI_0095.MOV,ALRIGHT,signer01,test,include
E:/datasets/INCLUDE/extracted/Greetings/50. Alright/MVI_0096.MOV,ALRIGHT,signer01,test,include
E:/datasets/INCLUDE/extracted/Greetings/50. Alright/MVI_0097.MOV,ALRIGHT,signer01,test,include
E:/datasets/INCLUDE/extracted/Greetings/50. Alright/MVI_9923.MOV,ALRIGHT,signer02,train,include
E:/datasets/INCLUDE/extracted/Greetings/50. Alright/MVI_9924.MOV,ALRIGHT,signer02,train,include
E:/datasets/INCLUDE/extracted/Greetings/50. Alright/MVI_9925.MOV,ALRIGHT,signer02,train,include
E:/datasets/INCLUDE/extracted/Greetings/50. Alright/MVI_9926.MOV,ALRIGHT,signer02,train,include
E:/datasets/INCLUDE/extracted/Greetings/50. Alright/MVI_9963.MOV,ALRIGHT,signer03,train,include
E:/datasets/INCLUDE/extracted/Greetings/50. Alright/MVI_9964.MOV,ALRIGHT,signer03,train,include
E:/datasets/INCLUDE/extracted/Greetings/50. Alright/MVI_9965.MOV,ALRIGHT,signer03,train,include
E:/datasets/INCLUDE/extracted/Greetings/50. Alright/MVI_9966.MOV,ALRIGHT,signer03,train,include
E:/datasets/INCLUDE/extracted/Greetings/50. Alright/MVI_9988.MOV,ALRIGHT,signer04,train,include
E:/datasets/INCLUDE/extracted/Greetings/50. Alright/MVI_9989.MOV,ALRIGHT,signer04,train,include
E:/datasets/INCLUDE/extracted/Greetings/50. Alright/MVI_9990.MOV,ALRIGHT,signer04,train,include
E:/datasets/INCLUDE/extracted/Greetings/51. Good Morning/MVI_0042.MOV,GOOD_MORNING,signer00,val,include
E:/datasets/INCLUDE/extracted/Greetings/51. Good Morning/MVI_0043.MOV,GOOD_MORNING,signer00,val,include
E:/datasets/INCLUDE/extracted/Greetings/51. Good Morning/MVI_0044.MOV,GOOD_MORNING,signer00,val,include
E:/datasets/INCLUDE/extracted/Greetings/51. Good Morning/MVI_0045.MOV,GOOD_MORNING,signer00,val,include
E:/datasets/INCLUDE/extracted/Greetings/51. Good Morning/MVI_0046.MOV,GOOD_MORNING,signer00,val,include
E:/datasets/INCLUDE/extracted/Greetings/51. Good Morning/MVI_0047.MOV,GOOD_MORNING,signer00,val,include
E:/datasets/INCLUDE/extracted/Greetings/51. Good Morning/MVI_0048.MOV,GOOD_MORNING,signer00,val,include
E:/datasets/INCLUDE/extracted/Greetings/51. Good Morning/MVI_0098.MOV,GOOD_MORNING,signer01,test,include
E:/datasets/INCLUDE/extracted/Greetings/51. Good Morning/MVI_0099.MOV,GOOD_MORNING,signer01,test,include
E:/datasets/INCLUDE/extracted/Greetings/51. Good Morning/MVI_0100.MOV,GOOD_MORNING,signer01,test,include
E:/datasets/INCLUDE/extracted/Greetings/51. Good Morning/MVI_9932.MOV,GOOD_MORNING,signer02,train,include
E:/datasets/INCLUDE/extracted/Greetings/51. Good Morning/MVI_9933.MOV,GOOD_MORNING,signer02,train,include
E:/datasets/INCLUDE/extracted/Greetings/51. Good Morning/MVI_9934.MOV,GOOD_MORNING,signer02,train,include
E:/datasets/INCLUDE/extracted/Greetings/51. Good Morning/MVI_9935.MOV,GOOD_MORNING,signer02,train,include
E:/datasets/INCLUDE/extracted/Greetings/51. Good Morning/MVI_9968.MOV,GOOD_MORNING,signer03,train,include
E:/datasets/INCLUDE/extracted/Greetings/51. Good Morning/MVI_9969.MOV,GOOD_MORNING,signer03,train,include
E:/datasets/INCLUDE/extracted/Greetings/51. Good Morning/MVI_9970.MOV,GOOD_MORNING,signer03,train,include
E:/datasets/INCLUDE/extracted/Greetings/51. Good Morning/MVI_9971.MOV,GOOD_MORNING,signer03,train,include
E:/datasets/INCLUDE/extracted/Greetings/51. Good Morning/MVI_9991.MOV,GOOD_MORNING,signer04,train,include
E:/datasets/INCLUDE/extracted/Greetings/51. Good Morning/MVI_9992.MOV,GOOD_MORNING,signer04,train,include
E:/datasets/INCLUDE/extracted/Greetings/51. Good Morning/MVI_9993.MOV,GOOD_MORNING,signer04,train,include
E:/datasets/INCLUDE/extracted/Greetings/52. Good afternoon/MVI_0046.MOV,GOOD_AFTERNOON,signer00,val,include
E:/datasets/INCLUDE/extracted/Greetings/52. Good afternoon/MVI_0047.MOV,GOOD_AFTERNOON,signer00,val,include
E:/datasets/INCLUDE/extracted/Greetings/52. Good afternoon/MVI_0048.MOV,GOOD_AFTERNOON,signer00,val,include
E:/datasets/INCLUDE/extracted/Greetings/52. Good afternoon/MVI_0049.MOV,GOOD_AFTERNOON,signer00,val,include
E:/datasets/INCLUDE/extracted/Greetings/52. Good afternoon/MVI_0050.MOV,GOOD_AFTERNOON,signer00,val,include
E:/datasets/INCLUDE/extracted/Greetings/52. Good afternoon/MVI_0050_ (1).MOV,GOOD_AFTERNOON,signer00,val,include
E:/datasets/INCLUDE/extracted/Greetings/52. Good afternoon/MVI_0050_ (2).MOV,GOOD_AFTERNOON,signer00,val,include
E:/datasets/INCLUDE/extracted/Greetings/52. Good afternoon/MVI_0051.MOV,GOOD_AFTERNOON,signer00,val,include
E:/datasets/INCLUDE/extracted/Greetings/52. Good afternoon/MVI_0101.MOV,GOOD_AFTERNOON,signer01,test,include
E:/datasets/INCLUDE/extracted/Greetings/52. Good afternoon/MVI_0102.MOV,GOOD_AFTERNOON,signer01,test,include
E:/datasets/INCLUDE/extracted/Greetings/52. Good afternoon/MVI_0103.MOV,GOOD_AFTERNOON,signer01,test,include
E:/datasets/INCLUDE/extracted/Greetings/52. Good afternoon/MVI_9936.MOV,GOOD_AFTERNOON,signer02,train,include
E:/datasets/INCLUDE/extracted/Greetings/52. Good afternoon/MVI_9937.MOV,GOOD_AFTERNOON,signer02,train,include
E:/datasets/INCLUDE/extracted/Greetings/52. Good afternoon/MVI_9938.MOV,GOOD_AFTERNOON,signer02,train,include
E:/datasets/INCLUDE/extracted/Greetings/52. Good afternoon/MVI_9939.MOV,GOOD_AFTERNOON,signer02,train,include
E:/datasets/INCLUDE/extracted/Greetings/52. Good afternoon/MVI_9972.MOV,GOOD_AFTERNOON,signer03,train,include
E:/datasets/INCLUDE/extracted/Greetings/52. Good afternoon/MVI_9973.MOV,GOOD_AFTERNOON,signer03,train,include
E:/datasets/INCLUDE/extracted/Greetings/52. Good afternoon/MVI_9974.MOV,GOOD_AFTERNOON,signer03,train,include
E:/datasets/INCLUDE/extracted/Greetings/52. Good afternoon/MVI_9975.MOV,GOOD_AFTERNOON,signer03,train,include
E:/datasets/INCLUDE/extracted/Greetings/52. Good afternoon/MVI_9994.MOV,GOOD_AFTERNOON,signer04,train,include
E:/datasets/INCLUDE/extracted/Greetings/52. Good afternoon/MVI_9995.MOV,GOOD_AFTERNOON,signer04,train,include
E:/datasets/INCLUDE/extracted/Greetings/52. Good afternoon/MVI_9996.MOV,GOOD_AFTERNOON,signer04,train,include
E:/datasets/INCLUDE/extracted/Greetings/53. Good evening/MVI_0001.MOV,GOOD_EVENING,signer00,val,include
E:/datasets/INCLUDE/extracted/Greetings/53. Good evening/MVI_0052.MOV,GOOD_EVENING,signer02,train,include
E:/datasets/INCLUDE/extracted/Greetings/53. Good evening/MVI_0053.MOV,GOOD_EVENING,signer02,train,include
E:/datasets/INCLUDE/extracted/Greetings/53. Good evening/MVI_0054.MOV,GOOD_EVENING,signer02,train,include
E:/datasets/INCLUDE/extracted/Greetings/53. Good evening/MVI_0055.MOV,GOOD_EVENING,signer02,train,include
E:/datasets/INCLUDE/extracted/Greetings/53. Good evening/MVI_005_4 (1).MOV,GOOD_EVENING,signer01,test,include
E:/datasets/INCLUDE/extracted/Greetings/53. Good evening/MVI_005_4 (2).MOV,GOOD_EVENING,signer01,test,include
E:/datasets/INCLUDE/extracted/Greetings/53. Good evening/MVI_005_4 (3).MOV,GOOD_EVENING,signer01,test,include
E:/datasets/INCLUDE/extracted/Greetings/53. Good evening/MVI_0105.MOV,GOOD_EVENING,signer03,train,include
E:/datasets/INCLUDE/extracted/Greetings/53. Good evening/MVI_0106.MOV,GOOD_EVENING,signer03,train,include
E:/datasets/INCLUDE/extracted/Greetings/53. Good evening/MVI_0107.MOV,GOOD_EVENING,signer03,train,include
E:/datasets/INCLUDE/extracted/Greetings/53. Good evening/MVI_9940.MOV,GOOD_EVENING,signer04,train,include
E:/datasets/INCLUDE/extracted/Greetings/53. Good evening/MVI_9941.MOV,GOOD_EVENING,signer04,train,include
E:/datasets/INCLUDE/extracted/Greetings/53. Good evening/MVI_9942.MOV,GOOD_EVENING,signer04,train,include
E:/datasets/INCLUDE/extracted/Greetings/53. Good evening/MVI_9943.MOV,GOOD_EVENING,signer04,train,include
E:/datasets/INCLUDE/extracted/Greetings/53. Good evening/MVI_9976.MOV,GOOD_EVENING,signer05,train,include
E:/datasets/INCLUDE/extracted/Greetings/53. Good evening/MVI_9977.MOV,GOOD_EVENING,signer05,train,include
E:/datasets/INCLUDE/extracted/Greetings/53. Good evening/MVI_9978.MOV,GOOD_EVENING,signer05,train,include
E:/datasets/INCLUDE/extracted/Greetings/53. Good evening/MVI_9979.MOV,GOOD_EVENING,signer05,train,include
E:/datasets/INCLUDE/extracted/Greetings/53. Good evening/MVI_9998.MOV,GOOD_EVENING,signer06,train,include
E:/datasets/INCLUDE/extracted/Greetings/53. Good evening/MVI_9999.MOV,GOOD_EVENING,signer06,train,include
E:/datasets/INCLUDE/extracted/Greetings/54. Good night/MVI_0002.MOV,GOOD_NIGHT,signer00,val,include
E:/datasets/INCLUDE/extracted/Greetings/54. Good night/MVI_0003.MOV,GOOD_NIGHT,signer00,val,include
E:/datasets/INCLUDE/extracted/Greetings/54. Good night/MVI_0004.MOV,GOOD_NIGHT,signer00,val,include
E:/datasets/INCLUDE/extracted/Greetings/54. Good night/MVI_0055.MOV,GOOD_NIGHT,signer01,test,include
E:/datasets/INCLUDE/extracted/Greetings/54. Good night/MVI_0056.MOV,GOOD_NIGHT,signer01,test,include
E:/datasets/INCLUDE/extracted/Greetings/54. Good night/MVI_0057.MOV,GOOD_NIGHT,signer01,test,include
E:/datasets/INCLUDE/extracted/Greetings/54. Good night/MVI_0057_.MOV,GOOD_NIGHT,signer01,test,include
E:/datasets/INCLUDE/extracted/Greetings/54. Good night/MVI_0058.MOV,GOOD_NIGHT,signer01,test,include
E:/datasets/INCLUDE/extracted/Greetings/54. Good night/MVI_0059.MOV,GOOD_NIGHT,signer01,test,include
E:/datasets/INCLUDE/extracted/Greetings/54. Good night/MVI_005_6.MOV,GOOD_NIGHT,signer00,val,include
E:/datasets/INCLUDE/extracted/Greetings/54. Good night/MVI_0108.MOV,GOOD_NIGHT,signer02,train,include
E:/datasets/INCLUDE/extracted/Greetings/54. Good night/MVI_0109.MOV,GOOD_NIGHT,signer02,train,include
E:/datasets/INCLUDE/extracted/Greetings/54. Good night/MVI_0110.MOV,GOOD_NIGHT,signer02,train,include
E:/datasets/INCLUDE/extracted/Greetings/54. Good night/MVI_9944.MOV,GOOD_NIGHT,signer03,train,include
E:/datasets/INCLUDE/extracted/Greetings/54. Good night/MVI_9945.MOV,GOOD_NIGHT,signer03,train,include
E:/datasets/INCLUDE/extracted/Greetings/54. Good night/MVI_9946.MOV,GOOD_NIGHT,signer03,train,include
E:/datasets/INCLUDE/extracted/Greetings/54. Good night/MVI_9947.MOV,GOOD_NIGHT,signer03,train,include
E:/datasets/INCLUDE/extracted/Greetings/54. Good night/MVI_9980.MOV,GOOD_NIGHT,signer04,train,include
E:/datasets/INCLUDE/extracted/Greetings/54. Good night/MVI_9981.MOV,GOOD_NIGHT,signer04,train,include
E:/datasets/INCLUDE/extracted/Greetings/54. Good night/MVI_9982.MOV,GOOD_NIGHT,signer04,train,include
E:/datasets/INCLUDE/extracted/Greetings/54. Good night/MVI_9983.MOV,GOOD_NIGHT,signer04,train,include
E:/datasets/INCLUDE/extracted/Greetings/55. Thank you/MVI_0006.MOV,THANK_YOU,signer00,val,include
E:/datasets/INCLUDE/extracted/Greetings/55. Thank you/MVI_0007.MOV,THANK_YOU,signer00,val,include
E:/datasets/INCLUDE/extracted/Greetings/55. Thank you/MVI_0008.MOV,THANK_YOU,signer00,val,include
E:/datasets/INCLUDE/extracted/Greetings/55. Thank you/MVI_0058.MOV,THANK_YOU,signer01,test,include
E:/datasets/INCLUDE/extracted/Greetings/55. Thank you/MVI_0059.MOV,THANK_YOU,signer01,test,include
E:/datasets/INCLUDE/extracted/Greetings/55. Thank you/MVI_0060.MOV,THANK_YOU,signer01,test,include
E:/datasets/INCLUDE/extracted/Greetings/55. Thank you/MVI_0060_.MOV,THANK_YOU,signer01,test,include
E:/datasets/INCLUDE/extracted/Greetings/55. Thank you/MVI_0061.MOV,THANK_YOU,signer01,test,include
E:/datasets/INCLUDE/extracted/Greetings/55. Thank you/MVI_0062.MOV,THANK_YOU,signer01,test,include
E:/datasets/INCLUDE/extracted/Greetings/55. Thank you/MVI_0063.MOV,THANK_YOU,signer01,test,include
E:/datasets/INCLUDE/extracted/Greetings/55. Thank you/MVI_0111.MOV,THANK_YOU,signer02,train,include
E:/datasets/INCLUDE/extracted/Greetings/55. Thank you/MVI_0112.MOV,THANK_YOU,signer02,train,include
E:/datasets/INCLUDE/extracted/Greetings/55. Thank you/MVI_0113.MOV,THANK_YOU,signer02,train,include
E:/datasets/INCLUDE/extracted/Greetings/55. Thank you/MVI_9948.MOV,THANK_YOU,signer03,train,include
E:/datasets/INCLUDE/extracted/Greetings/55. Thank you/MVI_9949.MOV,THANK_YOU,signer03,train,include
E:/datasets/INCLUDE/extracted/Greetings/55. Thank you/MVI_9950.MOV,THANK_YOU,signer03,train,include
E:/datasets/INCLUDE/extracted/Greetings/55. Thank you/MVI_9951.MOV,THANK_YOU,signer03,train,include
E:/datasets/INCLUDE/extracted/Greetings/55. Thank you/MVI_9984.MOV,THANK_YOU,signer04,train,include
E:/datasets/INCLUDE/extracted/Greetings/55. Thank you/MVI_9985.MOV,THANK_YOU,signer04,train,include
E:/datasets/INCLUDE/extracted/Greetings/55. Thank you/MVI_9986.MOV,THANK_YOU,signer04,train,include
E:/datasets/INCLUDE/extracted/Greetings/55. Thank you/MVI_9987.MOV,THANK_YOU,signer04,train,include
E:/datasets/INCLUDE/extracted/Greetings/56. Pleased/MVI_0009.MOV,PLEASED,signer00,val,include
E:/datasets/INCLUDE/extracted/Greetings/56. Pleased/MVI_0010.MOV,PLEASED,signer00,val,include
E:/datasets/INCLUDE/extracted/Greetings/56. Pleased/MVI_0011.MOV,PLEASED,signer00,val,include
E:/datasets/INCLUDE/extracted/Greetings/56. Pleased/MVI_0061.MOV,PLEASED,signer01,test,include
E:/datasets/INCLUDE/extracted/Greetings/56. Pleased/MVI_0062.MOV,PLEASED,signer01,test,include
E:/datasets/INCLUDE/extracted/Greetings/56. Pleased/MVI_0063.MOV,PLEASED,signer01,test,include
E:/datasets/INCLUDE/extracted/Greetings/56. Pleased/MVI_0065.MOV,PLEASED,signer01,test,include
E:/datasets/INCLUDE/extracted/Greetings/56. Pleased/MVI_0066.MOV,PLEASED,signer01,test,include
E:/datasets/INCLUDE/extracted/Greetings/56. Pleased/MVI_0067.MOV,PLEASED,signer01,test,include
E:/datasets/INCLUDE/extracted/Greetings/56. Pleased/MVI_0068.MOV,PLEASED,signer01,test,include
E:/datasets/INCLUDE/extracted/Greetings/56. Pleased/MVI_0114.MOV,PLEASED,signer02,train,include
E:/datasets/INCLUDE/extracted/Greetings/56. Pleased/MVI_0115.MOV,PLEASED,signer02,train,include
E:/datasets/INCLUDE/extracted/Greetings/56. Pleased/MVI_0116.MOV,PLEASED,signer02,train,include
E:/datasets/INCLUDE/extracted/Greetings/56. Pleased/MVI_9952.MOV,PLEASED,signer03,train,include
E:/datasets/INCLUDE/extracted/Greetings/56. Pleased/MVI_9953.MOV,PLEASED,signer03,train,include
E:/datasets/INCLUDE/extracted/Greetings/56. Pleased/MVI_9954.MOV,PLEASED,signer03,train,include
E:/datasets/INCLUDE/extracted/Greetings/56. Pleased/MVI_9955.MOV,PLEASED,signer03,train,include
E:/datasets/INCLUDE/extracted/Greetings/56. Pleased/MVI_9988.MOV,PLEASED,signer04,train,include
E:/datasets/INCLUDE/extracted/Greetings/56. Pleased/MVI_9989.MOV,PLEASED,signer04,train,include
E:/datasets/INCLUDE/extracted/Greetings/56. Pleased/MVI_9990.MOV,PLEASED,signer04,train,include
E:/datasets/INCLUDE/extracted/Greetings/56. Pleased/MVI_9991.MOV,PLEASED,signer04,train,include
E:/datasets/INCLUDE/extracted/Jobs/84. Teacher/MVI_4457.MOV,TEACHER,signer00,val,include
E:/datasets/INCLUDE/extracted/Jobs/84. Teacher/MVI_4458.MOV,TEACHER,signer00,val,include
E:/datasets/INCLUDE/extracted/Jobs/84. Teacher/MVI_4459.MOV,TEACHER,signer00,val,include
E:/datasets/INCLUDE/extracted/Jobs/84. Teacher/MVI_4460.MOV,TEACHER,signer00,val,include
E:/datasets/INCLUDE/extracted/Jobs/84. Teacher/MVI_4744.MOV,TEACHER,signer01,test,include
E:/datasets/INCLUDE/extracted/Jobs/84. Teacher/MVI_4745.MOV,TEACHER,signer01,test,include
E:/datasets/INCLUDE/extracted/Jobs/84. Teacher/MVI_4746.MOV,TEACHER,signer01,test,include
E:/datasets/INCLUDE/extracted/Jobs/84. Teacher/MVI_5310.MOV,TEACHER,signer02,train,include
E:/datasets/INCLUDE/extracted/Jobs/84. Teacher/MVI_5311.MOV,TEACHER,signer02,train,include
E:/datasets/INCLUDE/extracted/Jobs/84. Teacher/MVI_5312.MOV,TEACHER,signer02,train,include
E:/datasets/INCLUDE/extracted/Jobs/84. Teacher/MVI_5313.MOV,TEACHER,signer02,train,include
E:/datasets/INCLUDE/extracted/Jobs/84. Teacher/MVI_8864.MP4,TEACHER,signer03,train,include
E:/datasets/INCLUDE/extracted/Jobs/84. Teacher/MVI_8865.MP4,TEACHER,signer03,train,include
E:/datasets/INCLUDE/extracted/Jobs/84. Teacher/MVI_8866.MP4,TEACHER,signer03,train,include
E:/datasets/INCLUDE/extracted/Jobs/85. Student/MVI_4462.MOV,STUDENT,signer00,val,include
E:/datasets/INCLUDE/extracted/Jobs/85. Student/MVI_4463.MOV,STUDENT,signer00,val,include
E:/datasets/INCLUDE/extracted/Jobs/85. Student/MVI_4464.MOV,STUDENT,signer00,val,include
E:/datasets/INCLUDE/extracted/Jobs/85. Student/MVI_4465.MOV,STUDENT,signer00,val,include
E:/datasets/INCLUDE/extracted/Jobs/85. Student/MVI_4747.MOV,STUDENT,signer01,test,include
E:/datasets/INCLUDE/extracted/Jobs/85. Student/MVI_4748.MOV,STUDENT,signer01,test,include
E:/datasets/INCLUDE/extracted/Jobs/85. Student/MVI_4749.MOV,STUDENT,signer01,test,include
E:/datasets/INCLUDE/extracted/Jobs/85. Student/MVI_5314.MOV,STUDENT,signer02,train,include
E:/datasets/INCLUDE/extracted/Jobs/85. Student/MVI_5315.MOV,STUDENT,signer02,train,include
E:/datasets/INCLUDE/extracted/Jobs/85. Student/MVI_5316.MOV,STUDENT,signer02,train,include
E:/datasets/INCLUDE/extracted/Jobs/85. Student/MVI_5317.MOV,STUDENT,signer02,train,include
E:/datasets/INCLUDE/extracted/Jobs/85. Student/MVI_8868.MP4,STUDENT,signer03,train,include
E:/datasets/INCLUDE/extracted/Jobs/85. Student/MVI_8869.MP4,STUDENT,signer03,train,include
E:/datasets/INCLUDE/extracted/Jobs/85. Student/MVI_8870.MP4,STUDENT,signer03,train,include
E:/datasets/INCLUDE/extracted/Jobs/86. Lawyer/MVI_4466.MOV,LAWYER,signer00,val,include
E:/datasets/INCLUDE/extracted/Jobs/86. Lawyer/MVI_4467.MOV,LAWYER,signer00,val,include
E:/datasets/INCLUDE/extracted/Jobs/86. Lawyer/MVI_4468.MOV,LAWYER,signer00,val,include
E:/datasets/INCLUDE/extracted/Jobs/86. Lawyer/MVI_4469.MOV,LAWYER,signer00,val,include
E:/datasets/INCLUDE/extracted/Jobs/86. Lawyer/MVI_4750.MOV,LAWYER,signer01,test,include
E:/datasets/INCLUDE/extracted/Jobs/86. Lawyer/MVI_4752.MOV,LAWYER,signer01,test,include
E:/datasets/INCLUDE/extracted/Jobs/86. Lawyer/MVI_4753.MOV,LAWYER,signer01,test,include
E:/datasets/INCLUDE/extracted/Jobs/86. Lawyer/MVI_5318.MOV,LAWYER,signer02,train,include
E:/datasets/INCLUDE/extracted/Jobs/86. Lawyer/MVI_5319.MOV,LAWYER,signer02,train,include
E:/datasets/INCLUDE/extracted/Jobs/86. Lawyer/MVI_5320.MOV,LAWYER,signer02,train,include
E:/datasets/INCLUDE/extracted/Jobs/86. Lawyer/MVI_5321.MOV,LAWYER,signer02,train,include
E:/datasets/INCLUDE/extracted/Jobs/86. Lawyer/MVI_8871.MP4,LAWYER,signer03,train,include
E:/datasets/INCLUDE/extracted/Jobs/86. Lawyer/MVI_8872.MP4,LAWYER,signer03,train,include
E:/datasets/INCLUDE/extracted/Jobs/86. Lawyer/MVI_8873.MP4,LAWYER,signer03,train,include
E:/datasets/INCLUDE/extracted/Jobs/87. Doctor/MVI_4470.MOV,DOCTOR,signer00,val,include
E:/datasets/INCLUDE/extracted/Jobs/87. Doctor/MVI_4471.MOV,DOCTOR,signer00,val,include
E:/datasets/INCLUDE/extracted/Jobs/87. Doctor/MVI_4472.MOV,DOCTOR,signer00,val,include
E:/datasets/INCLUDE/extracted/Jobs/87. Doctor/MVI_4473.MOV,DOCTOR,signer00,val,include
E:/datasets/INCLUDE/extracted/Jobs/87. Doctor/MVI_4754.MOV,DOCTOR,signer01,test,include
E:/datasets/INCLUDE/extracted/Jobs/87. Doctor/MVI_4755.MOV,DOCTOR,signer01,test,include
E:/datasets/INCLUDE/extracted/Jobs/87. Doctor/MVI_4757.MOV,DOCTOR,signer01,test,include
E:/datasets/INCLUDE/extracted/Jobs/87. Doctor/MVI_5322.MOV,DOCTOR,signer02,train,include
E:/datasets/INCLUDE/extracted/Jobs/87. Doctor/MVI_5323.MOV,DOCTOR,signer02,train,include
E:/datasets/INCLUDE/extracted/Jobs/87. Doctor/MVI_5324.MOV,DOCTOR,signer02,train,include
E:/datasets/INCLUDE/extracted/Jobs/87. Doctor/MVI_5325.MOV,DOCTOR,signer02,train,include
E:/datasets/INCLUDE/extracted/Jobs/87. Doctor/MVI_8874.MP4,DOCTOR,signer03,train,include
E:/datasets/INCLUDE/extracted/Jobs/87. Doctor/MVI_8875.MP4,DOCTOR,signer03,train,include
E:/datasets/INCLUDE/extracted/Jobs/87. Doctor/MVI_8876.MP4,DOCTOR,signer03,train,include
E:/datasets/INCLUDE/extracted/Jobs/88. Patient/MVI_4474.MOV,PATIENT,signer00,val,include
E:/datasets/INCLUDE/extracted/Jobs/88. Patient/MVI_4475.MOV,PATIENT,signer00,val,include
E:/datasets/INCLUDE/extracted/Jobs/88. Patient/MVI_4476.MOV,PATIENT,signer00,val,include
E:/datasets/INCLUDE/extracted/Jobs/88. Patient/MVI_4477.MOV,PATIENT,signer00,val,include
E:/datasets/INCLUDE/extracted/Jobs/88. Patient/MVI_4758.MOV,PATIENT,signer01,test,include
E:/datasets/INCLUDE/extracted/Jobs/88. Patient/MVI_4759.MOV,PATIENT,signer01,test,include
E:/datasets/INCLUDE/extracted/Jobs/88. Patient/MVI_4760.MOV,PATIENT,signer01,test,include
E:/datasets/INCLUDE/extracted/Jobs/88. Patient/MVI_5326.MOV,PATIENT,signer02,train,include
E:/datasets/INCLUDE/extracted/Jobs/88. Patient/MVI_5327.MOV,PATIENT,signer02,train,include
E:/datasets/INCLUDE/extracted/Jobs/88. Patient/MVI_5328.MOV,PATIENT,signer02,train,include
E:/datasets/INCLUDE/extracted/Jobs/88. Patient/MVI_5329.MOV,PATIENT,signer02,train,include
E:/datasets/INCLUDE/extracted/Jobs/88. Patient/MVI_8878.MP4,PATIENT,signer03,train,include
E:/datasets/INCLUDE/extracted/Jobs/88. Patient/MVI_8879.MP4,PATIENT,signer03,train,include
E:/datasets/INCLUDE/extracted/Jobs/88. Patient/MVI_8880.MP4,PATIENT,signer03,train,include
E:/datasets/INCLUDE/extracted/Jobs/89. Waiter/MVI_4478.MOV,WAITER,signer00,val,include
E:/datasets/INCLUDE/extracted/Jobs/89. Waiter/MVI_4479.MOV,WAITER,signer00,val,include
E:/datasets/INCLUDE/extracted/Jobs/89. Waiter/MVI_4480.MOV,WAITER,signer00,val,include
E:/datasets/INCLUDE/extracted/Jobs/89. Waiter/MVI_4481.MOV,WAITER,signer00,val,include
E:/datasets/INCLUDE/extracted/Jobs/89. Waiter/MVI_4761.MOV,WAITER,signer01,test,include
E:/datasets/INCLUDE/extracted/Jobs/89. Waiter/MVI_4762.MOV,WAITER,signer01,test,include
E:/datasets/INCLUDE/extracted/Jobs/89. Waiter/MVI_4763.MOV,WAITER,signer01,test,include
E:/datasets/INCLUDE/extracted/Jobs/89. Waiter/MVI_5333.MOV,WAITER,signer02,train,include
E:/datasets/INCLUDE/extracted/Jobs/89. Waiter/MVI_5334.MOV,WAITER,signer02,train,include
E:/datasets/INCLUDE/extracted/Jobs/89. Waiter/MVI_5335.MOV,WAITER,signer02,train,include
E:/datasets/INCLUDE/extracted/Jobs/89. Waiter/MVI_5337.MOV,WAITER,signer02,train,include
E:/datasets/INCLUDE/extracted/Jobs/89. Waiter/MVI_8881.MP4,WAITER,signer03,train,include
E:/datasets/INCLUDE/extracted/Jobs/89. Waiter/MVI_8882.MP4,WAITER,signer03,train,include
E:/datasets/INCLUDE/extracted/Jobs/89. Waiter/MVI_8883.MP4,WAITER,signer03,train,include
E:/datasets/INCLUDE/extracted/Jobs/90. Secretary/MVI_4482.MOV,SECRETARY,signer00,val,include
E:/datasets/INCLUDE/extracted/Jobs/90. Secretary/MVI_4483.MOV,SECRETARY,signer00,val,include
E:/datasets/INCLUDE/extracted/Jobs/90. Secretary/MVI_4484.MOV,SECRETARY,signer00,val,include
E:/datasets/INCLUDE/extracted/Jobs/90. Secretary/MVI_4485.MOV,SECRETARY,signer00,val,include
E:/datasets/INCLUDE/extracted/Jobs/90. Secretary/MVI_4767.MOV,SECRETARY,signer01,test,include
E:/datasets/INCLUDE/extracted/Jobs/90. Secretary/MVI_4768.MOV,SECRETARY,signer01,test,include
E:/datasets/INCLUDE/extracted/Jobs/90. Secretary/MVI_4769.MOV,SECRETARY,signer01,test,include
E:/datasets/INCLUDE/extracted/Jobs/90. Secretary/MVI_5338.MOV,SECRETARY,signer02,train,include
E:/datasets/INCLUDE/extracted/Jobs/90. Secretary/MVI_5339.MOV,SECRETARY,signer02,train,include
E:/datasets/INCLUDE/extracted/Jobs/90. Secretary/MVI_5340.MOV,SECRETARY,signer02,train,include
E:/datasets/INCLUDE/extracted/Jobs/90. Secretary/MVI_5341.MOV,SECRETARY,signer02,train,include
E:/datasets/INCLUDE/extracted/Jobs/90. Secretary/MVI_8884.MP4,SECRETARY,signer03,train,include
E:/datasets/INCLUDE/extracted/Jobs/90. Secretary/MVI_8885.MP4,SECRETARY,signer03,train,include
E:/datasets/INCLUDE/extracted/Jobs/90. Secretary/MVI_8886.MP4,SECRETARY,signer03,train,include
E:/datasets/INCLUDE/extracted/Jobs/91. Priest/MVI_4486.MOV,PRIEST,signer00,val,include
E:/datasets/INCLUDE/extracted/Jobs/91. Priest/MVI_4487.MOV,PRIEST,signer00,val,include
E:/datasets/INCLUDE/extracted/Jobs/91. Priest/MVI_4488.MOV,PRIEST,signer00,val,include
E:/datasets/INCLUDE/extracted/Jobs/91. Priest/MVI_4489.MOV,PRIEST,signer00,val,include
E:/datasets/INCLUDE/extracted/Jobs/91. Priest/MVI_4490.MOV,PRIEST,signer00,val,include
E:/datasets/INCLUDE/extracted/Jobs/91. Priest/MVI_4770.MOV,PRIEST,signer01,test,include
E:/datasets/INCLUDE/extracted/Jobs/91. Priest/MVI_4771.MOV,PRIEST,signer01,test,include
E:/datasets/INCLUDE/extracted/Jobs/91. Priest/MVI_4772.MOV,PRIEST,signer01,test,include
E:/datasets/INCLUDE/extracted/Jobs/91. Priest/MVI_5342.MOV,PRIEST,signer02,train,include
E:/datasets/INCLUDE/extracted/Jobs/91. Priest/MVI_5343.MOV,PRIEST,signer02,train,include
E:/datasets/INCLUDE/extracted/Jobs/91. Priest/MVI_5344.MOV,PRIEST,signer02,train,include
E:/datasets/INCLUDE/extracted/Jobs/91. Priest/MVI_5345.MOV,PRIEST,signer02,train,include
E:/datasets/INCLUDE/extracted/Jobs/91. Priest/MVI_8887.MP4,PRIEST,signer03,train,include
E:/datasets/INCLUDE/extracted/Jobs/91. Priest/MVI_8888.MP4,PRIEST,signer03,train,include
E:/datasets/INCLUDE/extracted/Jobs/91. Priest/MVI_8889.MP4,PRIEST,signer03,train,include
E:/datasets/INCLUDE/extracted/Jobs/92. Police/MVI_4491.MOV,POLICE,signer00,val,include
E:/datasets/INCLUDE/extracted/Jobs/92. Police/MVI_4492.MOV,POLICE,signer00,val,include
E:/datasets/INCLUDE/extracted/Jobs/92. Police/MVI_4493.MOV,POLICE,signer00,val,include
E:/datasets/INCLUDE/extracted/Jobs/92. Police/MVI_4494.MOV,POLICE,signer00,val,include
E:/datasets/INCLUDE/extracted/Jobs/92. Police/MVI_4773.MOV,POLICE,signer01,test,include
E:/datasets/INCLUDE/extracted/Jobs/92. Police/MVI_4774.MOV,POLICE,signer01,test,include
E:/datasets/INCLUDE/extracted/Jobs/92. Police/MVI_4775.MOV,POLICE,signer01,test,include
E:/datasets/INCLUDE/extracted/Jobs/92. Police/MVI_5346.MOV,POLICE,signer02,train,include
E:/datasets/INCLUDE/extracted/Jobs/92. Police/MVI_5347.MOV,POLICE,signer02,train,include
E:/datasets/INCLUDE/extracted/Jobs/92. Police/MVI_5348.MOV,POLICE,signer02,train,include
E:/datasets/INCLUDE/extracted/Jobs/92. Police/MVI_5349.MOV,POLICE,signer02,train,include
E:/datasets/INCLUDE/extracted/Jobs/92. Police/MVI_8890.MP4,POLICE,signer03,train,include
E:/datasets/INCLUDE/extracted/Jobs/92. Police/MVI_8891.MP4,POLICE,signer03,train,include
E:/datasets/INCLUDE/extracted/Jobs/92. Police/MVI_8892.MP4,POLICE,signer03,train,include
E:/datasets/INCLUDE/extracted/Jobs/93. Soldier/MVI_4495.MOV,SOLDIER,signer00,val,include
E:/datasets/INCLUDE/extracted/Jobs/93. Soldier/MVI_4496.MOV,SOLDIER,signer00,val,include
E:/datasets/INCLUDE/extracted/Jobs/93. Soldier/MVI_4497.MOV,SOLDIER,signer00,val,include
E:/datasets/INCLUDE/extracted/Jobs/93. Soldier/MVI_4498.MOV,SOLDIER,signer00,val,include
E:/datasets/INCLUDE/extracted/Jobs/93. Soldier/MVI_4776.MOV,SOLDIER,signer01,test,include
E:/datasets/INCLUDE/extracted/Jobs/93. Soldier/MVI_4777.MOV,SOLDIER,signer01,test,include
E:/datasets/INCLUDE/extracted/Jobs/93. Soldier/MVI_4778.MOV,SOLDIER,signer01,test,include
E:/datasets/INCLUDE/extracted/Jobs/93. Soldier/MVI_5350.MOV,SOLDIER,signer02,train,include
E:/datasets/INCLUDE/extracted/Jobs/93. Soldier/MVI_5351.MOV,SOLDIER,signer02,train,include
E:/datasets/INCLUDE/extracted/Jobs/93. Soldier/MVI_5352.MOV,SOLDIER,signer02,train,include
E:/datasets/INCLUDE/extracted/Jobs/93. Soldier/MVI_5353.MOV,SOLDIER,signer02,train,include
E:/datasets/INCLUDE/extracted/Jobs/93. Soldier/MVI_8893.MP4,SOLDIER,signer03,train,include
E:/datasets/INCLUDE/extracted/Jobs/93. Soldier/MVI_8894.MP4,SOLDIER,signer03,train,include
E:/datasets/INCLUDE/extracted/Jobs/93. Soldier/MVI_8895.MP4,SOLDIER,signer03,train,include
E:/datasets/INCLUDE/extracted/Jobs/94. Artist/MVI_4500.MOV,ARTIST,signer00,val,include
E:/datasets/INCLUDE/extracted/Jobs/94. Artist/MVI_4501.MOV,ARTIST,signer00,val,include
E:/datasets/INCLUDE/extracted/Jobs/94. Artist/MVI_4502.MOV,ARTIST,signer00,val,include
E:/datasets/INCLUDE/extracted/Jobs/94. Artist/MVI_4503.MOV,ARTIST,signer00,val,include
E:/datasets/INCLUDE/extracted/Jobs/94. Artist/MVI_4779.MOV,ARTIST,signer01,test,include
E:/datasets/INCLUDE/extracted/Jobs/94. Artist/MVI_4780.MOV,ARTIST,signer01,test,include
E:/datasets/INCLUDE/extracted/Jobs/94. Artist/MVI_4781.MOV,ARTIST,signer01,test,include
E:/datasets/INCLUDE/extracted/Jobs/94. Artist/MVI_5354.MOV,ARTIST,signer02,train,include
E:/datasets/INCLUDE/extracted/Jobs/94. Artist/MVI_5355.MOV,ARTIST,signer02,train,include
E:/datasets/INCLUDE/extracted/Jobs/94. Artist/MVI_5356.MOV,ARTIST,signer02,train,include
E:/datasets/INCLUDE/extracted/Jobs/94. Artist/MVI_5357.MOV,ARTIST,signer02,train,include
E:/datasets/INCLUDE/extracted/Jobs/94. Artist/MVI_8896.MP4,ARTIST,signer03,train,include
E:/datasets/INCLUDE/extracted/Jobs/94. Artist/MVI_8897.MP4,ARTIST,signer03,train,include
E:/datasets/INCLUDE/extracted/Jobs/94. Artist/MVI_8898.MP4,ARTIST,signer03,train,include
E:/datasets/INCLUDE/extracted/Jobs/95. Author/MVI_4504.MOV,AUTHOR,signer00,val,include
E:/datasets/INCLUDE/extracted/Jobs/95. Author/MVI_4505.MOV,AUTHOR,signer00,val,include
E:/datasets/INCLUDE/extracted/Jobs/95. Author/MVI_4506.MOV,AUTHOR,signer00,val,include
E:/datasets/INCLUDE/extracted/Jobs/95. Author/MVI_4507.MOV,AUTHOR,signer00,val,include
E:/datasets/INCLUDE/extracted/Jobs/95. Author/MVI_4782.MOV,AUTHOR,signer01,test,include
E:/datasets/INCLUDE/extracted/Jobs/95. Author/MVI_4783.MOV,AUTHOR,signer01,test,include
E:/datasets/INCLUDE/extracted/Jobs/95. Author/MVI_4784.MOV,AUTHOR,signer01,test,include
E:/datasets/INCLUDE/extracted/Jobs/95. Author/MVI_5358.MOV,AUTHOR,signer02,train,include
E:/datasets/INCLUDE/extracted/Jobs/95. Author/MVI_5359.MOV,AUTHOR,signer02,train,include
E:/datasets/INCLUDE/extracted/Jobs/95. Author/MVI_5360.MOV,AUTHOR,signer02,train,include
E:/datasets/INCLUDE/extracted/Jobs/95. Author/MVI_5361.MOV,AUTHOR,signer02,train,include
E:/datasets/INCLUDE/extracted/Jobs/95. Author/MVI_8911.MP4,AUTHOR,signer03,train,include
E:/datasets/INCLUDE/extracted/Jobs/95. Author/MVI_8912.MP4,AUTHOR,signer03,train,include
E:/datasets/INCLUDE/extracted/Jobs/95. Author/MVI_8913.MP4,AUTHOR,signer03,train,include
E:/datasets/INCLUDE/extracted/Jobs/96. Manager/MVI_4508.MOV,MANAGER,signer00,val,include
E:/datasets/INCLUDE/extracted/Jobs/96. Manager/MVI_4509.MOV,MANAGER,signer00,val,include
E:/datasets/INCLUDE/extracted/Jobs/96. Manager/MVI_4510.MOV,MANAGER,signer00,val,include
E:/datasets/INCLUDE/extracted/Jobs/96. Manager/MVI_4511.MOV,MANAGER,signer00,val,include
E:/datasets/INCLUDE/extracted/Jobs/96. Manager/MVI_4785.MOV,MANAGER,signer01,test,include
E:/datasets/INCLUDE/extracted/Jobs/96. Manager/MVI_4786.MOV,MANAGER,signer01,test,include
E:/datasets/INCLUDE/extracted/Jobs/96. Manager/MVI_4787.MOV,MANAGER,signer01,test,include
E:/datasets/INCLUDE/extracted/Jobs/96. Manager/MVI_5362.MOV,MANAGER,signer02,train,include
E:/datasets/INCLUDE/extracted/Jobs/96. Manager/MVI_5363.MOV,MANAGER,signer02,train,include
E:/datasets/INCLUDE/extracted/Jobs/96. Manager/MVI_5364.MOV,MANAGER,signer02,train,include
E:/datasets/INCLUDE/extracted/Jobs/96. Manager/MVI_5365.MOV,MANAGER,signer02,train,include
E:/datasets/INCLUDE/extracted/Jobs/96. Manager/MVI_8914.MP4,MANAGER,signer03,train,include
E:/datasets/INCLUDE/extracted/Jobs/96. Manager/MVI_8915.MP4,MANAGER,signer03,train,include
E:/datasets/INCLUDE/extracted/Jobs/96. Manager/MVI_8916.MP4,MANAGER,signer03,train,include
E:/datasets/INCLUDE/extracted/Jobs/97. Reporter/MVI_4512.MOV,REPORTER,signer00,val,include
E:/datasets/INCLUDE/extracted/Jobs/97. Reporter/MVI_4513.MOV,REPORTER,signer00,val,include
E:/datasets/INCLUDE/extracted/Jobs/97. Reporter/MVI_4514.MOV,REPORTER,signer00,val,include
E:/datasets/INCLUDE/extracted/Jobs/97. Reporter/MVI_4515.MOV,REPORTER,signer00,val,include
E:/datasets/INCLUDE/extracted/Jobs/97. Reporter/MVI_4788.MOV,REPORTER,signer01,test,include
E:/datasets/INCLUDE/extracted/Jobs/97. Reporter/MVI_4789.MOV,REPORTER,signer01,test,include
E:/datasets/INCLUDE/extracted/Jobs/97. Reporter/MVI_4790.MOV,REPORTER,signer01,test,include
E:/datasets/INCLUDE/extracted/Jobs/97. Reporter/MVI_5366.MOV,REPORTER,signer02,train,include
E:/datasets/INCLUDE/extracted/Jobs/97. Reporter/MVI_5367.MOV,REPORTER,signer02,train,include
E:/datasets/INCLUDE/extracted/Jobs/97. Reporter/MVI_5368.MOV,REPORTER,signer02,train,include
E:/datasets/INCLUDE/extracted/Jobs/97. Reporter/MVI_5369.MOV,REPORTER,signer02,train,include
E:/datasets/INCLUDE/extracted/Jobs/97. Reporter/MVI_8917.MP4,REPORTER,signer03,train,include
E:/datasets/INCLUDE/extracted/Jobs/97. Reporter/MVI_8918.MP4,REPORTER,signer03,train,include
E:/datasets/INCLUDE/extracted/Jobs/97. Reporter/MVI_8919.MP4,REPORTER,signer03,train,include
E:/datasets/INCLUDE/extracted/Jobs/98. Actor/MVI_4516.MOV,ACTOR,signer00,val,include
E:/datasets/INCLUDE/extracted/Jobs/98. Actor/MVI_4517.MOV,ACTOR,signer00,val,include
E:/datasets/INCLUDE/extracted/Jobs/98. Actor/MVI_4518.MOV,ACTOR,signer00,val,include
E:/datasets/INCLUDE/extracted/Jobs/98. Actor/MVI_4519.MOV,ACTOR,signer00,val,include
E:/datasets/INCLUDE/extracted/Jobs/98. Actor/MVI_4791.MOV,ACTOR,signer01,test,include
E:/datasets/INCLUDE/extracted/Jobs/98. Actor/MVI_4792.MOV,ACTOR,signer01,test,include
E:/datasets/INCLUDE/extracted/Jobs/98. Actor/MVI_4793.MOV,ACTOR,signer01,test,include
E:/datasets/INCLUDE/extracted/Jobs/98. Actor/MVI_5371.MOV,ACTOR,signer02,train,include
E:/datasets/INCLUDE/extracted/Jobs/98. Actor/MVI_5372.MOV,ACTOR,signer02,train,include
E:/datasets/INCLUDE/extracted/Jobs/98. Actor/MVI_5373.MOV,ACTOR,signer02,train,include
E:/datasets/INCLUDE/extracted/Jobs/98. Actor/MVI_5374.MOV,ACTOR,signer02,train,include
E:/datasets/INCLUDE/extracted/Jobs/98. Actor/MVI_8921.MP4,ACTOR,signer03,train,include
E:/datasets/INCLUDE/extracted/Jobs/98. Actor/MVI_8922.MP4,ACTOR,signer03,train,include
E:/datasets/INCLUDE/extracted/Jobs/98. Actor/MVI_8923.MP4,ACTOR,signer03,train,include
E:/datasets/INCLUDE/extracted/Jobs/99. Job/MVI_4520.MOV,JOB,signer00,val,include
E:/datasets/INCLUDE/extracted/Jobs/99. Job/MVI_4521.MOV,JOB,signer00,val,include
E:/datasets/INCLUDE/extracted/Jobs/99. Job/MVI_4522.MOV,JOB,signer00,val,include
E:/datasets/INCLUDE/extracted/Jobs/99. Job/MVI_4523.MOV,JOB,signer00,val,include
E:/datasets/INCLUDE/extracted/Jobs/99. Job/MVI_4794.MOV,JOB,signer01,test,include
E:/datasets/INCLUDE/extracted/Jobs/99. Job/MVI_4795.MOV,JOB,signer01,test,include
E:/datasets/INCLUDE/extracted/Jobs/99. Job/MVI_4796.MOV,JOB,signer01,test,include
E:/datasets/INCLUDE/extracted/Jobs/99. Job/MVI_5375.MOV,JOB,signer02,train,include
E:/datasets/INCLUDE/extracted/Jobs/99. Job/MVI_5376.MOV,JOB,signer02,train,include
E:/datasets/INCLUDE/extracted/Jobs/99. Job/MVI_5377.MOV,JOB,signer02,train,include
E:/datasets/INCLUDE/extracted/Jobs/99. Job/MVI_5378.MOV,JOB,signer02,train,include
E:/datasets/INCLUDE/extracted/Jobs/99. Job/MVI_8924.MP4,JOB,signer03,train,include
E:/datasets/INCLUDE/extracted/Jobs/99. Job/MVI_8925.MP4,JOB,signer03,train,include
E:/datasets/INCLUDE/extracted/Jobs/99. Job/MVI_8926.MP4,JOB,signer03,train,include
E:/datasets/INCLUDE/extracted/Means_of_Transportation/10. Plane/MVI_3113.MOV,PLANE,signer00,val,include
E:/datasets/INCLUDE/extracted/Means_of_Transportation/10. Plane/MVI_3114.MOV,PLANE,signer00,val,include
E:/datasets/INCLUDE/extracted/Means_of_Transportation/10. Plane/MVI_3115.MOV,PLANE,signer00,val,include
E:/datasets/INCLUDE/extracted/Means_of_Transportation/10. Plane/MVI_3142.MOV,PLANE,signer01,test,include
E:/datasets/INCLUDE/extracted/Means_of_Transportation/10. Plane/MVI_3143.MOV,PLANE,signer01,test,include
E:/datasets/INCLUDE/extracted/Means_of_Transportation/10. Plane/MVI_3144.MOV,PLANE,signer01,test,include
E:/datasets/INCLUDE/extracted/Means_of_Transportation/10. Plane/MVI_3171.MOV,PLANE,signer02,train,include
E:/datasets/INCLUDE/extracted/Means_of_Transportation/10. Plane/MVI_3172.MOV,PLANE,signer02,train,include
E:/datasets/INCLUDE/extracted/Means_of_Transportation/10. Plane/MVI_3173.MOV,PLANE,signer02,train,include
E:/datasets/INCLUDE/extracted/Means_of_Transportation/10. Plane/MVI_3206.MOV,PLANE,signer03,train,include
E:/datasets/INCLUDE/extracted/Means_of_Transportation/10. Plane/MVI_3207.MOV,PLANE,signer03,train,include
E:/datasets/INCLUDE/extracted/Means_of_Transportation/10. Plane/MVI_3208.MOV,PLANE,signer03,train,include
E:/datasets/INCLUDE/extracted/Means_of_Transportation/10. Plane/MVI_3234.MOV,PLANE,signer04,train,include
E:/datasets/INCLUDE/extracted/Means_of_Transportation/10. Plane/MVI_3235.MOV,PLANE,signer04,train,include
E:/datasets/INCLUDE/extracted/Means_of_Transportation/10. Plane/MVI_3236.MOV,PLANE,signer04,train,include
E:/datasets/INCLUDE/extracted/Means_of_Transportation/10. Plane/MVI_3237.MOV,PLANE,signer04,train,include
E:/datasets/INCLUDE/extracted/Means_of_Transportation/10. Plane/MVI_4173.MOV,PLANE,signer05,train,include
E:/datasets/INCLUDE/extracted/Means_of_Transportation/10. Plane/MVI_4174.MOV,PLANE,signer05,train,include
E:/datasets/INCLUDE/extracted/Means_of_Transportation/10. Plane/MVI_4175.MOV,PLANE,signer05,train,include
E:/datasets/INCLUDE/extracted/Means_of_Transportation/10. Plane/MVI_8581.MP4,PLANE,signer06,train,include
E:/datasets/INCLUDE/extracted/Means_of_Transportation/10. Plane/MVI_8582.MP4,PLANE,signer06,train,include
E:/datasets/INCLUDE/extracted/Means_of_Transportation/11. Car/MVI_3116.MOV,CAR,signer00,val,include
E:/datasets/INCLUDE/extracted/Means_of_Transportation/11. Car/MVI_3117.MOV,CAR,signer00,val,include
E:/datasets/INCLUDE/extracted/Means_of_Transportation/11. Car/MVI_3118.MOV,CAR,signer00,val,include
E:/datasets/INCLUDE/extracted/Means_of_Transportation/11. Car/MVI_3145.MOV,CAR,signer01,test,include
E:/datasets/INCLUDE/extracted/Means_of_Transportation/11. Car/MVI_3146.MOV,CAR,signer01,test,include
E:/datasets/INCLUDE/extracted/Means_of_Transportation/11. Car/MVI_3147.MOV,CAR,signer01,test,include
E:/datasets/INCLUDE/extracted/Means_of_Transportation/11. Car/MVI_3174.MOV,CAR,signer02,train,include
E:/datasets/INCLUDE/extracted/Means_of_Transportation/11. Car/MVI_3175.MOV,CAR,signer02,train,include
E:/datasets/INCLUDE/extracted/Means_of_Transportation/11. Car/MVI_3176.MOV,CAR,signer02,train,include
E:/datasets/INCLUDE/extracted/Means_of_Transportation/11. Car/MVI_3209.MOV,CAR,signer03,train,include
E:/datasets/INCLUDE/extracted/Means_of_Transportation/11. Car/MVI_3210.MOV,CAR,signer03,train,include
E:/datasets/INCLUDE/extracted/Means_of_Transportation/11. Car/MVI_3211.MOV,CAR,signer03,train,include
E:/datasets/INCLUDE/extracted/Means_of_Transportation/11. Car/MVI_3238.MOV,CAR,signer04,train,include
E:/datasets/INCLUDE/extracted/Means_of_Transportation/11. Car/MVI_3239.MOV,CAR,signer04,train,include
E:/datasets/INCLUDE/extracted/Means_of_Transportation/11. Car/MVI_3240.MOV,CAR,signer04,train,include
E:/datasets/INCLUDE/extracted/Means_of_Transportation/11. Car/MVI_4176.MOV,CAR,signer05,train,include
E:/datasets/INCLUDE/extracted/Means_of_Transportation/11. Car/MVI_4177.MOV,CAR,signer05,train,include
E:/datasets/INCLUDE/extracted/Means_of_Transportation/11. Car/MVI_4178.MOV,CAR,signer05,train,include
E:/datasets/INCLUDE/extracted/Means_of_Transportation/11. Car/MVI_8583.MP4,CAR,signer06,train,include
E:/datasets/INCLUDE/extracted/Means_of_Transportation/11. Car/MVI_8584.MP4,CAR,signer06,train,include
E:/datasets/INCLUDE/extracted/Means_of_Transportation/12. Truck/MVI_3119.MOV,TRUCK,signer00,val,include
E:/datasets/INCLUDE/extracted/Means_of_Transportation/12. Truck/MVI_3120.MOV,TRUCK,signer00,val,include
E:/datasets/INCLUDE/extracted/Means_of_Transportation/12. Truck/MVI_3121.MOV,TRUCK,signer00,val,include
E:/datasets/INCLUDE/extracted/Means_of_Transportation/12. Truck/MVI_3148.MOV,TRUCK,signer01,test,include
E:/datasets/INCLUDE/extracted/Means_of_Transportation/12. Truck/MVI_3149.MOV,TRUCK,signer01,test,include
E:/datasets/INCLUDE/extracted/Means_of_Transportation/12. Truck/MVI_3150.MOV,TRUCK,signer01,test,include
E:/datasets/INCLUDE/extracted/Means_of_Transportation/12. Truck/MVI_3177.MOV,TRUCK,signer02,train,include
E:/datasets/INCLUDE/extracted/Means_of_Transportation/12. Truck/MVI_3178.MOV,TRUCK,signer02,train,include
E:/datasets/INCLUDE/extracted/Means_of_Transportation/12. Truck/MVI_3179.MOV,TRUCK,signer02,train,include
E:/datasets/INCLUDE/extracted/Means_of_Transportation/12. Truck/MVI_3180.MOV,TRUCK,signer02,train,include
E:/datasets/INCLUDE/extracted/Means_of_Transportation/12. Truck/MVI_3212.MOV,TRUCK,signer03,train,include
E:/datasets/INCLUDE/extracted/Means_of_Transportation/12. Truck/MVI_3213.MOV,TRUCK,signer03,train,include
E:/datasets/INCLUDE/extracted/Means_of_Transportation/12. Truck/MVI_3214.MOV,TRUCK,signer03,train,include
E:/datasets/INCLUDE/extracted/Means_of_Transportation/12. Truck/MVI_3241.MOV,TRUCK,signer04,train,include
E:/datasets/INCLUDE/extracted/Means_of_Transportation/12. Truck/MVI_3242.MOV,TRUCK,signer04,train,include
E:/datasets/INCLUDE/extracted/Means_of_Transportation/12. Truck/MVI_3243.MOV,TRUCK,signer04,train,include
E:/datasets/INCLUDE/extracted/Means_of_Transportation/12. Truck/MVI_4179.MOV,TRUCK,signer05,train,include
E:/datasets/INCLUDE/extracted/Means_of_Transportation/12. Truck/MVI_4180.MOV,TRUCK,signer05,train,include
E:/datasets/INCLUDE/extracted/Means_of_Transportation/12. Truck/MVI_4181.MOV,TRUCK,signer05,train,include
E:/datasets/INCLUDE/extracted/Means_of_Transportation/12. Truck/MVI_8585.MP4,TRUCK,signer06,train,include
E:/datasets/INCLUDE/extracted/Means_of_Transportation/12. Truck/MVI_8586.MP4,TRUCK,signer06,train,include
E:/datasets/INCLUDE/extracted/Means_of_Transportation/13. Bicycle/MVI_3122.MOV,BICYCLE,signer00,val,include
E:/datasets/INCLUDE/extracted/Means_of_Transportation/13. Bicycle/MVI_3123.MOV,BICYCLE,signer00,val,include
E:/datasets/INCLUDE/extracted/Means_of_Transportation/13. Bicycle/MVI_3125.MOV,BICYCLE,signer00,val,include
E:/datasets/INCLUDE/extracted/Means_of_Transportation/13. Bicycle/MVI_3151.MOV,BICYCLE,signer01,test,include
E:/datasets/INCLUDE/extracted/Means_of_Transportation/13. Bicycle/MVI_3152.MOV,BICYCLE,signer01,test,include
E:/datasets/INCLUDE/extracted/Means_of_Transportation/13. Bicycle/MVI_3153.MOV,BICYCLE,signer01,test,include
E:/datasets/INCLUDE/extracted/Means_of_Transportation/13. Bicycle/MVI_3181.MOV,BICYCLE,signer02,train,include
E:/datasets/INCLUDE/extracted/Means_of_Transportation/13. Bicycle/MVI_3182.MOV,BICYCLE,signer02,train,include
E:/datasets/INCLUDE/extracted/Means_of_Transportation/13. Bicycle/MVI_3183.MOV,BICYCLE,signer02,train,include
E:/datasets/INCLUDE/extracted/Means_of_Transportation/13. Bicycle/MVI_3215.MOV,BICYCLE,signer03,train,include
E:/datasets/INCLUDE/extracted/Means_of_Transportation/13. Bicycle/MVI_3216.MOV,BICYCLE,signer03,train,include
E:/datasets/INCLUDE/extracted/Means_of_Transportation/13. Bicycle/MVI_3217.MOV,BICYCLE,signer03,train,include
E:/datasets/INCLUDE/extracted/Means_of_Transportation/13. Bicycle/MVI_3244.MOV,BICYCLE,signer04,train,include
E:/datasets/INCLUDE/extracted/Means_of_Transportation/13. Bicycle/MVI_3245.MOV,BICYCLE,signer04,train,include
E:/datasets/INCLUDE/extracted/Means_of_Transportation/13. Bicycle/MVI_3246.MOV,BICYCLE,signer04,train,include
E:/datasets/INCLUDE/extracted/Means_of_Transportation/13. Bicycle/MVI_4182.MOV,BICYCLE,signer05,train,include
E:/datasets/INCLUDE/extracted/Means_of_Transportation/13. Bicycle/MVI_4183.MOV,BICYCLE,signer05,train,include
E:/datasets/INCLUDE/extracted/Means_of_Transportation/13. Bicycle/MVI_4184.MOV,BICYCLE,signer05,train,include
E:/datasets/INCLUDE/extracted/Means_of_Transportation/13. Bicycle/MVI_8587.MP4,BICYCLE,signer06,train,include
E:/datasets/INCLUDE/extracted/Means_of_Transportation/13. Bicycle/MVI_8588.MP4,BICYCLE,signer06,train,include
E:/datasets/INCLUDE/extracted/Means_of_Transportation/14. Bus/MVI_3126.MOV,BUS,signer00,val,include
E:/datasets/INCLUDE/extracted/Means_of_Transportation/14. Bus/MVI_3127.MOV,BUS,signer00,val,include
E:/datasets/INCLUDE/extracted/Means_of_Transportation/14. Bus/MVI_3128.MOV,BUS,signer00,val,include
E:/datasets/INCLUDE/extracted/Means_of_Transportation/14. Bus/MVI_3155.MOV,BUS,signer01,test,include
E:/datasets/INCLUDE/extracted/Means_of_Transportation/14. Bus/MVI_3156.MOV,BUS,signer01,test,include
E:/datasets/INCLUDE/extracted/Means_of_Transportation/14. Bus/MVI_3157.MOV,BUS,signer01,test,include
E:/datasets/INCLUDE/extracted/Means_of_Transportation/14. Bus/MVI_3184.MOV,BUS,signer02,train,include
E:/datasets/INCLUDE/extracted/Means_of_Transportation/14. Bus/MVI_3185.MOV,BUS,signer02,train,include
E:/datasets/INCLUDE/extracted/Means_of_Transportation/14. Bus/MVI_3186.MOV,BUS,signer02,train,include
E:/datasets/INCLUDE/extracted/Means_of_Transportation/14. Bus/MVI_3218.MOV,BUS,signer03,train,include
E:/datasets/INCLUDE/extracted/Means_of_Transportation/14. Bus/MVI_3219.MOV,BUS,signer03,train,include
E:/datasets/INCLUDE/extracted/Means_of_Transportation/14. Bus/MVI_3220.MOV,BUS,signer03,train,include
E:/datasets/INCLUDE/extracted/Means_of_Transportation/14. Bus/MVI_3247.MOV,BUS,signer04,train,include
E:/datasets/INCLUDE/extracted/Means_of_Transportation/14. Bus/MVI_3248.MOV,BUS,signer04,train,include
E:/datasets/INCLUDE/extracted/Means_of_Transportation/14. Bus/MVI_3249.MOV,BUS,signer04,train,include
E:/datasets/INCLUDE/extracted/Means_of_Transportation/14. Bus/MVI_4185.MOV,BUS,signer05,train,include
E:/datasets/INCLUDE/extracted/Means_of_Transportation/14. Bus/MVI_4186.MOV,BUS,signer05,train,include
E:/datasets/INCLUDE/extracted/Means_of_Transportation/14. Bus/MVI_4187.MOV,BUS,signer05,train,include
E:/datasets/INCLUDE/extracted/Means_of_Transportation/14. Bus/MVI_8589.MP4,BUS,signer06,train,include
E:/datasets/INCLUDE/extracted/Means_of_Transportation/14. Bus/MVI_8590.MP4,BUS,signer06,train,include
E:/datasets/INCLUDE/extracted/Means_of_Transportation/15. Boat/MVI_3129.MOV,BOAT,signer00,val,include
E:/datasets/INCLUDE/extracted/Means_of_Transportation/15. Boat/MVI_3130.MOV,BOAT,signer00,val,include
E:/datasets/INCLUDE/extracted/Means_of_Transportation/15. Boat/MVI_3131.MOV,BOAT,signer00,val,include
E:/datasets/INCLUDE/extracted/Means_of_Transportation/15. Boat/MVI_3158.MOV,BOAT,signer01,test,include
E:/datasets/INCLUDE/extracted/Means_of_Transportation/15. Boat/MVI_3159.MOV,BOAT,signer01,test,include
E:/datasets/INCLUDE/extracted/Means_of_Transportation/15. Boat/MVI_3160.MOV,BOAT,signer01,test,include
E:/datasets/INCLUDE/extracted/Means_of_Transportation/15. Boat/MVI_3187.MOV,BOAT,signer02,train,include
E:/datasets/INCLUDE/extracted/Means_of_Transportation/15. Boat/MVI_3189.MOV,BOAT,signer02,train,include
E:/datasets/INCLUDE/extracted/Means_of_Transportation/15. Boat/MVI_3190.MOV,BOAT,signer02,train,include
E:/datasets/INCLUDE/extracted/Means_of_Transportation/15. Boat/MVI_3191.MOV,BOAT,signer02,train,include
E:/datasets/INCLUDE/extracted/Means_of_Transportation/15. Boat/MVI_3221.MOV,BOAT,signer03,train,include
E:/datasets/INCLUDE/extracted/Means_of_Transportation/15. Boat/MVI_3222.MOV,BOAT,signer03,train,include
E:/datasets/INCLUDE/extracted/Means_of_Transportation/15. Boat/MVI_3223.MOV,BOAT,signer03,train,include
E:/datasets/INCLUDE/extracted/Means_of_Transportation/15. Boat/MVI_3250.MOV,BOAT,signer04,train,include
E:/datasets/INCLUDE/extracted/Means_of_Transportation/15. Boat/MVI_3251.MOV,BOAT,signer04,train,include
E:/datasets/INCLUDE/extracted/Means_of_Transportation/15. Boat/MVI_3252.MOV,BOAT,signer04,train,include
E:/datasets/INCLUDE/extracted/Means_of_Transportation/15. Boat/MVI_4188.MOV,BOAT,signer05,train,include
E:/datasets/INCLUDE/extracted/Means_of_Transportation/15. Boat/MVI_4189.MOV,BOAT,signer05,train,include
E:/datasets/INCLUDE/extracted/Means_of_Transportation/15. Boat/MVI_4190.MOV,BOAT,signer05,train,include
E:/datasets/INCLUDE/extracted/Means_of_Transportation/15. Boat/MVI_8594.MP4,BOAT,signer06,train,include
E:/datasets/INCLUDE/extracted/Means_of_Transportation/15. Boat/MVI_8595.MP4,BOAT,signer06,train,include
E:/datasets/INCLUDE/extracted/Means_of_Transportation/16. train ticket/MVI_3132.MOV,TRAIN_TICKET,signer00,val,include
E:/datasets/INCLUDE/extracted/Means_of_Transportation/16. train ticket/MVI_3133.MOV,TRAIN_TICKET,signer00,val,include
E:/datasets/INCLUDE/extracted/Means_of_Transportation/16. train ticket/MVI_3134.MOV,TRAIN_TICKET,signer00,val,include
E:/datasets/INCLUDE/extracted/Means_of_Transportation/16. train ticket/MVI_3162.MOV,TRAIN_TICKET,signer01,test,include
E:/datasets/INCLUDE/extracted/Means_of_Transportation/16. train ticket/MVI_3163.MOV,TRAIN_TICKET,signer01,test,include
E:/datasets/INCLUDE/extracted/Means_of_Transportation/16. train ticket/MVI_3164.MOV,TRAIN_TICKET,signer01,test,include
E:/datasets/INCLUDE/extracted/Means_of_Transportation/16. train ticket/MVI_3194.MOV,TRAIN_TICKET,signer02,train,include
E:/datasets/INCLUDE/extracted/Means_of_Transportation/16. train ticket/MVI_3195.MOV,TRAIN_TICKET,signer02,train,include
E:/datasets/INCLUDE/extracted/Means_of_Transportation/16. train ticket/MVI_3196.MOV,TRAIN_TICKET,signer02,train,include
E:/datasets/INCLUDE/extracted/Means_of_Transportation/16. train ticket/MVI_3197.MOV,TRAIN_TICKET,signer02,train,include
E:/datasets/INCLUDE/extracted/Means_of_Transportation/16. train ticket/MVI_3224.MOV,TRAIN_TICKET,signer03,train,include
E:/datasets/INCLUDE/extracted/Means_of_Transportation/16. train ticket/MVI_3225.MOV,TRAIN_TICKET,signer03,train,include
E:/datasets/INCLUDE/extracted/Means_of_Transportation/16. train ticket/MVI_3226.MOV,TRAIN_TICKET,signer03,train,include
E:/datasets/INCLUDE/extracted/Means_of_Transportation/16. train ticket/MVI_3253.MOV,TRAIN_TICKET,signer04,train,include
E:/datasets/INCLUDE/extracted/Means_of_Transportation/16. train ticket/MVI_3254.MOV,TRAIN_TICKET,signer04,train,include
E:/datasets/INCLUDE/extracted/Means_of_Transportation/16. train ticket/MVI_3255.MOV,TRAIN_TICKET,signer04,train,include
E:/datasets/INCLUDE/extracted/Means_of_Transportation/16. train ticket/MVI_4191.MOV,TRAIN_TICKET,signer05,train,include
E:/datasets/INCLUDE/extracted/Means_of_Transportation/16. train ticket/MVI_4192.MOV,TRAIN_TICKET,signer05,train,include
E:/datasets/INCLUDE/extracted/Means_of_Transportation/16. train ticket/MVI_4193.MOV,TRAIN_TICKET,signer05,train,include
E:/datasets/INCLUDE/extracted/Means_of_Transportation/16. train ticket/MVI_8596.MP4,TRAIN_TICKET,signer06,train,include
E:/datasets/INCLUDE/extracted/Means_of_Transportation/16. train ticket/MVI_8597.MP4,TRAIN_TICKET,signer06,train,include
E:/datasets/INCLUDE/extracted/Means_of_Transportation/17. Transportation/MVI_3135.MOV,TRANSPORTATION,signer00,val,include
E:/datasets/INCLUDE/extracted/Means_of_Transportation/17. Transportation/MVI_3136.MOV,TRANSPORTATION,signer00,val,include
E:/datasets/INCLUDE/extracted/Means_of_Transportation/17. Transportation/MVI_3137.MOV,TRANSPORTATION,signer00,val,include
E:/datasets/INCLUDE/extracted/Means_of_Transportation/17. Transportation/MVI_3165.MOV,TRANSPORTATION,signer01,test,include
E:/datasets/INCLUDE/extracted/Means_of_Transportation/17. Transportation/MVI_3166.MOV,TRANSPORTATION,signer01,test,include
E:/datasets/INCLUDE/extracted/Means_of_Transportation/17. Transportation/MVI_3167.MOV,TRANSPORTATION,signer01,test,include
E:/datasets/INCLUDE/extracted/Means_of_Transportation/17. Transportation/MVI_3198.MOV,TRANSPORTATION,signer02,train,include
E:/datasets/INCLUDE/extracted/Means_of_Transportation/17. Transportation/MVI_3199.MOV,TRANSPORTATION,signer02,train,include
E:/datasets/INCLUDE/extracted/Means_of_Transportation/17. Transportation/MVI_3200.MOV,TRANSPORTATION,signer02,train,include
E:/datasets/INCLUDE/extracted/Means_of_Transportation/17. Transportation/MVI_3201.MOV,TRANSPORTATION,signer02,train,include
E:/datasets/INCLUDE/extracted/Means_of_Transportation/17. Transportation/MVI_3227.MOV,TRANSPORTATION,signer03,train,include
E:/datasets/INCLUDE/extracted/Means_of_Transportation/17. Transportation/MVI_3228.MOV,TRANSPORTATION,signer03,train,include
E:/datasets/INCLUDE/extracted/Means_of_Transportation/17. Transportation/MVI_3229.MOV,TRANSPORTATION,signer03,train,include
E:/datasets/INCLUDE/extracted/Means_of_Transportation/17. Transportation/MVI_3256.MOV,TRANSPORTATION,signer04,train,include
E:/datasets/INCLUDE/extracted/Means_of_Transportation/17. Transportation/MVI_3257.MOV,TRANSPORTATION,signer04,train,include
E:/datasets/INCLUDE/extracted/Means_of_Transportation/17. Transportation/MVI_3258.MOV,TRANSPORTATION,signer04,train,include
E:/datasets/INCLUDE/extracted/Means_of_Transportation/17. Transportation/MVI_4194.MOV,TRANSPORTATION,signer05,train,include
E:/datasets/INCLUDE/extracted/Means_of_Transportation/17. Transportation/MVI_4195.MOV,TRANSPORTATION,signer05,train,include
E:/datasets/INCLUDE/extracted/Means_of_Transportation/17. Transportation/MVI_4196.MOV,TRANSPORTATION,signer05,train,include
E:/datasets/INCLUDE/extracted/Means_of_Transportation/17. Transportation/MVI_8598.MP4,TRANSPORTATION,signer06,train,include
E:/datasets/INCLUDE/extracted/Means_of_Transportation/17. Transportation/MVI_8599.MP4,TRANSPORTATION,signer06,train,include
E:/datasets/INCLUDE/extracted/Means_of_Transportation/9. Train/MVI_3110.MOV,TRAIN,signer00,val,include
E:/datasets/INCLUDE/extracted/Means_of_Transportation/9. Train/MVI_3111.MOV,TRAIN,signer00,val,include
E:/datasets/INCLUDE/extracted/Means_of_Transportation/9. Train/MVI_3112.MOV,TRAIN,signer00,val,include
E:/datasets/INCLUDE/extracted/Means_of_Transportation/9. Train/MVI_3139.MOV,TRAIN,signer01,test,include
E:/datasets/INCLUDE/extracted/Means_of_Transportation/9. Train/MVI_3140.MOV,TRAIN,signer01,test,include
E:/datasets/INCLUDE/extracted/Means_of_Transportation/9. Train/MVI_3141.MOV,TRAIN,signer01,test,include
E:/datasets/INCLUDE/extracted/Means_of_Transportation/9. Train/MVI_3168.MOV,TRAIN,signer02,train,include
E:/datasets/INCLUDE/extracted/Means_of_Transportation/9. Train/MVI_3169.MOV,TRAIN,signer02,train,include
E:/datasets/INCLUDE/extracted/Means_of_Transportation/9. Train/MVI_3170.MOV,TRAIN,signer02,train,include
E:/datasets/INCLUDE/extracted/Means_of_Transportation/9. Train/MVI_3202.MOV,TRAIN,signer03,train,include
E:/datasets/INCLUDE/extracted/Means_of_Transportation/9. Train/MVI_3203.MOV,TRAIN,signer03,train,include
E:/datasets/INCLUDE/extracted/Means_of_Transportation/9. Train/MVI_3204.MOV,TRAIN,signer03,train,include
E:/datasets/INCLUDE/extracted/Means_of_Transportation/9. Train/MVI_3230.MOV,TRAIN,signer04,train,include
E:/datasets/INCLUDE/extracted/Means_of_Transportation/9. Train/MVI_3231.MOV,TRAIN,signer04,train,include
E:/datasets/INCLUDE/extracted/Means_of_Transportation/9. Train/MVI_3232.MOV,TRAIN,signer04,train,include
E:/datasets/INCLUDE/extracted/Means_of_Transportation/9. Train/MVI_3233.MOV,TRAIN,signer04,train,include
E:/datasets/INCLUDE/extracted/Means_of_Transportation/9. Train/MVI_4170.MOV,TRAIN,signer05,train,include
E:/datasets/INCLUDE/extracted/Means_of_Transportation/9. Train/MVI_4171.MOV,TRAIN,signer05,train,include
E:/datasets/INCLUDE/extracted/Means_of_Transportation/9. Train/MVI_4172.MOV,TRAIN,signer05,train,include
E:/datasets/INCLUDE/extracted/Means_of_Transportation/9. Train/MVI_8579.MP4,TRAIN,signer06,train,include
E:/datasets/INCLUDE/extracted/Means_of_Transportation/9. Train/MVI_8580.MP4,TRAIN,signer06,train,include
E:/datasets/INCLUDE/extracted/People/58. Son/MVI_3753.MOV,SON,signer00,val,include
E:/datasets/INCLUDE/extracted/People/58. Son/MVI_3754.MOV,SON,signer00,val,include
E:/datasets/INCLUDE/extracted/People/58. Son/MVI_3755.MOV,SON,signer00,val,include
E:/datasets/INCLUDE/extracted/People/58. Son/MVI_3900.MOV,SON,signer01,test,include
E:/datasets/INCLUDE/extracted/People/58. Son/MVI_3901.MOV,SON,signer01,test,include
E:/datasets/INCLUDE/extracted/People/58. Son/MVI_3902.MOV,SON,signer01,test,include
E:/datasets/INCLUDE/extracted/People/58. Son/MVI_4051.MOV,SON,signer02,train,include
E:/datasets/INCLUDE/extracted/People/58. Son/MVI_4052.MOV,SON,signer02,train,include
E:/datasets/INCLUDE/extracted/People/58. Son/MVI_4053.MOV,SON,signer02,train,include
E:/datasets/INCLUDE/extracted/People/58. Son/MVI_4219.MOV,SON,signer03,train,include
E:/datasets/INCLUDE/extracted/People/58. Son/MVI_4931.MOV,SON,signer04,train,include
E:/datasets/INCLUDE/extracted/People/58. Son/MVI_4932.MOV,SON,signer04,train,include
E:/datasets/INCLUDE/extracted/People/58. Son/MVI_4933.MOV,SON,signer04,train,include
E:/datasets/INCLUDE/extracted/People/58. Son/MVI_5071.MOV,SON,signer05,train,include
E:/datasets/INCLUDE/extracted/People/58. Son/MVI_5072.MOV,SON,signer05,train,include
E:/datasets/INCLUDE/extracted/People/58. Son/MVI_5073.MOV,SON,signer05,train,include
E:/datasets/INCLUDE/extracted/People/58. Son/MVI_5218.MOV,SON,signer06,train,include
E:/datasets/INCLUDE/extracted/People/58. Son/MVI_5219.MOV,SON,signer06,train,include
E:/datasets/INCLUDE/extracted/People/58. Son/MVI_5220.MOV,SON,signer06,train,include
E:/datasets/INCLUDE/extracted/People/58. Son/MVI_8623.MP4,SON,signer07,train,include
E:/datasets/INCLUDE/extracted/People/59. Daughter/MVI_3756.MOV,DAUGHTER,signer00,val,include
E:/datasets/INCLUDE/extracted/People/59. Daughter/MVI_3757.MOV,DAUGHTER,signer00,val,include
E:/datasets/INCLUDE/extracted/People/59. Daughter/MVI_3758.MOV,DAUGHTER,signer00,val,include
E:/datasets/INCLUDE/extracted/People/59. Daughter/MVI_3903.MOV,DAUGHTER,signer01,test,include
E:/datasets/INCLUDE/extracted/People/59. Daughter/MVI_3904.MOV,DAUGHTER,signer01,test,include
E:/datasets/INCLUDE/extracted/People/59. Daughter/MVI_3905.MOV,DAUGHTER,signer01,test,include
E:/datasets/INCLUDE/extracted/People/59. Daughter/MVI_4054.MOV,DAUGHTER,signer02,train,include
E:/datasets/INCLUDE/extracted/People/59. Daughter/MVI_4055.MOV,DAUGHTER,signer02,train,include
E:/datasets/INCLUDE/extracted/People/59. Daughter/MVI_4056.MOV,DAUGHTER,signer02,train,include
E:/datasets/INCLUDE/extracted/People/59. Daughter/MVI_4221.MOV,DAUGHTER,signer03,train,include
E:/datasets/INCLUDE/extracted/People/59. Daughter/MVI_4934.MOV,DAUGHTER,signer04,train,include
E:/datasets/INCLUDE/extracted/People/59. Daughter/MVI_4935.MOV,DAUGHTER,signer04,train,include
E:/datasets/INCLUDE/extracted/People/59. Daughter/MVI_4936.MOV,DAUGHTER,signer04,train,include
E:/datasets/INCLUDE/extracted/People/59. Daughter/MVI_5074.MOV,DAUGHTER,signer05,train,include
E:/datasets/INCLUDE/extracted/People/59. Daughter/MVI_5075.MOV,DAUGHTER,signer05,train,include
E:/datasets/INCLUDE/extracted/People/59. Daughter/MVI_5076.MOV,DAUGHTER,signer05,train,include
E:/datasets/INCLUDE/extracted/People/59. Daughter/MVI_5221.MOV,DAUGHTER,signer06,train,include
E:/datasets/INCLUDE/extracted/People/59. Daughter/MVI_5222.MOV,DAUGHTER,signer06,train,include
E:/datasets/INCLUDE/extracted/People/59. Daughter/MVI_5223.MOV,DAUGHTER,signer06,train,include
E:/datasets/INCLUDE/extracted/People/59. Daughter/MVI_8624.MP4,DAUGHTER,signer07,train,include
E:/datasets/INCLUDE/extracted/People/60. Mother/MVI_3760.MOV,MOTHER,signer00,val,include
E:/datasets/INCLUDE/extracted/People/60. Mother/MVI_3761.MOV,MOTHER,signer00,val,include
E:/datasets/INCLUDE/extracted/People/60. Mother/MVI_3762.MOV,MOTHER,signer00,val,include
E:/datasets/INCLUDE/extracted/People/60. Mother/MVI_3906.MOV,MOTHER,signer01,test,include
E:/datasets/INCLUDE/extracted/People/60. Mother/MVI_3907.MOV,MOTHER,signer01,test,include
E:/datasets/INCLUDE/extracted/People/60. Mother/MVI_3908.MOV,MOTHER,signer01,test,include
E:/datasets/INCLUDE/extracted/People/60. Mother/MVI_4057.MOV,MOTHER,signer02,train,include
E:/datasets/INCLUDE/extracted/People/60. Mother/MVI_4058.MOV,MOTHER,signer02,train,include
E:/datasets/INCLUDE/extracted/People/60. Mother/MVI_4059.MOV,MOTHER,signer02,train,include
E:/datasets/INCLUDE/extracted/People/60. Mother/MVI_4222.MOV,MOTHER,signer03,train,include
E:/datasets/INCLUDE/extracted/People/60. Mother/MVI_4937.MOV,MOTHER,signer04,train,include
E:/datasets/INCLUDE/extracted/People/60. Mother/MVI_4938.MOV,MOTHER,signer04,train,include
E:/datasets/INCLUDE/extracted/People/60. Mother/MVI_4939.MOV,MOTHER,signer04,train,include
E:/datasets/INCLUDE/extracted/People/60. Mother/MVI_5077.MOV,MOTHER,signer05,train,include
E:/datasets/INCLUDE/extracted/People/60. Mother/MVI_5078.MOV,MOTHER,signer05,train,include
E:/datasets/INCLUDE/extracted/People/60. Mother/MVI_5079.MOV,MOTHER,signer05,train,include
E:/datasets/INCLUDE/extracted/People/60. Mother/MVI_5224.MOV,MOTHER,signer06,train,include
E:/datasets/INCLUDE/extracted/People/60. Mother/MVI_5225.MOV,MOTHER,signer06,train,include
E:/datasets/INCLUDE/extracted/People/60. Mother/MVI_5226.MOV,MOTHER,signer06,train,include
E:/datasets/INCLUDE/extracted/People/60. Mother/MVI_8625.MP4,MOTHER,signer07,train,include
E:/datasets/INCLUDE/extracted/People/61. Father/MVI_3763.MOV,FATHER,signer00,val,include
E:/datasets/INCLUDE/extracted/People/61. Father/MVI_3764.MOV,FATHER,signer00,val,include
E:/datasets/INCLUDE/extracted/People/61. Father/MVI_3765.MOV,FATHER,signer00,val,include
E:/datasets/INCLUDE/extracted/People/61. Father/MVI_3909.MOV,FATHER,signer01,test,include
E:/datasets/INCLUDE/extracted/People/61. Father/MVI_3910.MOV,FATHER,signer01,test,include
E:/datasets/INCLUDE/extracted/People/61. Father/MVI_3912.MOV,FATHER,signer01,test,include
E:/datasets/INCLUDE/extracted/People/61. Father/MVI_4060.MOV,FATHER,signer02,train,include
E:/datasets/INCLUDE/extracted/People/61. Father/MVI_4061.MOV,FATHER,signer02,train,include
E:/datasets/INCLUDE/extracted/People/61. Father/MVI_4062.MOV,FATHER,signer02,train,include
E:/datasets/INCLUDE/extracted/People/61. Father/MVI_4223.MOV,FATHER,signer03,train,include
E:/datasets/INCLUDE/extracted/People/61. Father/MVI_4940.MOV,FATHER,signer04,train,include
E:/datasets/INCLUDE/extracted/People/61. Father/MVI_4941.MOV,FATHER,signer04,train,include
E:/datasets/INCLUDE/extracted/People/61. Father/MVI_4942.MOV,FATHER,signer04,train,include
E:/datasets/INCLUDE/extracted/People/61. Father/MVI_5080.MOV,FATHER,signer05,train,include
E:/datasets/INCLUDE/extracted/People/61. Father/MVI_5081.MOV,FATHER,signer05,train,include
E:/datasets/INCLUDE/extracted/People/61. Father/MVI_5082.MOV,FATHER,signer05,train,include
E:/datasets/INCLUDE/extracted/People/61. Father/MVI_5227.MOV,FATHER,signer06,train,include
E:/datasets/INCLUDE/extracted/People/61. Father/MVI_5228.MOV,FATHER,signer06,train,include
E:/datasets/INCLUDE/extracted/People/61. Father/MVI_5229.MOV,FATHER,signer06,train,include
E:/datasets/INCLUDE/extracted/People/61. Father/MVI_8626.MP4,FATHER,signer07,train,include
E:/datasets/INCLUDE/extracted/People/62. Parent/MVI_3766.MOV,PARENT,signer00,val,include
E:/datasets/INCLUDE/extracted/People/62. Parent/MVI_3767.MOV,PARENT,signer00,val,include
E:/datasets/INCLUDE/extracted/People/62. Parent/MVI_3768.MOV,PARENT,signer00,val,include
E:/datasets/INCLUDE/extracted/People/62. Parent/MVI_3914.MOV,PARENT,signer01,test,include
E:/datasets/INCLUDE/extracted/People/62. Parent/MVI_3915.MOV,PARENT,signer01,test,include
E:/datasets/INCLUDE/extracted/People/62. Parent/MVI_3916.MOV,PARENT,signer01,test,include
E:/datasets/INCLUDE/extracted/People/62. Parent/MVI_4063.MOV,PARENT,signer02,train,include
E:/datasets/INCLUDE/extracted/People/62. Parent/MVI_4064.MOV,PARENT,signer02,train,include
E:/datasets/INCLUDE/extracted/People/62. Parent/MVI_4065.MOV,PARENT,signer02,train,include
E:/datasets/INCLUDE/extracted/People/62. Parent/MVI_4225.MOV,PARENT,signer03,train,include
E:/datasets/INCLUDE/extracted/People/62. Parent/MVI_4943.MOV,PARENT,signer04,train,include
E:/datasets/INCLUDE/extracted/People/62. Parent/MVI_4944.MOV,PARENT,signer04,train,include
E:/datasets/INCLUDE/extracted/People/62. Parent/MVI_4945.MOV,PARENT,signer04,train,include
E:/datasets/INCLUDE/extracted/People/62. Parent/MVI_5083.MOV,PARENT,signer05,train,include
E:/datasets/INCLUDE/extracted/People/62. Parent/MVI_5084.MOV,PARENT,signer05,train,include
E:/datasets/INCLUDE/extracted/People/62. Parent/MVI_5085.MOV,PARENT,signer05,train,include
E:/datasets/INCLUDE/extracted/People/62. Parent/MVI_5231.MOV,PARENT,signer06,train,include
E:/datasets/INCLUDE/extracted/People/62. Parent/MVI_5232.MOV,PARENT,signer06,train,include
E:/datasets/INCLUDE/extracted/People/62. Parent/MVI_5233.MOV,PARENT,signer06,train,include
E:/datasets/INCLUDE/extracted/People/62. Parent/MVI_8627.MP4,PARENT,signer07,train,include
E:/datasets/INCLUDE/extracted/People/63. Baby/MVI_3769.MOV,BABY,signer00,val,include
E:/datasets/INCLUDE/extracted/People/63. Baby/MVI_3770.MOV,BABY,signer00,val,include
E:/datasets/INCLUDE/extracted/People/63. Baby/MVI_3771.MOV,BABY,signer00,val,include
E:/datasets/INCLUDE/extracted/People/63. Baby/MVI_3917.MOV,BABY,signer01,test,include
E:/datasets/INCLUDE/extracted/People/63. Baby/MVI_3918.MOV,BABY,signer01,test,include
E:/datasets/INCLUDE/extracted/People/63. Baby/MVI_3919.MOV,BABY,signer01,test,include
E:/datasets/INCLUDE/extracted/People/63. Baby/MVI_4066.MOV,BABY,signer02,train,include
E:/datasets/INCLUDE/extracted/People/63. Baby/MVI_4067.MOV,BABY,signer02,train,include
E:/datasets/INCLUDE/extracted/People/63. Baby/MVI_4068.MOV,BABY,signer02,train,include
E:/datasets/INCLUDE/extracted/People/63. Baby/MVI_4226.MOV,BABY,signer03,train,include
E:/datasets/INCLUDE/extracted/People/63. Baby/MVI_4946.MOV,BABY,signer04,train,include
E:/datasets/INCLUDE/extracted/People/63. Baby/MVI_4947.MOV,BABY,signer04,train,include
E:/datasets/INCLUDE/extracted/People/63. Baby/MVI_4948.MOV,BABY,signer04,train,include
E:/datasets/INCLUDE/extracted/People/63. Baby/MVI_5086.MOV,BABY,signer05,train,include
E:/datasets/INCLUDE/extracted/People/63. Baby/MVI_5087.MOV,BABY,signer05,train,include
E:/datasets/INCLUDE/extracted/People/63. Baby/MVI_5088.MOV,BABY,signer05,train,include
E:/datasets/INCLUDE/extracted/People/63. Baby/MVI_5234.MOV,BABY,signer06,train,include
E:/datasets/INCLUDE/extracted/People/63. Baby/MVI_5235.MOV,BABY,signer06,train,include
E:/datasets/INCLUDE/extracted/People/63. Baby/MVI_5236.MOV,BABY,signer06,train,include
E:/datasets/INCLUDE/extracted/People/63. Baby/MVI_8628.MP4,BABY,signer07,train,include
E:/datasets/INCLUDE/extracted/People/64. Man/MVI_3772.MOV,MAN,signer00,val,include
E:/datasets/INCLUDE/extracted/People/64. Man/MVI_3773.MOV,MAN,signer00,val,include
E:/datasets/INCLUDE/extracted/People/64. Man/MVI_3774.MOV,MAN,signer00,val,include
E:/datasets/INCLUDE/extracted/People/64. Man/MVI_3921.MOV,MAN,signer01,test,include
E:/datasets/INCLUDE/extracted/People/64. Man/MVI_3922.MOV,MAN,signer01,test,include
E:/datasets/INCLUDE/extracted/People/64. Man/MVI_3923.MOV,MAN,signer01,test,include
E:/datasets/INCLUDE/extracted/People/64. Man/MVI_4069.MOV,MAN,signer02,train,include
E:/datasets/INCLUDE/extracted/People/64. Man/MVI_4070.MOV,MAN,signer02,train,include
E:/datasets/INCLUDE/extracted/People/64. Man/MVI_4071.MOV,MAN,signer02,train,include
E:/datasets/INCLUDE/extracted/People/64. Man/MVI_4227.MOV,MAN,signer03,train,include
E:/datasets/INCLUDE/extracted/People/64. Man/MVI_4949.MOV,MAN,signer04,train,include
E:/datasets/INCLUDE/extracted/People/64. Man/MVI_4950.MOV,MAN,signer04,train,include
E:/datasets/INCLUDE/extracted/People/64. Man/MVI_4951.MOV,MAN,signer04,train,include
E:/datasets/INCLUDE/extracted/People/64. Man/MVI_5089.MOV,MAN,signer05,train,include
E:/datasets/INCLUDE/extracted/People/64. Man/MVI_5090.MOV,MAN,signer05,train,include
E:/datasets/INCLUDE/extracted/People/64. Man/MVI_5091.MOV,MAN,signer05,train,include
E:/datasets/INCLUDE/extracted/People/64. Man/MVI_5237.MOV,MAN,signer06,train,include
E:/datasets/INCLUDE/extracted/People/64. Man/MVI_5238.MOV,MAN,signer06,train,include
E:/datasets/INCLUDE/extracted/People/64. Man/MVI_5239.MOV,MAN,signer06,train,include
E:/datasets/INCLUDE/extracted/People/64. Man/MVI_8629.MP4,MAN,signer07,train,include
E:/datasets/INCLUDE/extracted/People/65. Woman/MVI_3775.MOV,WOMAN,signer00,val,include
E:/datasets/INCLUDE/extracted/People/65. Woman/MVI_3776.MOV,WOMAN,signer00,val,include
E:/datasets/INCLUDE/extracted/People/65. Woman/MVI_3777.MOV,WOMAN,signer00,val,include
E:/datasets/INCLUDE/extracted/People/65. Woman/MVI_3924.MOV,WOMAN,signer01,test,include
E:/datasets/INCLUDE/extracted/People/65. Woman/MVI_3925.MOV,WOMAN,signer01,test,include
E:/datasets/INCLUDE/extracted/People/65. Woman/MVI_3926.MOV,WOMAN,signer01,test,include
E:/datasets/INCLUDE/extracted/People/65. Woman/MVI_4072.MOV,WOMAN,signer02,train,include
E:/datasets/INCLUDE/extracted/People/65. Woman/MVI_4073.MOV,WOMAN,signer02,train,include
E:/datasets/INCLUDE/extracted/People/65. Woman/MVI_4074.MOV,WOMAN,signer02,train,include
E:/datasets/INCLUDE/extracted/People/65. Woman/MVI_4229.MOV,WOMAN,signer03,train,include
E:/datasets/INCLUDE/extracted/People/65. Woman/MVI_4952.MOV,WOMAN,signer04,train,include
E:/datasets/INCLUDE/extracted/People/65. Woman/MVI_4953.MOV,WOMAN,signer04,train,include
E:/datasets/INCLUDE/extracted/People/65. Woman/MVI_4954.MOV,WOMAN,signer04,train,include
E:/datasets/INCLUDE/extracted/People/65. Woman/MVI_5092.MOV,WOMAN,signer05,train,include
E:/datasets/INCLUDE/extracted/People/65. Woman/MVI_5093.MOV,WOMAN,signer05,train,include
E:/datasets/INCLUDE/extracted/People/65. Woman/MVI_5094.MOV,WOMAN,signer05,train,include
E:/datasets/INCLUDE/extracted/People/65. Woman/MVI_5240.MOV,WOMAN,signer06,train,include
E:/datasets/INCLUDE/extracted/People/65. Woman/MVI_5241.MOV,WOMAN,signer06,train,include
E:/datasets/INCLUDE/extracted/People/65. Woman/MVI_5242.MOV,WOMAN,signer06,train,include
E:/datasets/INCLUDE/extracted/People/65. Woman/MVI_8630.MP4,WOMAN,signer07,train,include
E:/datasets/INCLUDE/extracted/People/66. Brother/MVI_3778.MOV,BROTHER,signer00,val,include
E:/datasets/INCLUDE/extracted/People/66. Brother/MVI_3779.MOV,BROTHER,signer00,val,include
E:/datasets/INCLUDE/extracted/People/66. Brother/MVI_3780.MOV,BROTHER,signer00,val,include
E:/datasets/INCLUDE/extracted/People/66. Brother/MVI_3781.MOV,BROTHER,signer00,val,include
E:/datasets/INCLUDE/extracted/People/66. Brother/MVI_3927.MOV,BROTHER,signer01,test,include
E:/datasets/INCLUDE/extracted/People/66. Brother/MVI_3928.MOV,BROTHER,signer01,test,include
E:/datasets/INCLUDE/extracted/People/66. Brother/MVI_3929.MOV,BROTHER,signer01,test,include
E:/datasets/INCLUDE/extracted/People/66. Brother/MVI_4075.MOV,BROTHER,signer02,train,include
E:/datasets/INCLUDE/extracted/People/66. Brother/MVI_4076.MOV,BROTHER,signer02,train,include
E:/datasets/INCLUDE/extracted/People/66. Brother/MVI_4077.MOV,BROTHER,signer02,train,include
E:/datasets/INCLUDE/extracted/People/66. Brother/MVI_4230.MOV,BROTHER,signer03,train,include
E:/datasets/INCLUDE/extracted/People/66. Brother/MVI_4955.MOV,BROTHER,signer04,train,include
E:/datasets/INCLUDE/extracted/People/66. Brother/MVI_4956.MOV,BROTHER,signer04,train,include
E:/datasets/INCLUDE/extracted/People/66. Brother/MVI_4957.MOV,BROTHER,signer04,train,include
E:/datasets/INCLUDE/extracted/People/66. Brother/MVI_5095.MOV,BROTHER,signer05,train,include
E:/datasets/INCLUDE/extracted/People/66. Brother/MVI_5096.MOV,BROTHER,signer05,train,include
E:/datasets/INCLUDE/extracted/People/66. Brother/MVI_5097.MOV,BROTHER,signer05,train,include
E:/datasets/INCLUDE/extracted/People/66. Brother/MVI_5243.MOV,BROTHER,signer06,train,include
E:/datasets/INCLUDE/extracted/People/66. Brother/MVI_5244.MOV,BROTHER,signer06,train,include
E:/datasets/INCLUDE/extracted/People/66. Brother/MVI_5245.MOV,BROTHER,signer06,train,include
E:/datasets/INCLUDE/extracted/People/66. Brother/MVI_8631.MP4,BROTHER,signer07,train,include
E:/datasets/INCLUDE/extracted/People/67. Sister/MVI_3782.MOV,SISTER,signer00,val,include
E:/datasets/INCLUDE/extracted/People/67. Sister/MVI_3784.MOV,SISTER,signer00,val,include
E:/datasets/INCLUDE/extracted/People/67. Sister/MVI_3785.MOV,SISTER,signer00,val,include
E:/datasets/INCLUDE/extracted/People/67. Sister/MVI_3930.MOV,SISTER,signer01,test,include
E:/datasets/INCLUDE/extracted/People/67. Sister/MVI_3931.MOV,SISTER,signer01,test,include
E:/datasets/INCLUDE/extracted/People/67. Sister/MVI_3932.MOV,SISTER,signer01,test,include
E:/datasets/INCLUDE/extracted/People/67. Sister/MVI_4078.MOV,SISTER,signer02,train,include
E:/datasets/INCLUDE/extracted/People/67. Sister/MVI_4079.MOV,SISTER,signer02,train,include
E:/datasets/INCLUDE/extracted/People/67. Sister/MVI_4080.MOV,SISTER,signer02,train,include
E:/datasets/INCLUDE/extracted/People/67. Sister/MVI_4231.MOV,SISTER,signer03,train,include
E:/datasets/INCLUDE/extracted/People/67. Sister/MVI_4958.MOV,SISTER,signer04,train,include
E:/datasets/INCLUDE/extracted/People/67. Sister/MVI_4959.MOV,SISTER,signer04,train,include
E:/datasets/INCLUDE/extracted/People/67. Sister/MVI_4960.MOV,SISTER,signer04,train,include
E:/datasets/INCLUDE/extracted/People/67. Sister/MVI_5098.MOV,SISTER,signer05,train,include
E:/datasets/INCLUDE/extracted/People/67. Sister/MVI_5099.MOV,SISTER,signer05,train,include
E:/datasets/INCLUDE/extracted/People/67. Sister/MVI_5100.MOV,SISTER,signer05,train,include
E:/datasets/INCLUDE/extracted/People/67. Sister/MVI_5246.MOV,SISTER,signer06,train,include
E:/datasets/INCLUDE/extracted/People/67. Sister/MVI_5247.MOV,SISTER,signer06,train,include
E:/datasets/INCLUDE/extracted/People/67. Sister/MVI_5248.MOV,SISTER,signer06,train,include
E:/datasets/INCLUDE/extracted/People/67. Sister/MVI_8632.MP4,SISTER,signer07,train,include
E:/datasets/INCLUDE/extracted/People/68. Family/MVI_3787.MOV,FAMILY,signer00,val,include
E:/datasets/INCLUDE/extracted/People/68. Family/MVI_3788.MOV,FAMILY,signer00,val,include
E:/datasets/INCLUDE/extracted/People/68. Family/MVI_3789.MOV,FAMILY,signer00,val,include
E:/datasets/INCLUDE/extracted/People/68. Family/MVI_3933.MOV,FAMILY,signer01,test,include
E:/datasets/INCLUDE/extracted/People/68. Family/MVI_3934.MOV,FAMILY,signer01,test,include
E:/datasets/INCLUDE/extracted/People/68. Family/MVI_3935.MOV,FAMILY,signer01,test,include
E:/datasets/INCLUDE/extracted/People/68. Family/MVI_4081.MOV,FAMILY,signer02,train,include
E:/datasets/INCLUDE/extracted/People/68. Family/MVI_4082.MOV,FAMILY,signer02,train,include
E:/datasets/INCLUDE/extracted/People/68. Family/MVI_4083.MOV,FAMILY,signer02,train,include
E:/datasets/INCLUDE/extracted/People/68. Family/MVI_4232.MOV,FAMILY,signer03,train,include
E:/datasets/INCLUDE/extracted/People/68. Family/MVI_5101.MOV,FAMILY,signer04,train,include
E:/datasets/INCLUDE/extracted/People/68. Family/MVI_5102.MOV,FAMILY,signer04,train,include
E:/datasets/INCLUDE/extracted/People/68. Family/MVI_5103.MOV,FAMILY,signer04,train,include
E:/datasets/INCLUDE/extracted/People/68. Family/MVI_5249.MOV,FAMILY,signer05,train,include
E:/datasets/INCLUDE/extracted/People/68. Family/MVI_5250.MOV,FAMILY,signer05,train,include
E:/datasets/INCLUDE/extracted/People/68. Family/MVI_5251.MOV,FAMILY,signer05,train,include
E:/datasets/INCLUDE/extracted/People/68. Family/MVI_8635.MP4,FAMILY,signer06,train,include
E:/datasets/INCLUDE/extracted/People/69. Grandfather/MVI_3790.MOV,GRANDFATHER,signer00,val,include
E:/datasets/INCLUDE/extracted/People/69. Grandfather/MVI_3791.MOV,GRANDFATHER,signer00,val,include
E:/datasets/INCLUDE/extracted/People/69. Grandfather/MVI_3792.MOV,GRANDFATHER,signer00,val,include
E:/datasets/INCLUDE/extracted/People/69. Grandfather/MVI_3937.MOV,GRANDFATHER,signer01,test,include
E:/datasets/INCLUDE/extracted/People/69. Grandfather/MVI_3938.MOV,GRANDFATHER,signer01,test,include
E:/datasets/INCLUDE/extracted/People/69. Grandfather/MVI_3939.MOV,GRANDFATHER,signer01,test,include
E:/datasets/INCLUDE/extracted/People/69. Grandfather/MVI_4084.MOV,GRANDFATHER,signer02,train,include
E:/datasets/INCLUDE/extracted/People/69. Grandfather/MVI_4085.MOV,GRANDFATHER,signer02,train,include
E:/datasets/INCLUDE/extracted/People/69. Grandfather/MVI_4086.MOV,GRANDFATHER,signer02,train,include
E:/datasets/INCLUDE/extracted/People/69. Grandfather/MVI_4234.MOV,GRANDFATHER,signer03,train,include
E:/datasets/INCLUDE/extracted/People/69. Grandfather/MVI_5104.MOV,GRANDFATHER,signer04,train,include
E:/datasets/INCLUDE/extracted/People/69. Grandfather/MVI_5105.MOV,GRANDFATHER,signer04,train,include
E:/datasets/INCLUDE/extracted/People/69. Grandfather/MVI_5106.MOV,GRANDFATHER,signer04,train,include
E:/datasets/INCLUDE/extracted/People/69. Grandfather/MVI_5252.MOV,GRANDFATHER,signer05,train,include
E:/datasets/INCLUDE/extracted/People/69. Grandfather/MVI_5255.MOV,GRANDFATHER,signer05,train,include
E:/datasets/INCLUDE/extracted/People/69. Grandfather/MVI_5256.MOV,GRANDFATHER,signer05,train,include
E:/datasets/INCLUDE/extracted/People/69. Grandfather/MVI_8636.MP4,GRANDFATHER,signer06,train,include
E:/datasets/INCLUDE/extracted/People/70. Grandmother/MVI_3793.MOV,GRANDMOTHER,signer00,val,include
E:/datasets/INCLUDE/extracted/People/70. Grandmother/MVI_3794.MOV,GRANDMOTHER,signer00,val,include
E:/datasets/INCLUDE/extracted/People/70. Grandmother/MVI_3795.MOV,GRANDMOTHER,signer00,val,include
E:/datasets/INCLUDE/extracted/People/70. Grandmother/MVI_3940.MOV,GRANDMOTHER,signer01,test,include
E:/datasets/INCLUDE/extracted/People/70. Grandmother/MVI_3941.MOV,GRANDMOTHER,signer01,test,include
E:/datasets/INCLUDE/extracted/People/70. Grandmother/MVI_3942.MOV,GRANDMOTHER,signer01,test,include
E:/datasets/INCLUDE/extracted/People/70. Grandmother/MVI_4087.MOV,GRANDMOTHER,signer02,train,include
E:/datasets/INCLUDE/extracted/People/70. Grandmother/MVI_4088.MOV,GRANDMOTHER,signer02,train,include
E:/datasets/INCLUDE/extracted/People/70. Grandmother/MVI_4089.MOV,GRANDMOTHER,signer02,train,include
E:/datasets/INCLUDE/extracted/People/70. Grandmother/MVI_4235.MOV,GRANDMOTHER,signer03,train,include
E:/datasets/INCLUDE/extracted/People/70. Grandmother/MVI_5107.MOV,GRANDMOTHER,signer04,train,include
E:/datasets/INCLUDE/extracted/People/70. Grandmother/MVI_5108.MOV,GRANDMOTHER,signer04,train,include
E:/datasets/INCLUDE/extracted/People/70. Grandmother/MVI_5109.MOV,GRANDMOTHER,signer04,train,include
E:/datasets/INCLUDE/extracted/People/70. Grandmother/MVI_5257.MOV,GRANDMOTHER,signer05,train,include
E:/datasets/INCLUDE/extracted/People/70. Grandmother/MVI_5258.MOV,GRANDMOTHER,signer05,train,include
E:/datasets/INCLUDE/extracted/People/70. Grandmother/MVI_5260.MOV,GRANDMOTHER,signer05,train,include
E:/datasets/INCLUDE/extracted/People/70. Grandmother/MVI_8637.MP4,GRANDMOTHER,signer06,train,include
E:/datasets/INCLUDE/extracted/People/71. Husband/MVI_3796.MOV,HUSBAND,signer00,val,include
E:/datasets/INCLUDE/extracted/People/71. Husband/MVI_3797.MOV,HUSBAND,signer00,val,include
E:/datasets/INCLUDE/extracted/People/71. Husband/MVI_3798.MOV,HUSBAND,signer00,val,include
E:/datasets/INCLUDE/extracted/People/71. Husband/MVI_3943.MOV,HUSBAND,signer01,test,include
E:/datasets/INCLUDE/extracted/People/71. Husband/MVI_3944.MOV,HUSBAND,signer01,test,include
E:/datasets/INCLUDE/extracted/People/71. Husband/MVI_3945.MOV,HUSBAND,signer01,test,include
E:/datasets/INCLUDE/extracted/People/71. Husband/MVI_4090.MOV,HUSBAND,signer02,train,include
E:/datasets/INCLUDE/extracted/People/71. Husband/MVI_4091.MOV,HUSBAND,signer02,train,include
E:/datasets/INCLUDE/extracted/People/71. Husband/MVI_4092.MOV,HUSBAND,signer02,train,include
E:/datasets/INCLUDE/extracted/People/71. Husband/MVI_4236.MOV,HUSBAND,signer03,train,include
E:/datasets/INCLUDE/extracted/People/71. Husband/MVI_4961.MOV,HUSBAND,signer04,train,include
E:/datasets/INCLUDE/extracted/People/71. Husband/MVI_4962.MOV,HUSBAND,signer04,train,include
E:/datasets/INCLUDE/extracted/People/71. Husband/MVI_4963.MOV,HUSBAND,signer04,train,include
E:/datasets/INCLUDE/extracted/People/71. Husband/MVI_5112.MOV,HUSBAND,signer05,train,include
E:/datasets/INCLUDE/extracted/People/71. Husband/MVI_5113.MOV,HUSBAND,signer05,train,include
E:/datasets/INCLUDE/extracted/People/71. Husband/MVI_5114.MOV,HUSBAND,signer05,train,include
E:/datasets/INCLUDE/extracted/People/71. Husband/MVI_5261.MOV,HUSBAND,signer06,train,include
E:/datasets/INCLUDE/extracted/People/71. Husband/MVI_5262.MOV,HUSBAND,signer06,train,include
E:/datasets/INCLUDE/extracted/People/71. Husband/MVI_5263.MOV,HUSBAND,signer06,train,include
E:/datasets/INCLUDE/extracted/People/71. Husband/MVI_8638.MP4,HUSBAND,signer07,train,include
E:/datasets/INCLUDE/extracted/People/72. Wife/MVI_3799.MOV,WIFE,signer00,val,include
E:/datasets/INCLUDE/extracted/People/72. Wife/MVI_3800.MOV,WIFE,signer00,val,include
E:/datasets/INCLUDE/extracted/People/72. Wife/MVI_3801.MOV,WIFE,signer00,val,include
E:/datasets/INCLUDE/extracted/People/72. Wife/MVI_3947.MOV,WIFE,signer01,test,include
E:/datasets/INCLUDE/extracted/People/72. Wife/MVI_3948.MOV,WIFE,signer01,test,include
E:/datasets/INCLUDE/extracted/People/72. Wife/MVI_3949.MOV,WIFE,signer01,test,include
E:/datasets/INCLUDE/extracted/People/72. Wife/MVI_4093.MOV,WIFE,signer02,train,include
E:/datasets/INCLUDE/extracted/People/72. Wife/MVI_4094.MOV,WIFE,signer02,train,include
E:/datasets/INCLUDE/extracted/People/72. Wife/MVI_4095.MOV,WIFE,signer02,train,include
E:/datasets/INCLUDE/extracted/People/72. Wife/MVI_4237.MOV,WIFE,signer03,train,include
E:/datasets/INCLUDE/extracted/People/72. Wife/MVI_4964.MOV,WIFE,signer04,train,include
E:/datasets/INCLUDE/extracted/People/72. Wife/MVI_4965.MOV,WIFE,signer04,train,include
E:/datasets/INCLUDE/extracted/People/72. Wife/MVI_4967.MOV,WIFE,signer04,train,include
E:/datasets/INCLUDE/extracted/People/72. Wife/MVI_5117.MOV,WIFE,signer05,train,include
E:/datasets/INCLUDE/extracted/People/72. Wife/MVI_5118.MOV,WIFE,signer05,train,include
E:/datasets/INCLUDE/extracted/People/72. Wife/MVI_5119.MOV,WIFE,signer05,train,include
E:/datasets/INCLUDE/extracted/People/72. Wife/MVI_5264.MOV,WIFE,signer06,train,include
E:/datasets/INCLUDE/extracted/People/72. Wife/MVI_5265.MOV,WIFE,signer06,train,include
E:/datasets/INCLUDE/extracted/People/72. Wife/MVI_5266.MOV,WIFE,signer06,train,include
E:/datasets/INCLUDE/extracted/People/72. Wife/MVI_8639.MP4,WIFE,signer07,train,include
E:/datasets/INCLUDE/extracted/People/73. King/MVI_3802.MOV,KING,signer00,val,include
E:/datasets/INCLUDE/extracted/People/73. King/MVI_3803.MOV,KING,signer00,val,include
E:/datasets/INCLUDE/extracted/People/73. King/MVI_3804.MOV,KING,signer00,val,include
E:/datasets/INCLUDE/extracted/People/73. King/MVI_3950.MOV,KING,signer01,test,include
E:/datasets/INCLUDE/extracted/People/73. King/MVI_3951.MOV,KING,signer01,test,include
E:/datasets/INCLUDE/extracted/People/73. King/MVI_3952.MOV,KING,signer01,test,include
E:/datasets/INCLUDE/extracted/People/73. King/MVI_4096.MOV,KING,signer02,train,include
E:/datasets/INCLUDE/extracted/People/73. King/MVI_4097.MOV,KING,signer02,train,include
E:/datasets/INCLUDE/extracted/People/73. King/MVI_4098.MOV,KING,signer02,train,include
E:/datasets/INCLUDE/extracted/People/73. King/MVI_4238.MOV,KING,signer03,train,include
E:/datasets/INCLUDE/extracted/People/73. King/MVI_4968.MOV,KING,signer04,train,include
E:/datasets/INCLUDE/extracted/People/73. King/MVI_4969.MOV,KING,signer04,train,include
E:/datasets/INCLUDE/extracted/People/73. King/MVI_4970.MOV,KING,signer04,train,include
E:/datasets/INCLUDE/extracted/People/73. King/MVI_5120.MOV,KING,signer05,train,include
E:/datasets/INCLUDE/extracted/People/73. King/MVI_5121.MOV,KING,signer05,train,include
E:/datasets/INCLUDE/extracted/People/73. King/MVI_5122.MOV,KING,signer05,train,include
E:/datasets/INCLUDE/extracted/People/73. King/MVI_5268.MOV,KING,signer06,train,include
E:/datasets/INCLUDE/extracted/People/73. King/MVI_5269.MOV,KING,signer06,train,include
E:/datasets/INCLUDE/extracted/People/73. King/MVI_5270.MOV,KING,signer06,train,include
E:/datasets/INCLUDE/extracted/People/73. King/MVI_8640.MP4,KING,signer07,train,include
E:/datasets/INCLUDE/extracted/People/74. Queen/MVI_3805.MOV,QUEEN,signer00,val,include
E:/datasets/INCLUDE/extracted/People/74. Queen/MVI_3806.MOV,QUEEN,signer00,val,include
E:/datasets/INCLUDE/extracted/People/74. Queen/MVI_3807.MOV,QUEEN,signer00,val,include
E:/datasets/INCLUDE/extracted/People/74. Queen/MVI_3953.MOV,QUEEN,signer01,test,include
E:/datasets/INCLUDE/extracted/People/74. Queen/MVI_3954.MOV,QUEEN,signer01,test,include
E:/datasets/INCLUDE/extracted/People/74. Queen/MVI_3955.MOV,QUEEN,signer01,test,include
E:/datasets/INCLUDE/extracted/People/74. Queen/MVI_4099.MOV,QUEEN,signer02,train,include
E:/datasets/INCLUDE/extracted/People/74. Queen/MVI_4100.MOV,QUEEN,signer02,train,include
E:/datasets/INCLUDE/extracted/People/74. Queen/MVI_4101.MOV,QUEEN,signer02,train,include
E:/datasets/INCLUDE/extracted/People/74. Queen/MVI_4239.MOV,QUEEN,signer03,train,include
E:/datasets/INCLUDE/extracted/People/74. Queen/MVI_4972.MOV,QUEEN,signer04,train,include
E:/datasets/INCLUDE/extracted/People/74. Queen/MVI_4973.MOV,QUEEN,signer04,train,include
E:/datasets/INCLUDE/extracted/People/74. Queen/MVI_4974.MOV,QUEEN,signer04,train,include
E:/datasets/INCLUDE/extracted/People/74. Queen/MVI_5123.MOV,QUEEN,signer05,train,include
E:/datasets/INCLUDE/extracted/People/74. Queen/MVI_5124.MOV,QUEEN,signer05,train,include
E:/datasets/INCLUDE/extracted/People/74. Queen/MVI_5125.MOV,QUEEN,signer05,train,include
E:/datasets/INCLUDE/extracted/People/74. Queen/MVI_5271.MOV,QUEEN,signer06,train,include
E:/datasets/INCLUDE/extracted/People/74. Queen/MVI_5272.MOV,QUEEN,signer06,train,include
E:/datasets/INCLUDE/extracted/People/74. Queen/MVI_5273.MOV,QUEEN,signer06,train,include
E:/datasets/INCLUDE/extracted/People/74. Queen/MVI_8641.MP4,QUEEN,signer07,train,include
E:/datasets/INCLUDE/extracted/People/75. President/MVI_3808.MOV,PRESIDENT,signer00,val,include
E:/datasets/INCLUDE/extracted/People/75. President/MVI_3809.MOV,PRESIDENT,signer00,val,include
E:/datasets/INCLUDE/extracted/People/75. President/MVI_3810.MOV,PRESIDENT,signer00,val,include
E:/datasets/INCLUDE/extracted/People/75. President/MVI_3956.MOV,PRESIDENT,signer01,test,include
E:/datasets/INCLUDE/extracted/People/75. President/MVI_3957.MOV,PRESIDENT,signer01,test,include
E:/datasets/INCLUDE/extracted/People/75. President/MVI_3958.MOV,PRESIDENT,signer01,test,include
E:/datasets/INCLUDE/extracted/People/75. President/MVI_4102.MOV,PRESIDENT,signer02,train,include
E:/datasets/INCLUDE/extracted/People/75. President/MVI_4103.MOV,PRESIDENT,signer02,train,include
E:/datasets/INCLUDE/extracted/People/75. President/MVI_4104.MOV,PRESIDENT,signer02,train,include
E:/datasets/INCLUDE/extracted/People/75. President/MVI_4240.MOV,PRESIDENT,signer03,train,include
E:/datasets/INCLUDE/extracted/People/75. President/MVI_4975.MOV,PRESIDENT,signer04,train,include
E:/datasets/INCLUDE/extracted/People/75. President/MVI_4976.MOV,PRESIDENT,signer04,train,include
E:/datasets/INCLUDE/extracted/People/75. President/MVI_4977.MOV,PRESIDENT,signer04,train,include
E:/datasets/INCLUDE/extracted/People/75. President/MVI_5126.MOV,PRESIDENT,signer05,train,include
E:/datasets/INCLUDE/extracted/People/75. President/MVI_5127.MOV,PRESIDENT,signer05,train,include
E:/datasets/INCLUDE/extracted/People/75. President/MVI_5128.MOV,PRESIDENT,signer05,train,include
E:/datasets/INCLUDE/extracted/People/75. President/MVI_5274.MOV,PRESIDENT,signer06,train,include
E:/datasets/INCLUDE/extracted/People/75. President/MVI_5275.MOV,PRESIDENT,signer06,train,include
E:/datasets/INCLUDE/extracted/People/75. President/MVI_5276.MOV,PRESIDENT,signer06,train,include
E:/datasets/INCLUDE/extracted/People/75. President/MVI_8642.MP4,PRESIDENT,signer07,train,include
E:/datasets/INCLUDE/extracted/People/76. Neighbour/MVI_3811.MOV,NEIGHBOUR,signer00,val,include
E:/datasets/INCLUDE/extracted/People/76. Neighbour/MVI_3812.MOV,NEIGHBOUR,signer00,val,include
E:/datasets/INCLUDE/extracted/People/76. Neighbour/MVI_3813.MOV,NEIGHBOUR,signer00,val,include
E:/datasets/INCLUDE/extracted/People/76. Neighbour/MVI_3959.MOV,NEIGHBOUR,signer01,test,include
E:/datasets/INCLUDE/extracted/People/76. Neighbour/MVI_3960.MOV,NEIGHBOUR,signer01,test,include
E:/datasets/INCLUDE/extracted/People/76. Neighbour/MVI_3961.MOV,NEIGHBOUR,signer01,test,include
E:/datasets/INCLUDE/extracted/People/76. Neighbour/MVI_4105.MOV,NEIGHBOUR,signer02,train,include
E:/datasets/INCLUDE/extracted/People/76. Neighbour/MVI_4106.MOV,NEIGHBOUR,signer02,train,include
E:/datasets/INCLUDE/extracted/People/76. Neighbour/MVI_4107.MOV,NEIGHBOUR,signer02,train,include
E:/datasets/INCLUDE/extracted/People/76. Neighbour/MVI_4241.MOV,NEIGHBOUR,signer03,train,include
E:/datasets/INCLUDE/extracted/People/76. Neighbour/MVI_4978.MOV,NEIGHBOUR,signer04,train,include
E:/datasets/INCLUDE/extracted/People/76. Neighbour/MVI_4979.MOV,NEIGHBOUR,signer04,train,include
E:/datasets/INCLUDE/extracted/People/76. Neighbour/MVI_4980.MOV,NEIGHBOUR,signer04,train,include
E:/datasets/INCLUDE/extracted/People/76. Neighbour/MVI_5129.MOV,NEIGHBOUR,signer05,train,include
E:/datasets/INCLUDE/extracted/People/76. Neighbour/MVI_5130.MOV,NEIGHBOUR,signer05,train,include
E:/datasets/INCLUDE/extracted/People/76. Neighbour/MVI_5131.MOV,NEIGHBOUR,signer05,train,include
E:/datasets/INCLUDE/extracted/People/76. Neighbour/MVI_5277.MOV,NEIGHBOUR,signer06,train,include
E:/datasets/INCLUDE/extracted/People/76. Neighbour/MVI_5278.MOV,NEIGHBOUR,signer06,train,include
E:/datasets/INCLUDE/extracted/People/76. Neighbour/MVI_5279.MOV,NEIGHBOUR,signer06,train,include
E:/datasets/INCLUDE/extracted/People/76. Neighbour/MVI_8643.MP4,NEIGHBOUR,signer07,train,include
E:/datasets/INCLUDE/extracted/People/77. Boy/MVI_3814.MOV,BOY,signer00,val,include
E:/datasets/INCLUDE/extracted/People/77. Boy/MVI_3815.MOV,BOY,signer00,val,include
E:/datasets/INCLUDE/extracted/People/77. Boy/MVI_3816.MOV,BOY,signer00,val,include
E:/datasets/INCLUDE/extracted/People/77. Boy/MVI_3962.MOV,BOY,signer01,test,include
E:/datasets/INCLUDE/extracted/People/77. Boy/MVI_3963.MOV,BOY,signer01,test,include
E:/datasets/INCLUDE/extracted/People/77. Boy/MVI_3964.MOV,BOY,signer01,test,include
E:/datasets/INCLUDE/extracted/People/77. Boy/MVI_4109.MOV,BOY,signer02,train,include
E:/datasets/INCLUDE/extracted/People/77. Boy/MVI_4110.MOV,BOY,signer02,train,include
E:/datasets/INCLUDE/extracted/People/77. Boy/MVI_4111.MOV,BOY,signer02,train,include
E:/datasets/INCLUDE/extracted/People/77. Boy/MVI_4112.MOV,BOY,signer02,train,include
E:/datasets/INCLUDE/extracted/People/77. Boy/MVI_4242.MOV,BOY,signer03,train,include
E:/datasets/INCLUDE/extracted/People/77. Boy/MVI_4981.MOV,BOY,signer04,train,include
E:/datasets/INCLUDE/extracted/People/77. Boy/MVI_4982.MOV,BOY,signer04,train,include
E:/datasets/INCLUDE/extracted/People/77. Boy/MVI_4983.MOV,BOY,signer04,train,include
E:/datasets/INCLUDE/extracted/People/77. Boy/MVI_5132.MOV,BOY,signer05,train,include
E:/datasets/INCLUDE/extracted/People/77. Boy/MVI_5133.MOV,BOY,signer05,train,include
E:/datasets/INCLUDE/extracted/People/77. Boy/MVI_5134.MOV,BOY,signer05,train,include
E:/datasets/INCLUDE/extracted/People/77. Boy/MVI_5285.MOV,BOY,signer06,train,include
E:/datasets/INCLUDE/extracted/People/77. Boy/MVI_5286.MOV,BOY,signer06,train,include
E:/datasets/INCLUDE/extracted/People/77. Boy/MVI_5287.MOV,BOY,signer06,train,include
E:/datasets/INCLUDE/extracted/People/77. Boy/MVI_8644.MP4,BOY,signer07,train,include
E:/datasets/INCLUDE/extracted/People/78. Girl/MVI_3817.MOV,GIRL,signer00,val,include
E:/datasets/INCLUDE/extracted/People/78. Girl/MVI_3818.MOV,GIRL,signer00,val,include
E:/datasets/INCLUDE/extracted/People/78. Girl/MVI_3819.MOV,GIRL,signer00,val,include
E:/datasets/INCLUDE/extracted/People/78. Girl/MVI_3965.MOV,GIRL,signer01,test,include
E:/datasets/INCLUDE/extracted/People/78. Girl/MVI_3966.MOV,GIRL,signer01,test,include
E:/datasets/INCLUDE/extracted/People/78. Girl/MVI_3967.MOV,GIRL,signer01,test,include
E:/datasets/INCLUDE/extracted/People/78. Girl/MVI_4113.MOV,GIRL,signer02,train,include
E:/datasets/INCLUDE/extracted/People/78. Girl/MVI_4114.MOV,GIRL,signer02,train,include
E:/datasets/INCLUDE/extracted/People/78. Girl/MVI_4115.MOV,GIRL,signer02,train,include
E:/datasets/INCLUDE/extracted/People/78. Girl/MVI_4243.MOV,GIRL,signer03,train,include
E:/datasets/INCLUDE/extracted/People/78. Girl/MVI_4984.MOV,GIRL,signer04,train,include
E:/datasets/INCLUDE/extracted/People/78. Girl/MVI_4985.MOV,GIRL,signer04,train,include
E:/datasets/INCLUDE/extracted/People/78. Girl/MVI_4986.MOV,GIRL,signer04,train,include
E:/datasets/INCLUDE/extracted/People/78. Girl/MVI_5135.MOV,GIRL,signer05,train,include
E:/datasets/INCLUDE/extracted/People/78. Girl/MVI_5136.MOV,GIRL,signer05,train,include
E:/datasets/INCLUDE/extracted/People/78. Girl/MVI_5137.MOV,GIRL,signer05,train,include
E:/datasets/INCLUDE/extracted/People/78. Girl/MVI_5288.MOV,GIRL,signer06,train,include
E:/datasets/INCLUDE/extracted/People/78. Girl/MVI_5289.MOV,GIRL,signer06,train,include
E:/datasets/INCLUDE/extracted/People/78. Girl/MVI_5290.MOV,GIRL,signer06,train,include
E:/datasets/INCLUDE/extracted/People/78. Girl/MVI_8645.MP4,GIRL,signer07,train,include
E:/datasets/INCLUDE/extracted/People/79. Child/MVI_3820.MOV,CHILD,signer00,val,include
E:/datasets/INCLUDE/extracted/People/79. Child/MVI_3821.MOV,CHILD,signer00,val,include
E:/datasets/INCLUDE/extracted/People/79. Child/MVI_3822.MOV,CHILD,signer00,val,include
E:/datasets/INCLUDE/extracted/People/79. Child/MVI_3968.MOV,CHILD,signer01,test,include
E:/datasets/INCLUDE/extracted/People/79. Child/MVI_3969.MOV,CHILD,signer01,test,include
E:/datasets/INCLUDE/extracted/People/79. Child/MVI_3970.MOV,CHILD,signer01,test,include
E:/datasets/INCLUDE/extracted/People/79. Child/MVI_4116.MOV,CHILD,signer02,train,include
E:/datasets/INCLUDE/extracted/People/79. Child/MVI_4117.MOV,CHILD,signer02,train,include
E:/datasets/INCLUDE/extracted/People/79. Child/MVI_4118.MOV,CHILD,signer02,train,include
E:/datasets/INCLUDE/extracted/People/79. Child/MVI_4244.MOV,CHILD,signer03,train,include
E:/datasets/INCLUDE/extracted/People/79. Child/MVI_4991.MOV,CHILD,signer04,train,include
E:/datasets/INCLUDE/extracted/People/79. Child/MVI_4992.MOV,CHILD,signer04,train,include
E:/datasets/INCLUDE/extracted/People/79. Child/MVI_4993.MOV,CHILD,signer04,train,include
E:/datasets/INCLUDE/extracted/People/79. Child/MVI_5138.MOV,CHILD,signer05,train,include
E:/datasets/INCLUDE/extracted/People/79. Child/MVI_5139.MOV,CHILD,signer05,train,include
E:/datasets/INCLUDE/extracted/People/79. Child/MVI_5140.MOV,CHILD,signer05,train,include
E:/datasets/INCLUDE/extracted/People/79. Child/MVI_5293.MOV,CHILD,signer06,train,include
E:/datasets/INCLUDE/extracted/People/79. Child/MVI_5294.MOV,CHILD,signer06,train,include
E:/datasets/INCLUDE/extracted/People/79. Child/MVI_5295.MOV,CHILD,signer06,train,include
E:/datasets/INCLUDE/extracted/People/79. Child/MVI_8646.MP4,CHILD,signer07,train,include
E:/datasets/INCLUDE/extracted/People/80. Adult/MVI_3823.MOV,ADULT,signer00,val,include
E:/datasets/INCLUDE/extracted/People/80. Adult/MVI_3824.MOV,ADULT,signer00,val,include
E:/datasets/INCLUDE/extracted/People/80. Adult/MVI_3825.MOV,ADULT,signer00,val,include
E:/datasets/INCLUDE/extracted/People/80. Adult/MVI_3971.MOV,ADULT,signer01,test,include
E:/datasets/INCLUDE/extracted/People/80. Adult/MVI_3972.MOV,ADULT,signer01,test,include
E:/datasets/INCLUDE/extracted/People/80. Adult/MVI_3973.MOV,ADULT,signer01,test,include
E:/datasets/INCLUDE/extracted/People/80. Adult/MVI_4119.MOV,ADULT,signer02,train,include
E:/datasets/INCLUDE/extracted/People/80. Adult/MVI_4120.MOV,ADULT,signer02,train,include
E:/datasets/INCLUDE/extracted/People/80. Adult/MVI_4121.MOV,ADULT,signer02,train,include
E:/datasets/INCLUDE/extracted/People/80. Adult/MVI_4245.MOV,ADULT,signer03,train,include
E:/datasets/INCLUDE/extracted/People/80. Adult/MVI_4994.MOV,ADULT,signer04,train,include
E:/datasets/INCLUDE/extracted/People/80. Adult/MVI_4995.MOV,ADULT,signer04,train,include
E:/datasets/INCLUDE/extracted/People/80. Adult/MVI_4996.MOV,ADULT,signer04,train,include
E:/datasets/INCLUDE/extracted/People/80. Adult/MVI_5141.MOV,ADULT,signer05,train,include
E:/datasets/INCLUDE/extracted/People/80. Adult/MVI_5142.MOV,ADULT,signer05,train,include
E:/datasets/INCLUDE/extracted/People/80. Adult/MVI_5143.MOV,ADULT,signer05,train,include
E:/datasets/INCLUDE/extracted/People/80. Adult/MVI_5296.MOV,ADULT,signer06,train,include
E:/datasets/INCLUDE/extracted/People/80. Adult/MVI_5297.MOV,ADULT,signer06,train,include
E:/datasets/INCLUDE/extracted/People/80. Adult/MVI_5298.MOV,ADULT,signer06,train,include
E:/datasets/INCLUDE/extracted/People/80. Adult/MVI_8647.MP4,ADULT,signer07,train,include
E:/datasets/INCLUDE/extracted/People/81. Friend/MVI_3826.MOV,FRIEND,signer00,val,include
E:/datasets/INCLUDE/extracted/People/81. Friend/MVI_3827.MOV,FRIEND,signer00,val,include
E:/datasets/INCLUDE/extracted/People/81. Friend/MVI_3828.MOV,FRIEND,signer00,val,include
E:/datasets/INCLUDE/extracted/People/81. Friend/MVI_3975.MOV,FRIEND,signer01,test,include
E:/datasets/INCLUDE/extracted/People/81. Friend/MVI_3976.MOV,FRIEND,signer01,test,include
E:/datasets/INCLUDE/extracted/People/81. Friend/MVI_3977.MOV,FRIEND,signer01,test,include
E:/datasets/INCLUDE/extracted/People/81. Friend/MVI_4122.MOV,FRIEND,signer02,train,include
E:/datasets/INCLUDE/extracted/People/81. Friend/MVI_4123.MOV,FRIEND,signer02,train,include
E:/datasets/INCLUDE/extracted/People/81. Friend/MVI_4124.MOV,FRIEND,signer02,train,include
E:/datasets/INCLUDE/extracted/People/81. Friend/MVI_4246.MOV,FRIEND,signer03,train,include
E:/datasets/INCLUDE/extracted/People/81. Friend/MVI_4997.MOV,FRIEND,signer04,train,include
E:/datasets/INCLUDE/extracted/People/81. Friend/MVI_4998.MOV,FRIEND,signer04,train,include
E:/datasets/INCLUDE/extracted/People/81. Friend/MVI_4999.MOV,FRIEND,signer04,train,include
E:/datasets/INCLUDE/extracted/People/81. Friend/MVI_5145.MOV,FRIEND,signer05,train,include
E:/datasets/INCLUDE/extracted/People/81. Friend/MVI_5146.MOV,FRIEND,signer05,train,include
E:/datasets/INCLUDE/extracted/People/81. Friend/MVI_5147.MOV,FRIEND,signer05,train,include
E:/datasets/INCLUDE/extracted/People/81. Friend/MVI_5299.MOV,FRIEND,signer06,train,include
E:/datasets/INCLUDE/extracted/People/81. Friend/MVI_5300.MOV,FRIEND,signer06,train,include
E:/datasets/INCLUDE/extracted/People/81. Friend/MVI_5301.MOV,FRIEND,signer06,train,include
E:/datasets/INCLUDE/extracted/People/81. Friend/MVI_8648.MP4,FRIEND,signer07,train,include
E:/datasets/INCLUDE/extracted/People/82. Player/MVI_3829.MOV,PLAYER,signer00,val,include
E:/datasets/INCLUDE/extracted/People/82. Player/MVI_3830.MOV,PLAYER,signer00,val,include
E:/datasets/INCLUDE/extracted/People/82. Player/MVI_3831.MOV,PLAYER,signer00,val,include
E:/datasets/INCLUDE/extracted/People/82. Player/MVI_3978.MOV,PLAYER,signer01,test,include
E:/datasets/INCLUDE/extracted/People/82. Player/MVI_3979.MOV,PLAYER,signer01,test,include
E:/datasets/INCLUDE/extracted/People/82. Player/MVI_3980.MOV,PLAYER,signer01,test,include
E:/datasets/INCLUDE/extracted/People/82. Player/MVI_4125.MOV,PLAYER,signer02,train,include
E:/datasets/INCLUDE/extracted/People/82. Player/MVI_4126.MOV,PLAYER,signer02,train,include
E:/datasets/INCLUDE/extracted/People/82. Player/MVI_4127.MOV,PLAYER,signer02,train,include
E:/datasets/INCLUDE/extracted/People/82. Player/MVI_4247.MOV,PLAYER,signer03,train,include
E:/datasets/INCLUDE/extracted/People/82. Player/MVI_5000.MOV,PLAYER,signer04,train,include
E:/datasets/INCLUDE/extracted/People/82. Player/MVI_5001.MOV,PLAYER,signer04,train,include
E:/datasets/INCLUDE/extracted/People/82. Player/MVI_5002.MOV,PLAYER,signer04,train,include
E:/datasets/INCLUDE/extracted/People/82. Player/MVI_5148.MOV,PLAYER,signer05,train,include
E:/datasets/INCLUDE/extracted/People/82. Player/MVI_5149.MOV,PLAYER,signer05,train,include
E:/datasets/INCLUDE/extracted/People/82. Player/MVI_5150.MOV,PLAYER,signer05,train,include
E:/datasets/INCLUDE/extracted/People/82. Player/MVI_5303.MOV,PLAYER,signer06,train,include
E:/datasets/INCLUDE/extracted/People/82. Player/MVI_5304.MOV,PLAYER,signer06,train,include
E:/datasets/INCLUDE/extracted/People/82. Player/MVI_5305.MOV,PLAYER,signer06,train,include
E:/datasets/INCLUDE/extracted/People/82. Player/MVI_8649.MP4,PLAYER,signer07,train,include
E:/datasets/INCLUDE/extracted/People/83. Crowd/MVI_3832.MOV,CROWD,signer00,val,include
E:/datasets/INCLUDE/extracted/People/83. Crowd/MVI_3833.MOV,CROWD,signer00,val,include
E:/datasets/INCLUDE/extracted/People/83. Crowd/MVI_3834.MOV,CROWD,signer00,val,include
E:/datasets/INCLUDE/extracted/People/83. Crowd/MVI_3981.MOV,CROWD,signer01,test,include
E:/datasets/INCLUDE/extracted/People/83. Crowd/MVI_3982.MOV,CROWD,signer01,test,include
E:/datasets/INCLUDE/extracted/People/83. Crowd/MVI_3983.MOV,CROWD,signer01,test,include
E:/datasets/INCLUDE/extracted/People/83. Crowd/MVI_4128.MOV,CROWD,signer02,train,include
E:/datasets/INCLUDE/extracted/People/83. Crowd/MVI_4129.MOV,CROWD,signer02,train,include
E:/datasets/INCLUDE/extracted/People/83. Crowd/MVI_4130.MOV,CROWD,signer02,train,include
E:/datasets/INCLUDE/extracted/People/83. Crowd/MVI_4248.MOV,CROWD,signer03,train,include
E:/datasets/INCLUDE/extracted/People/83. Crowd/MVI_5003.MOV,CROWD,signer04,train,include
E:/datasets/INCLUDE/extracted/People/83. Crowd/MVI_5004.MOV,CROWD,signer04,train,include
E:/datasets/INCLUDE/extracted/People/83. Crowd/MVI_5005.MOV,CROWD,signer04,train,include
E:/datasets/INCLUDE/extracted/People/83. Crowd/MVI_5151.MOV,CROWD,signer05,train,include
E:/datasets/INCLUDE/extracted/People/83. Crowd/MVI_5152.MOV,CROWD,signer05,train,include
E:/datasets/INCLUDE/extracted/People/83. Crowd/MVI_5153.MOV,CROWD,signer05,train,include
E:/datasets/INCLUDE/extracted/People/83. Crowd/MVI_5306.MOV,CROWD,signer06,train,include
E:/datasets/INCLUDE/extracted/People/83. Crowd/MVI_5307.MOV,CROWD,signer06,train,include
E:/datasets/INCLUDE/extracted/People/83. Crowd/MVI_5308.MOV,CROWD,signer06,train,include
E:/datasets/INCLUDE/extracted/People/83. Crowd/MVI_8650.MP4,CROWD,signer07,train,include
E:/datasets/INCLUDE/extracted/Places/18. City/MVI_3263.MOV,CITY,signer00,val,include
E:/datasets/INCLUDE/extracted/Places/18. City/MVI_3264.MOV,CITY,signer00,val,include
E:/datasets/INCLUDE/extracted/Places/18. City/MVI_3265.MOV,CITY,signer00,val,include
E:/datasets/INCLUDE/extracted/Places/18. City/MVI_3266.MOV,CITY,signer00,val,include
E:/datasets/INCLUDE/extracted/Places/18. City/MVI_3345.MOV,CITY,signer01,test,include
E:/datasets/INCLUDE/extracted/Places/18. City/MVI_3346.MOV,CITY,signer01,test,include
E:/datasets/INCLUDE/extracted/Places/18. City/MVI_3347.MOV,CITY,signer01,test,include
E:/datasets/INCLUDE/extracted/Places/18. City/MVI_3348.MOV,CITY,signer01,test,include
E:/datasets/INCLUDE/extracted/Places/18. City/MVI_3430.MOV,CITY,signer02,train,include
E:/datasets/INCLUDE/extracted/Places/18. City/MVI_3431.MOV,CITY,signer02,train,include
E:/datasets/INCLUDE/extracted/Places/18. City/MVI_3432.MOV,CITY,signer02,train,include
E:/datasets/INCLUDE/extracted/Places/18. City/MVI_3434.MOV,CITY,signer02,train,include
E:/datasets/INCLUDE/extracted/Places/18. City/MVI_3508.MOV,CITY,signer03,train,include
E:/datasets/INCLUDE/extracted/Places/18. City/MVI_3509.MOV,CITY,signer03,train,include
E:/datasets/INCLUDE/extracted/Places/18. City/MVI_3510.MOV,CITY,signer03,train,include
E:/datasets/INCLUDE/extracted/Places/18. City/MVI_3512.MOV,CITY,signer03,train,include
E:/datasets/INCLUDE/extracted/Places/18. City/MVI_3589.MOV,CITY,signer04,train,include
E:/datasets/INCLUDE/extracted/Places/18. City/MVI_3590.MOV,CITY,signer04,train,include
E:/datasets/INCLUDE/extracted/Places/18. City/MVI_3591.MOV,CITY,signer04,train,include
E:/datasets/INCLUDE/extracted/Places/18. City/MVI_3592.MOV,CITY,signer04,train,include
E:/datasets/INCLUDE/extracted/Places/19. House/MVI_3267.MOV,HOUSE,signer00,val,include
E:/datasets/INCLUDE/extracted/Places/19. House/MVI_3268.MOV,HOUSE,signer00,val,include
E:/datasets/INCLUDE/extracted/Places/19. House/MVI_3269.MOV,HOUSE,signer00,val,include
E:/datasets/INCLUDE/extracted/Places/19. House/MVI_3270.MOV,HOUSE,signer00,val,include
E:/datasets/INCLUDE/extracted/Places/19. House/MVI_3349.MOV,HOUSE,signer01,test,include
E:/datasets/INCLUDE/extracted/Places/19. House/MVI_3350.MOV,HOUSE,signer01,test,include
E:/datasets/INCLUDE/extracted/Places/19. House/MVI_3351.MOV,HOUSE,signer01,test,include
E:/datasets/INCLUDE/extracted/Places/19. House/MVI_3352.MOV,HOUSE,signer01,test,include
E:/datasets/INCLUDE/extracted/Places/19. House/MVI_3435.MOV,HOUSE,signer02,train,include
E:/datasets/INCLUDE/extracted/Places/19. House/MVI_3436.MOV,HOUSE,signer02,train,include
E:/datasets/INCLUDE/extracted/Places/19. House/MVI_3437.MOV,HOUSE,signer02,train,include
E:/datasets/INCLUDE/extracted/Places/19. House/MVI_3438.MOV,HOUSE,signer02,train,include
E:/datasets/INCLUDE/extracted/Places/19. House/MVI_3513.MOV,HOUSE,signer03,train,include
E:/datasets/INCLUDE/extracted/Places/19. House/MVI_3514.MOV,HOUSE,signer03,train,include
E:/datasets/INCLUDE/extracted/Places/19. House/MVI_3515.MOV,HOUSE,signer03,train,include
E:/datasets/INCLUDE/extracted/Places/19. House/MVI_3516.MOV,HOUSE,signer03,train,include
E:/datasets/INCLUDE/extracted/Places/19. House/MVI_3593.MOV,HOUSE,signer04,train,include
E:/datasets/INCLUDE/extracted/Places/19. House/MVI_3594.MOV,HOUSE,signer04,train,include
E:/datasets/INCLUDE/extracted/Places/19. House/MVI_3595.MOV,HOUSE,signer04,train,include
E:/datasets/INCLUDE/extracted/Places/19. House/MVI_3596.MOV,HOUSE,signer04,train,include
E:/datasets/INCLUDE/extracted/Places/19. House/Extra/MVI_3439.MOV,EXTRA,signer09,train,include
E:/datasets/INCLUDE/extracted/Places/20. Street or Road/MVI_3271.MOV,STREET_OR_ROAD,signer00,val,include
E:/datasets/INCLUDE/extracted/Places/20. Street or Road/MVI_3272.MOV,STREET_OR_ROAD,signer00,val,include
E:/datasets/INCLUDE/extracted/Places/20. Street or Road/MVI_3273.MOV,STREET_OR_ROAD,signer00,val,include
E:/datasets/INCLUDE/extracted/Places/20. Street or Road/MVI_3274.MOV,STREET_OR_ROAD,signer00,val,include
E:/datasets/INCLUDE/extracted/Places/20. Street or Road/MVI_3353.MOV,STREET_OR_ROAD,signer01,test,include
E:/datasets/INCLUDE/extracted/Places/20. Street or Road/MVI_3354.MOV,STREET_OR_ROAD,signer01,test,include
E:/datasets/INCLUDE/extracted/Places/20. Street or Road/MVI_3355.MOV,STREET_OR_ROAD,signer01,test,include
E:/datasets/INCLUDE/extracted/Places/20. Street or Road/MVI_3356.MOV,STREET_OR_ROAD,signer01,test,include
E:/datasets/INCLUDE/extracted/Places/20. Street or Road/MVI_3440.MOV,STREET_OR_ROAD,signer02,train,include
E:/datasets/INCLUDE/extracted/Places/20. Street or Road/MVI_3441.MOV,STREET_OR_ROAD,signer02,train,include
E:/datasets/INCLUDE/extracted/Places/20. Street or Road/MVI_3442.MOV,STREET_OR_ROAD,signer02,train,include
E:/datasets/INCLUDE/extracted/Places/20. Street or Road/MVI_3443.MOV,STREET_OR_ROAD,signer02,train,include
E:/datasets/INCLUDE/extracted/Places/20. Street or Road/MVI_3517.MOV,STREET_OR_ROAD,signer03,train,include
E:/datasets/INCLUDE/extracted/Places/20. Street or Road/MVI_3518.MOV,STREET_OR_ROAD,signer03,train,include
E:/datasets/INCLUDE/extracted/Places/20. Street or Road/MVI_3519.MOV,STREET_OR_ROAD,signer03,train,include
E:/datasets/INCLUDE/extracted/Places/20. Street or Road/MVI_3520.MOV,STREET_OR_ROAD,signer03,train,include
E:/datasets/INCLUDE/extracted/Places/20. Street or Road/MVI_3597.MOV,STREET_OR_ROAD,signer04,train,include
E:/datasets/INCLUDE/extracted/Places/20. Street or Road/MVI_3598.MOV,STREET_OR_ROAD,signer04,train,include
E:/datasets/INCLUDE/extracted/Places/20. Street or Road/MVI_3599.MOV,STREET_OR_ROAD,signer04,train,include
E:/datasets/INCLUDE/extracted/Places/20. Street or Road/MVI_3600.MOV,STREET_OR_ROAD,signer04,train,include
E:/datasets/INCLUDE/extracted/Places/21. Train Station/MVI_3275.MOV,TRAIN_STATION,signer00,val,include
E:/datasets/INCLUDE/extracted/Places/21. Train Station/MVI_3276.MOV,TRAIN_STATION,signer00,val,include
E:/datasets/INCLUDE/extracted/Places/21. Train Station/MVI_3277.MOV,TRAIN_STATION,signer00,val,include
E:/datasets/INCLUDE/extracted/Places/21. Train Station/MVI_3278.MOV,TRAIN_STATION,signer00,val,include
E:/datasets/INCLUDE/extracted/Places/21. Train Station/MVI_3357.MOV,TRAIN_STATION,signer01,test,include
E:/datasets/INCLUDE/extracted/Places/21. Train Station/MVI_3358.MOV,TRAIN_STATION,signer01,test,include
E:/datasets/INCLUDE/extracted/Places/21. Train Station/MVI_3359.MOV,TRAIN_STATION,signer01,test,include
E:/datasets/INCLUDE/extracted/Places/21. Train Station/MVI_3360.MOV,TRAIN_STATION,signer01,test,include
E:/datasets/INCLUDE/extracted/Places/21. Train Station/MVI_3444.MOV,TRAIN_STATION,signer02,train,include
E:/datasets/INCLUDE/extracted/Places/21. Train Station/MVI_3445.MOV,TRAIN_STATION,signer02,train,include
E:/datasets/INCLUDE/extracted/Places/21. Train Station/MVI_3446.MOV,TRAIN_STATION,signer02,train,include
E:/datasets/INCLUDE/extracted/Places/21. Train Station/MVI_3447.MOV,TRAIN_STATION,signer02,train,include
E:/datasets/INCLUDE/extracted/Places/21. Train Station/MVI_3521.MOV,TRAIN_STATION,signer03,train,include
E:/datasets/INCLUDE/extracted/Places/21. Train Station/MVI_3522.MOV,TRAIN_STATION,signer03,train,include
E:/datasets/INCLUDE/extracted/Places/21. Train Station/MVI_3524.MOV,TRAIN_STATION,signer03,train,include
E:/datasets/INCLUDE/extracted/Places/21. Train Station/MVI_3525.MOV,TRAIN_STATION,signer03,train,include
E:/datasets/INCLUDE/extracted/Places/21. Train Station/MVI_3601.MOV,TRAIN_STATION,signer04,train,include
E:/datasets/INCLUDE/extracted/Places/21. Train Station/MVI_3602.MOV,TRAIN_STATION,signer04,train,include
E:/datasets/INCLUDE/extracted/Places/21. Train Station/MVI_3603.MOV,TRAIN_STATION,signer04,train,include
E:/datasets/INCLUDE/extracted/Places/21. Train Station/MVI_3604.MOV,TRAIN_STATION,signer04,train,include
E:/datasets/INCLUDE/extracted/Places/21. Train Station/Extra/MVI_3279.MOV,EXTRA,signer01,test,include
E:/datasets/INCLUDE/extracted/Places/21. Train Station/Extra/MVI_3526.MOV,EXTRA,signer10,train,include
E:/datasets/INCLUDE/extracted/Places/22. Restaurant/MVI_3280.MOV,RESTAURANT,signer00,val,include
E:/datasets/INCLUDE/extracted/Places/22. Restaurant/MVI_3281.MOV,RESTAURANT,signer00,val,include
E:/datasets/INCLUDE/extracted/Places/22. Restaurant/MVI_3282.MOV,RESTAURANT,signer00,val,include
E:/datasets/INCLUDE/extracted/Places/22. Restaurant/MVI_3283.MOV,RESTAURANT,signer00,val,include
E:/datasets/INCLUDE/extracted/Places/22. Restaurant/MVI_3361.MOV,RESTAURANT,signer01,test,include
E:/datasets/INCLUDE/extracted/Places/22. Restaurant/MVI_3362.MOV,RESTAURANT,signer01,test,include
E:/datasets/INCLUDE/extracted/Places/22. Restaurant/MVI_3363.MOV,RESTAURANT,signer01,test,include
E:/datasets/INCLUDE/extracted/Places/22. Restaurant/MVI_3364.MOV,RESTAURANT,signer01,test,include
E:/datasets/INCLUDE/extracted/Places/22. Restaurant/MVI_3448.MOV,RESTAURANT,signer02,train,include
E:/datasets/INCLUDE/extracted/Places/22. Restaurant/MVI_3449.MOV,RESTAURANT,signer02,train,include
E:/datasets/INCLUDE/extracted/Places/22. Restaurant/MVI_3450.MOV,RESTAURANT,signer02,train,include
E:/datasets/INCLUDE/extracted/Places/22. Restaurant/MVI_3451.MOV,RESTAURANT,signer02,train,include
E:/datasets/INCLUDE/extracted/Places/22. Restaurant/MVI_3527.MOV,RESTAURANT,signer03,train,include
E:/datasets/INCLUDE/extracted/Places/22. Restaurant/MVI_3528.MOV,RESTAURANT,signer03,train,include
E:/datasets/INCLUDE/extracted/Places/22. Restaurant/MVI_3529.MOV,RESTAURANT,signer03,train,include
E:/datasets/INCLUDE/extracted/Places/22. Restaurant/MVI_3530.MOV,RESTAURANT,signer03,train,include
E:/datasets/INCLUDE/extracted/Places/22. Restaurant/MVI_3605.MOV,RESTAURANT,signer04,train,include
E:/datasets/INCLUDE/extracted/Places/22. Restaurant/MVI_3606.MOV,RESTAURANT,signer04,train,include
E:/datasets/INCLUDE/extracted/Places/22. Restaurant/MVI_3607.MOV,RESTAURANT,signer04,train,include
E:/datasets/INCLUDE/extracted/Places/22. Restaurant/MVI_3608.MOV,RESTAURANT,signer04,train,include
E:/datasets/INCLUDE/extracted/Places/23. Court/MVI_3284.MOV,COURT,signer00,val,include
E:/datasets/INCLUDE/extracted/Places/23. Court/MVI_3285.MOV,COURT,signer00,val,include
E:/datasets/INCLUDE/extracted/Places/23. Court/MVI_3286.MOV,COURT,signer00,val,include
E:/datasets/INCLUDE/extracted/Places/23. Court/MVI_3287.MOV,COURT,signer00,val,include
E:/datasets/INCLUDE/extracted/Places/23. Court/MVI_3365.MOV,COURT,signer01,test,include
E:/datasets/INCLUDE/extracted/Places/23. Court/MVI_3366.MOV,COURT,signer01,test,include
E:/datasets/INCLUDE/extracted/Places/23. Court/MVI_3367.MOV,COURT,signer01,test,include
E:/datasets/INCLUDE/extracted/Places/23. Court/MVI_3370.MOV,COURT,signer01,test,include
E:/datasets/INCLUDE/extracted/Places/23. Court/MVI_3452.MOV,COURT,signer02,train,include
E:/datasets/INCLUDE/extracted/Places/23. Court/MVI_3453.MOV,COURT,signer02,train,include
E:/datasets/INCLUDE/extracted/Places/23. Court/MVI_3454.MOV,COURT,signer02,train,include
E:/datasets/INCLUDE/extracted/Places/23. Court/MVI_3455.MOV,COURT,signer02,train,include
E:/datasets/INCLUDE/extracted/Places/23. Court/MVI_3531.MOV,COURT,signer03,train,include
E:/datasets/INCLUDE/extracted/Places/23. Court/MVI_3532.MOV,COURT,signer03,train,include
E:/datasets/INCLUDE/extracted/Places/23. Court/MVI_3533.MOV,COURT,signer03,train,include
E:/datasets/INCLUDE/extracted/Places/23. Court/MVI_3534.MOV,COURT,signer03,train,include
E:/datasets/INCLUDE/extracted/Places/23. Court/MVI_3609.MOV,COURT,signer04,train,include
E:/datasets/INCLUDE/extracted/Places/23. Court/MVI_3610.MOV,COURT,signer04,train,include
E:/datasets/INCLUDE/extracted/Places/23. Court/MVI_3611.MOV,COURT,signer04,train,include
E:/datasets/INCLUDE/extracted/Places/23. Court/MVI_3612.MOV,COURT,signer04,train,include
E:/datasets/INCLUDE/extracted/Places/23. Court/Extra/MVI_3288.MOV,EXTRA,signer02,train,include
E:/datasets/INCLUDE/extracted/Places/23. Court/Extra/MVI_3368.MOV,EXTRA,signer05,train,include
E:/datasets/INCLUDE/extracted/Places/23. Court/Extra/MVI_3613.MOV,EXTRA,signer11,train,include
E:/datasets/INCLUDE/extracted/Places/24. School/MVI_3290.MOV,SCHOOL,signer00,val,include
E:/datasets/INCLUDE/extracted/Places/24. School/MVI_3291.MOV,SCHOOL,signer00,val,include
E:/datasets/INCLUDE/extracted/Places/24. School/MVI_3292.MOV,SCHOOL,signer00,val,include
E:/datasets/INCLUDE/extracted/Places/24. School/MVI_3293.MOV,SCHOOL,signer00,val,include
E:/datasets/INCLUDE/extracted/Places/24. School/MVI_3371.MOV,SCHOOL,signer01,test,include
E:/datasets/INCLUDE/extracted/Places/24. School/MVI_3372.MOV,SCHOOL,signer01,test,include
E:/datasets/INCLUDE/extracted/Places/24. School/MVI_3373.MOV,SCHOOL,signer01,test,include
E:/datasets/INCLUDE/extracted/Places/24. School/MVI_3374.MOV,SCHOOL,signer01,test,include
E:/datasets/INCLUDE/extracted/Places/24. School/MVI_3456.MOV,SCHOOL,signer02,train,include
E:/datasets/INCLUDE/extracted/Places/24. School/MVI_3457.MOV,SCHOOL,signer02,train,include
E:/datasets/INCLUDE/extracted/Places/24. School/MVI_3458.MOV,SCHOOL,signer02,train,include
E:/datasets/INCLUDE/extracted/Places/24. School/MVI_3459.MOV,SCHOOL,signer02,train,include
E:/datasets/INCLUDE/extracted/Places/24. School/MVI_3535.MOV,SCHOOL,signer03,train,include
E:/datasets/INCLUDE/extracted/Places/24. School/MVI_3536.MOV,SCHOOL,signer03,train,include
E:/datasets/INCLUDE/extracted/Places/24. School/MVI_3537.MOV,SCHOOL,signer03,train,include
E:/datasets/INCLUDE/extracted/Places/24. School/MVI_3538.MOV,SCHOOL,signer03,train,include
E:/datasets/INCLUDE/extracted/Places/24. School/MVI_3614.MOV,SCHOOL,signer04,train,include
E:/datasets/INCLUDE/extracted/Places/24. School/MVI_3615.MOV,SCHOOL,signer04,train,include
E:/datasets/INCLUDE/extracted/Places/24. School/MVI_3616.MOV,SCHOOL,signer04,train,include
E:/datasets/INCLUDE/extracted/Places/24. School/MVI_3617.MOV,SCHOOL,signer04,train,include
E:/datasets/INCLUDE/extracted/Places/25. Office/MVI_3294.MOV,OFFICE,signer00,val,include
E:/datasets/INCLUDE/extracted/Places/25. Office/MVI_3295.MOV,OFFICE,signer00,val,include
E:/datasets/INCLUDE/extracted/Places/25. Office/MVI_3296.MOV,OFFICE,signer00,val,include
E:/datasets/INCLUDE/extracted/Places/25. Office/MVI_3297.MOV,OFFICE,signer00,val,include
E:/datasets/INCLUDE/extracted/Places/25. Office/MVI_3460.MOV,OFFICE,signer01,test,include
E:/datasets/INCLUDE/extracted/Places/25. Office/MVI_3461.MOV,OFFICE,signer01,test,include
E:/datasets/INCLUDE/extracted/Places/25. Office/MVI_3462.MOV,OFFICE,signer01,test,include
E:/datasets/INCLUDE/extracted/Places/25. Office/MVI_3463.MOV,OFFICE,signer01,test,include
E:/datasets/INCLUDE/extracted/Places/25. Office/MVI_3539.MOV,OFFICE,signer02,train,include
E:/datasets/INCLUDE/extracted/Places/25. Office/MVI_3540.MOV,OFFICE,signer02,train,include
E:/datasets/INCLUDE/extracted/Places/25. Office/MVI_3541.MOV,OFFICE,signer02,train,include
E:/datasets/INCLUDE/extracted/Places/25. Office/MVI_3542.MOV,OFFICE,signer02,train,include
E:/datasets/INCLUDE/extracted/Places/25. Office/MVI_3618.MOV,OFFICE,signer03,train,include
E:/datasets/INCLUDE/extracted/Places/25. Office/MVI_3619.MOV,OFFICE,signer03,train,include
E:/datasets/INCLUDE/extracted/Places/25. Office/MVI_3620.MOV,OFFICE,signer03,train,include
E:/datasets/INCLUDE/extracted/Places/25. Office/MVI_3621.MOV,OFFICE,signer03,train,include
E:/datasets/INCLUDE/extracted/Places/25. Office/MVI_3675.MOV,OFFICE,signer04,train,include
E:/datasets/INCLUDE/extracted/Places/25. Office/MVI_3676.MOV,OFFICE,signer04,train,include
E:/datasets/INCLUDE/extracted/Places/25. Office/MVI_3677.MOV,OFFICE,signer04,train,include
E:/datasets/INCLUDE/extracted/Places/25. Office/MVI_3678.MOV,OFFICE,signer04,train,include
E:/datasets/INCLUDE/extracted/Places/26. University/MVI_3298.MOV,UNIVERSITY,signer00,val,include
E:/datasets/INCLUDE/extracted/Places/26. University/MVI_3299.MOV,UNIVERSITY,signer00,val,include
E:/datasets/INCLUDE/extracted/Places/26. University/MVI_3300.MOV,UNIVERSITY,signer00,val,include
E:/datasets/INCLUDE/extracted/Places/26. University/MVI_3301.MOV,UNIVERSITY,signer00,val,include
E:/datasets/INCLUDE/extracted/Places/26. University/MVI_3375.MOV,UNIVERSITY,signer01,test,include
E:/datasets/INCLUDE/extracted/Places/26. University/MVI_3376.MOV,UNIVERSITY,signer01,test,include
E:/datasets/INCLUDE/extracted/Places/26. University/MVI_3377.MOV,UNIVERSITY,signer01,test,include
E:/datasets/INCLUDE/extracted/Places/26. University/MVI_3378.MOV,UNIVERSITY,signer01,test,include
E:/datasets/INCLUDE/extracted/Places/26. University/MVI_3464.MOV,UNIVERSITY,signer02,train,include
E:/datasets/INCLUDE/extracted/Places/26. University/MVI_3465.MOV,UNIVERSITY,signer02,train,include
E:/datasets/INCLUDE/extracted/Places/26. University/MVI_3466.MOV,UNIVERSITY,signer02,train,include
E:/datasets/INCLUDE/extracted/Places/26. University/MVI_3467.MOV,UNIVERSITY,signer02,train,include
E:/datasets/INCLUDE/extracted/Places/26. University/MVI_3543.MOV,UNIVERSITY,signer03,train,include
E:/datasets/INCLUDE/extracted/Places/26. University/MVI_3544.MOV,UNIVERSITY,signer03,train,include
E:/datasets/INCLUDE/extracted/Places/26. University/MVI_3545.MOV,UNIVERSITY,signer03,train,include
E:/datasets/INCLUDE/extracted/Places/26. University/MVI_3546.MOV,UNIVERSITY,signer03,train,include
E:/datasets/INCLUDE/extracted/Places/26. University/MVI_3622.MOV,UNIVERSITY,signer04,train,include
E:/datasets/INCLUDE/extracted/Places/26. University/MVI_3623.MOV,UNIVERSITY,signer04,train,include
E:/datasets/INCLUDE/extracted/Places/26. University/MVI_3624.MOV,UNIVERSITY,signer04,train,include
E:/datasets/INCLUDE/extracted/Places/26. University/MVI_3625.MOV,UNIVERSITY,signer04,train,include
E:/datasets/INCLUDE/extracted/Places/26. University/Extra/MVI_3626.MOV,EXTRA,signer12,train,include
E:/datasets/INCLUDE/extracted/Places/27. Park/MVI_3302.MOV,PARK,signer00,val,include
E:/datasets/INCLUDE/extracted/Places/27. Park/MVI_3303.MOV,PARK,signer00,val,include
E:/datasets/INCLUDE/extracted/Places/27. Park/MVI_3304.MOV,PARK,signer00,val,include
E:/datasets/INCLUDE/extracted/Places/27. Park/MVI_3305.MOV,PARK,signer00,val,include
E:/datasets/INCLUDE/extracted/Places/27. Park/MVI_3380.MOV,PARK,signer01,test,include
E:/datasets/INCLUDE/extracted/Places/27. Park/MVI_3381.MOV,PARK,signer01,test,include
E:/datasets/INCLUDE/extracted/Places/27. Park/MVI_3382.MOV,PARK,signer01,test,include
E:/datasets/INCLUDE/extracted/Places/27. Park/MVI_3383.MOV,PARK,signer01,test,include
E:/datasets/INCLUDE/extracted/Places/27. Park/MVI_3468.MOV,PARK,signer02,train,include
E:/datasets/INCLUDE/extracted/Places/27. Park/MVI_3469.MOV,PARK,signer02,train,include
E:/datasets/INCLUDE/extracted/Places/27. Park/MVI_3470.MOV,PARK,signer02,train,include
E:/datasets/INCLUDE/extracted/Places/27. Park/MVI_3471.MOV,PARK,signer02,train,include
E:/datasets/INCLUDE/extracted/Places/27. Park/MVI_3548.MOV,PARK,signer03,train,include
E:/datasets/INCLUDE/extracted/Places/27. Park/MVI_3549.MOV,PARK,signer03,train,include
E:/datasets/INCLUDE/extracted/Places/27. Park/MVI_3550.MOV,PARK,signer03,train,include
E:/datasets/INCLUDE/extracted/Places/27. Park/MVI_3551.MOV,PARK,signer03,train,include
E:/datasets/INCLUDE/extracted/Places/27. Park/MVI_3627.MOV,PARK,signer04,train,include
E:/datasets/INCLUDE/extracted/Places/27. Park/MVI_3628.MOV,PARK,signer04,train,include
E:/datasets/INCLUDE/extracted/Places/27. Park/MVI_3629.MOV,PARK,signer04,train,include
E:/datasets/INCLUDE/extracted/Places/27. Park/MVI_3630.MOV,PARK,signer04,train,include
E:/datasets/INCLUDE/extracted/Places/27. Park/Extra/MVI_3306.MOV,EXTRA,signer03,train,include
E:/datasets/INCLUDE/extracted/Places/27. Park/Extra/MVI_3631.MOV,EXTRA,signer13,train,include
E:/datasets/INCLUDE/extracted/Places/28. Store or Shop/MVI_3307.MOV,STORE_OR_SHOP,signer00,val,include
E:/datasets/INCLUDE/extracted/Places/28. Store or Shop/MVI_3308.MOV,STORE_OR_SHOP,signer00,val,include
E:/datasets/INCLUDE/extracted/Places/28. Store or Shop/MVI_3309.MOV,STORE_OR_SHOP,signer00,val,include
E:/datasets/INCLUDE/extracted/Places/28. Store or Shop/MVI_3310.MOV,STORE_OR_SHOP,signer00,val,include
E:/datasets/INCLUDE/extracted/Places/28. Store or Shop/MVI_3384.MOV,STORE_OR_SHOP,signer01,test,include
E:/datasets/INCLUDE/extracted/Places/28. Store or Shop/MVI_3385.MOV,STORE_OR_SHOP,signer01,test,include
E:/datasets/INCLUDE/extracted/Places/28. Store or Shop/MVI_3386.MOV,STORE_OR_SHOP,signer01,test,include
E:/datasets/INCLUDE/extracted/Places/28. Store or Shop/MVI_3387.MOV,STORE_OR_SHOP,signer01,test,include
E:/datasets/INCLUDE/extracted/Places/28. Store or Shop/MVI_3472.MOV,STORE_OR_SHOP,signer02,train,include
E:/datasets/INCLUDE/extracted/Places/28. Store or Shop/MVI_3473.MOV,STORE_OR_SHOP,signer02,train,include
E:/datasets/INCLUDE/extracted/Places/28. Store or Shop/MVI_3474.MOV,STORE_OR_SHOP,signer02,train,include
E:/datasets/INCLUDE/extracted/Places/28. Store or Shop/MVI_3475.MOV,STORE_OR_SHOP,signer02,train,include
E:/datasets/INCLUDE/extracted/Places/28. Store or Shop/MVI_3552.MOV,STORE_OR_SHOP,signer03,train,include
E:/datasets/INCLUDE/extracted/Places/28. Store or Shop/MVI_3553.MOV,STORE_OR_SHOP,signer03,train,include
E:/datasets/INCLUDE/extracted/Places/28. Store or Shop/MVI_3554.MOV,STORE_OR_SHOP,signer03,train,include
E:/datasets/INCLUDE/extracted/Places/28. Store or Shop/MVI_3555.MOV,STORE_OR_SHOP,signer03,train,include
E:/datasets/INCLUDE/extracted/Places/28. Store or Shop/MVI_3632.MOV,STORE_OR_SHOP,signer04,train,include
E:/datasets/INCLUDE/extracted/Places/28. Store or Shop/MVI_3633.MOV,STORE_OR_SHOP,signer04,train,include
E:/datasets/INCLUDE/extracted/Places/28. Store or Shop/MVI_3634.MOV,STORE_OR_SHOP,signer04,train,include
E:/datasets/INCLUDE/extracted/Places/28. Store or Shop/MVI_3635.MOV,STORE_OR_SHOP,signer04,train,include
E:/datasets/INCLUDE/extracted/Places/28. Store or Shop/Extra/MVI_3636.MOV,EXTRA,signer14,train,include
E:/datasets/INCLUDE/extracted/Places/28. Store or Shop/Extra/MVI_3637.MOV,EXTRA,signer14,train,include
E:/datasets/INCLUDE/extracted/Places/29. Library/MVI_3311.MOV,LIBRARY,signer00,val,include
E:/datasets/INCLUDE/extracted/Places/29. Library/MVI_3312.MOV,LIBRARY,signer00,val,include
E:/datasets/INCLUDE/extracted/Places/29. Library/MVI_3313.MOV,LIBRARY,signer00,val,include
E:/datasets/INCLUDE/extracted/Places/29. Library/MVI_3314.MOV,LIBRARY,signer00,val,include
E:/datasets/INCLUDE/extracted/Places/29. Library/MVI_3389.MOV,LIBRARY,signer01,test,include
E:/datasets/INCLUDE/extracted/Places/29. Library/MVI_3390.MOV,LIBRARY,signer01,test,include
E:/datasets/INCLUDE/extracted/Places/29. Library/MVI_3391.MOV,LIBRARY,signer01,test,include
E:/datasets/INCLUDE/extracted/Places/29. Library/MVI_3392.MOV,LIBRARY,signer01,test,include
E:/datasets/INCLUDE/extracted/Places/29. Library/MVI_3476.MOV,LIBRARY,signer02,train,include
E:/datasets/INCLUDE/extracted/Places/29. Library/MVI_3477.MOV,LIBRARY,signer02,train,include
E:/datasets/INCLUDE/extracted/Places/29. Library/MVI_3478.MOV,LIBRARY,signer02,train,include
E:/datasets/INCLUDE/extracted/Places/29. Library/MVI_3479.MOV,LIBRARY,signer02,train,include
E:/datasets/INCLUDE/extracted/Places/29. Library/MVI_3556.MOV,LIBRARY,signer03,train,include
E:/datasets/INCLUDE/extracted/Places/29. Library/MVI_3557.MOV,LIBRARY,signer03,train,include
E:/datasets/INCLUDE/extracted/Places/29. Library/MVI_3558.MOV,LIBRARY,signer03,train,include
E:/datasets/INCLUDE/extracted/Places/29. Library/MVI_3559.MOV,LIBRARY,signer03,train,include
E:/datasets/INCLUDE/extracted/Places/29. Library/MVI_3665.MOV,LIBRARY,signer04,train,include
E:/datasets/INCLUDE/extracted/Places/29. Library/MVI_3666.MOV,LIBRARY,signer04,train,include
E:/datasets/INCLUDE/extracted/Places/29. Library/MVI_3667.MOV,LIBRARY,signer04,train,include
E:/datasets/INCLUDE/extracted/Places/29. Library/MVI_3668.MOV,LIBRARY,signer04,train,include
E:/datasets/INCLUDE/extracted/Places/30. Hospital/MVI_3315.MOV,HOSPITAL,signer00,val,include
E:/datasets/INCLUDE/extracted/Places/30. Hospital/MVI_3316.MOV,HOSPITAL,signer00,val,include
E:/datasets/INCLUDE/extracted/Places/30. Hospital/MVI_3317.MOV,HOSPITAL,signer00,val,include
E:/datasets/INCLUDE/extracted/Places/30. Hospital/MVI_3318.MOV,HOSPITAL,signer00,val,include
E:/datasets/INCLUDE/extracted/Places/30. Hospital/MVI_3397.MOV,HOSPITAL,signer01,test,include
E:/datasets/INCLUDE/extracted/Places/30. Hospital/MVI_3398.MOV,HOSPITAL,signer01,test,include
E:/datasets/INCLUDE/extracted/Places/30. Hospital/MVI_3399.MOV,HOSPITAL,signer01,test,include
E:/datasets/INCLUDE/extracted/Places/30. Hospital/MVI_3400.MOV,HOSPITAL,signer01,test,include
E:/datasets/INCLUDE/extracted/Places/30. Hospital/MVI_3480.MOV,HOSPITAL,signer02,train,include
E:/datasets/INCLUDE/extracted/Places/30. Hospital/MVI_3481.MOV,HOSPITAL,signer02,train,include
E:/datasets/INCLUDE/extracted/Places/30. Hospital/MVI_3482.MOV,HOSPITAL,signer02,train,include
E:/datasets/INCLUDE/extracted/Places/30. Hospital/MVI_3483.MOV,HOSPITAL,signer02,train,include
E:/datasets/INCLUDE/extracted/Places/30. Hospital/MVI_3560.MOV,HOSPITAL,signer03,train,include
E:/datasets/INCLUDE/extracted/Places/30. Hospital/MVI_3561.MOV,HOSPITAL,signer03,train,include
E:/datasets/INCLUDE/extracted/Places/30. Hospital/MVI_3562.MOV,HOSPITAL,signer03,train,include
E:/datasets/INCLUDE/extracted/Places/30. Hospital/MVI_3563.MOV,HOSPITAL,signer03,train,include
E:/datasets/INCLUDE/extracted/Places/30. Hospital/MVI_3638.MOV,HOSPITAL,signer04,train,include
E:/datasets/INCLUDE/extracted/Places/30. Hospital/MVI_3639.MOV,HOSPITAL,signer04,train,include
E:/datasets/INCLUDE/extracted/Places/30. Hospital/MVI_3640.MOV,HOSPITAL,signer04,train,include
E:/datasets/INCLUDE/extracted/Places/30. Hospital/MVI_3641.MOV,HOSPITAL,signer04,train,include
E:/datasets/INCLUDE/extracted/Places/31. Temple/MVI_3319.MOV,TEMPLE,signer00,val,include
E:/datasets/INCLUDE/extracted/Places/31. Temple/MVI_3320.MOV,TEMPLE,signer00,val,include
E:/datasets/INCLUDE/extracted/Places/31. Temple/MVI_3321.MOV,TEMPLE,signer00,val,include
E:/datasets/INCLUDE/extracted/Places/31. Temple/MVI_3322.MOV,TEMPLE,signer00,val,include
E:/datasets/INCLUDE/extracted/Places/31. Temple/MVI_3401.MOV,TEMPLE,signer01,test,include
E:/datasets/INCLUDE/extracted/Places/31. Temple/MVI_3402.MOV,TEMPLE,signer01,test,include
E:/datasets/INCLUDE/extracted/Places/31. Temple/MVI_3403.MOV,TEMPLE,signer01,test,include
E:/datasets/INCLUDE/extracted/Places/31. Temple/MVI_3404.MOV,TEMPLE,signer01,test,include
E:/datasets/INCLUDE/extracted/Places/31. Temple/MVI_3484.MOV,TEMPLE,signer02,train,include
E:/datasets/INCLUDE/extracted/Places/31. Temple/MVI_3485.MOV,TEMPLE,signer02,train,include
E:/datasets/INCLUDE/extracted/Places/31. Temple/MVI_3486.MOV,TEMPLE,signer02,train,include
E:/datasets/INCLUDE/extracted/Places/31. Temple/MVI_3487.MOV,TEMPLE,signer02,train,include
E:/datasets/INCLUDE/extracted/Places/31. Temple/MVI_3564.MOV,TEMPLE,signer03,train,include
E:/datasets/INCLUDE/extracted/Places/31. Temple/MVI_3565.MOV,TEMPLE,signer03,train,include
E:/datasets/INCLUDE/extracted/Places/31. Temple/MVI_3566.MOV,TEMPLE,signer03,train,include
E:/datasets/INCLUDE/extracted/Places/31. Temple/MVI_3567.MOV,TEMPLE,signer03,train,include
E:/datasets/INCLUDE/extracted/Places/31. Temple/MVI_3642.MOV,TEMPLE,signer04,train,include
E:/datasets/INCLUDE/extracted/Places/31. Temple/MVI_3643.MOV,TEMPLE,signer04,train,include
E:/datasets/INCLUDE/extracted/Places/31. Temple/MVI_3644.MOV,TEMPLE,signer04,train,include
E:/datasets/INCLUDE/extracted/Places/31. Temple/MVI_3645.MOV,TEMPLE,signer04,train,include
E:/datasets/INCLUDE/extracted/Places/31. Temple/Extra/MVI_3646.MOV,EXTRA,signer15,train,include
E:/datasets/INCLUDE/extracted/Places/32. Market/MVI_3323.MOV,MARKET,signer00,val,include
E:/datasets/INCLUDE/extracted/Places/32. Market/MVI_3324.MOV,MARKET,signer00,val,include
E:/datasets/INCLUDE/extracted/Places/32. Market/MVI_3325.MOV,MARKET,signer00,val,include
E:/datasets/INCLUDE/extracted/Places/32. Market/MVI_3326.MOV,MARKET,signer00,val,include
E:/datasets/INCLUDE/extracted/Places/32. Market/MVI_3405.MOV,MARKET,signer01,test,include
E:/datasets/INCLUDE/extracted/Places/32. Market/MVI_3406.MOV,MARKET,signer01,test,include
E:/datasets/INCLUDE/extracted/Places/32. Market/MVI_3407.MOV,MARKET,signer01,test,include
E:/datasets/INCLUDE/extracted/Places/32. Market/MVI_3408.MOV,MARKET,signer01,test,include
E:/datasets/INCLUDE/extracted/Places/32. Market/MVI_3488.MOV,MARKET,signer02,train,include
E:/datasets/INCLUDE/extracted/Places/32. Market/MVI_3489.MOV,MARKET,signer02,train,include
E:/datasets/INCLUDE/extracted/Places/32. Market/MVI_3490.MOV,MARKET,signer02,train,include
E:/datasets/INCLUDE/extracted/Places/32. Market/MVI_3491.MOV,MARKET,signer02,train,include
E:/datasets/INCLUDE/extracted/Places/32. Market/MVI_3569.MOV,MARKET,signer03,train,include
E:/datasets/INCLUDE/extracted/Places/32. Market/MVI_3570.MOV,MARKET,signer03,train,include
E:/datasets/INCLUDE/extracted/Places/32. Market/MVI_3571.MOV,MARKET,signer03,train,include
E:/datasets/INCLUDE/extracted/Places/32. Market/MVI_3572.MOV,MARKET,signer03,train,include
E:/datasets/INCLUDE/extracted/Places/32. Market/MVI_3647.MOV,MARKET,signer04,train,include
E:/datasets/INCLUDE/extracted/Places/32. Market/MVI_3648.MOV,MARKET,signer04,train,include
E:/datasets/INCLUDE/extracted/Places/32. Market/MVI_3649.MOV,MARKET,signer04,train,include
E:/datasets/INCLUDE/extracted/Places/32. Market/MVI_3650.MOV,MARKET,signer04,train,include
E:/datasets/INCLUDE/extracted/Places/32. Market/Extra/MVI_3409.MOV,EXTRA,signer06,train,include
E:/datasets/INCLUDE/extracted/Places/33. India/MVI_3327.MOV,INDIA,signer00,val,include
E:/datasets/INCLUDE/extracted/Places/33. India/MVI_3328.MOV,INDIA,signer00,val,include
E:/datasets/INCLUDE/extracted/Places/33. India/MVI_3329.MOV,INDIA,signer00,val,include
E:/datasets/INCLUDE/extracted/Places/33. India/MVI_3330.MOV,INDIA,signer00,val,include
E:/datasets/INCLUDE/extracted/Places/33. India/MVI_3410.MOV,INDIA,signer01,test,include
E:/datasets/INCLUDE/extracted/Places/33. India/MVI_3411.MOV,INDIA,signer01,test,include
E:/datasets/INCLUDE/extracted/Places/33. India/MVI_3412.MOV,INDIA,signer01,test,include
E:/datasets/INCLUDE/extracted/Places/33. India/MVI_3413.MOV,INDIA,signer01,test,include
E:/datasets/INCLUDE/extracted/Places/33. India/MVI_3492.MOV,INDIA,signer02,train,include
E:/datasets/INCLUDE/extracted/Places/33. India/MVI_3493.MOV,INDIA,signer02,train,include
E:/datasets/INCLUDE/extracted/Places/33. India/MVI_3494.MOV,INDIA,signer02,train,include
E:/datasets/INCLUDE/extracted/Places/33. India/MVI_3495.MOV,INDIA,signer02,train,include
E:/datasets/INCLUDE/extracted/Places/33. India/MVI_3573.MOV,INDIA,signer03,train,include
E:/datasets/INCLUDE/extracted/Places/33. India/MVI_3574.MOV,INDIA,signer03,train,include
E:/datasets/INCLUDE/extracted/Places/33. India/MVI_3575.MOV,INDIA,signer03,train,include
E:/datasets/INCLUDE/extracted/Places/33. India/MVI_3576.MOV,INDIA,signer03,train,include
E:/datasets/INCLUDE/extracted/Places/33. India/MVI_3651.MOV,INDIA,signer04,train,include
E:/datasets/INCLUDE/extracted/Places/33. India/MVI_3652.MOV,INDIA,signer04,train,include
E:/datasets/INCLUDE/extracted/Places/33. India/MVI_3653.MOV,INDIA,signer04,train,include
E:/datasets/INCLUDE/extracted/Places/33. India/MVI_3654.MOV,INDIA,signer04,train,include
E:/datasets/INCLUDE/extracted/Places/33. India/Extra/MVI_3655.MOV,EXTRA,signer16,train,include
E:/datasets/INCLUDE/extracted/Places/34. Ground/MVI_3331.MOV,GROUND,signer00,val,include
E:/datasets/INCLUDE/extracted/Places/34. Ground/MVI_3332.MOV,GROUND,signer00,val,include
E:/datasets/INCLUDE/extracted/Places/34. Ground/MVI_3333.MOV,GROUND,signer00,val,include
E:/datasets/INCLUDE/extracted/Places/34. Ground/MVI_3334.MOV,GROUND,signer00,val,include
E:/datasets/INCLUDE/extracted/Places/34. Ground/MVI_3414.MOV,GROUND,signer01,test,include
E:/datasets/INCLUDE/extracted/Places/34. Ground/MVI_3415.MOV,GROUND,signer01,test,include
E:/datasets/INCLUDE/extracted/Places/34. Ground/MVI_3416.MOV,GROUND,signer01,test,include
E:/datasets/INCLUDE/extracted/Places/34. Ground/MVI_3417.MOV,GROUND,signer01,test,include
E:/datasets/INCLUDE/extracted/Places/34. Ground/MVI_3496.MOV,GROUND,signer02,train,include
E:/datasets/INCLUDE/extracted/Places/34. Ground/MVI_3497.MOV,GROUND,signer02,train,include
E:/datasets/INCLUDE/extracted/Places/34. Ground/MVI_3498.MOV,GROUND,signer02,train,include
E:/datasets/INCLUDE/extracted/Places/34. Ground/MVI_3499.MOV,GROUND,signer02,train,include
E:/datasets/INCLUDE/extracted/Places/34. Ground/MVI_3577.MOV,GROUND,signer03,train,include
E:/datasets/INCLUDE/extracted/Places/34. Ground/MVI_3578.MOV,GROUND,signer03,train,include
E:/datasets/INCLUDE/extracted/Places/34. Ground/MVI_3579.MOV,GROUND,signer03,train,include
E:/datasets/INCLUDE/extracted/Places/34. Ground/MVI_3580.MOV,GROUND,signer03,train,include
E:/datasets/INCLUDE/extracted/Places/34. Ground/MVI_3656.MOV,GROUND,signer04,train,include
E:/datasets/INCLUDE/extracted/Places/34. Ground/MVI_3657.MOV,GROUND,signer04,train,include
E:/datasets/INCLUDE/extracted/Places/34. Ground/MVI_3658.MOV,GROUND,signer04,train,include
E:/datasets/INCLUDE/extracted/Places/34. Ground/MVI_3659.MOV,GROUND,signer04,train,include
E:/datasets/INCLUDE/extracted/Places/34. Ground/Extra/MVI_3660.MOV,EXTRA,signer17,train,include
E:/datasets/INCLUDE/extracted/Places/35. Bank/MVI_3335.MOV,BANK,signer00,val,include
E:/datasets/INCLUDE/extracted/Places/35. Bank/MVI_3336.MOV,BANK,signer00,val,include
E:/datasets/INCLUDE/extracted/Places/35. Bank/MVI_3337.MOV,BANK,signer00,val,include
E:/datasets/INCLUDE/extracted/Places/35. Bank/MVI_3338.MOV,BANK,signer00,val,include
E:/datasets/INCLUDE/extracted/Places/35. Bank/MVI_3419.MOV,BANK,signer01,test,include
E:/datasets/INCLUDE/extracted/Places/35. Bank/MVI_3421.MOV,BANK,signer01,test,include
E:/datasets/INCLUDE/extracted/Places/35. Bank/MVI_3422.MOV,BANK,signer01,test,include
E:/datasets/INCLUDE/extracted/Places/35. Bank/MVI_3423.MOV,BANK,signer01,test,include
E:/datasets/INCLUDE/extracted/Places/35. Bank/MVI_3500.MOV,BANK,signer02,train,include
E:/datasets/INCLUDE/extracted/Places/35. Bank/MVI_3501.MOV,BANK,signer02,train,include
E:/datasets/INCLUDE/extracted/Places/35. Bank/MVI_3502.MOV,BANK,signer02,train,include
E:/datasets/INCLUDE/extracted/Places/35. Bank/MVI_3503.MOV,BANK,signer02,train,include
E:/datasets/INCLUDE/extracted/Places/35. Bank/MVI_3581.MOV,BANK,signer03,train,include
E:/datasets/INCLUDE/extracted/Places/35. Bank/MVI_3582.MOV,BANK,signer03,train,include
E:/datasets/INCLUDE/extracted/Places/35. Bank/MVI_3583.MOV,BANK,signer03,train,include
E:/datasets/INCLUDE/extracted/Places/35. Bank/MVI_3584.MOV,BANK,signer03,train,include
E:/datasets/INCLUDE/extracted/Places/35. Bank/MVI_3661.MOV,BANK,signer04,train,include
E:/datasets/INCLUDE/extracted/Places/35. Bank/MVI_3662.MOV,BANK,signer04,train,include
E:/datasets/INCLUDE/extracted/Places/35. Bank/MVI_3663.MOV,BANK,signer04,train,include
E:/datasets/INCLUDE/extracted/Places/35. Bank/MVI_3664.MOV,BANK,signer04,train,include
E:/datasets/INCLUDE/extracted/Places/35. Bank/Extra/MVI_3339.MOV,EXTRA,signer04,train,include
E:/datasets/INCLUDE/extracted/Places/35. Bank/Extra/MVI_3420.MOV,EXTRA,signer07,train,include
E:/datasets/INCLUDE/extracted/Places/36. Location/MVI_3341.MOV,LOCATION,signer00,val,include
E:/datasets/INCLUDE/extracted/Places/36. Location/MVI_3342.MOV,LOCATION,signer00,val,include
E:/datasets/INCLUDE/extracted/Places/36. Location/MVI_3343.MOV,LOCATION,signer00,val,include
E:/datasets/INCLUDE/extracted/Places/36. Location/MVI_3344.MOV,LOCATION,signer00,val,include
E:/datasets/INCLUDE/extracted/Places/36. Location/MVI_3425.MOV,LOCATION,signer01,test,include
E:/datasets/INCLUDE/extracted/Places/36. Location/MVI_3426.MOV,LOCATION,signer01,test,include
E:/datasets/INCLUDE/extracted/Places/36. Location/MVI_3427.MOV,LOCATION,signer01,test,include
E:/datasets/INCLUDE/extracted/Places/36. Location/MVI_3428.MOV,LOCATION,signer01,test,include
E:/datasets/INCLUDE/extracted/Places/36. Location/MVI_3504.MOV,LOCATION,signer02,train,include
E:/datasets/INCLUDE/extracted/Places/36. Location/MVI_3505.MOV,LOCATION,signer02,train,include
E:/datasets/INCLUDE/extracted/Places/36. Location/MVI_3506.MOV,LOCATION,signer02,train,include
E:/datasets/INCLUDE/extracted/Places/36. Location/MVI_3507.MOV,LOCATION,signer02,train,include
E:/datasets/INCLUDE/extracted/Places/36. Location/MVI_3585.MOV,LOCATION,signer03,train,include
E:/datasets/INCLUDE/extracted/Places/36. Location/MVI_3586.MOV,LOCATION,signer03,train,include
E:/datasets/INCLUDE/extracted/Places/36. Location/MVI_3587.MOV,LOCATION,signer03,train,include
E:/datasets/INCLUDE/extracted/Places/36. Location/MVI_3588.MOV,LOCATION,signer03,train,include
E:/datasets/INCLUDE/extracted/Places/36. Location/MVI_3669.MOV,LOCATION,signer04,train,include
E:/datasets/INCLUDE/extracted/Places/36. Location/MVI_3671.MOV,LOCATION,signer04,train,include
E:/datasets/INCLUDE/extracted/Places/36. Location/MVI_3672.MOV,LOCATION,signer04,train,include
E:/datasets/INCLUDE/extracted/Places/36. Location/MVI_3673.MOV,LOCATION,signer04,train,include
E:/datasets/INCLUDE/extracted/Places/36. Location/Extra/MVI_3429.MOV,EXTRA,signer08,train,include
E:/datasets/INCLUDE/extracted/Places/36. Location/Extra/MVI_3674.MOV,EXTRA,signer18,train,include
E:/datasets/INCLUDE/extracted/Pronouns/40. I/MVI_0001.MOV,I,signer00,val,include
E:/datasets/INCLUDE/extracted/Pronouns/40. I/MVI_0002.MOV,I,signer00,val,include
E:/datasets/INCLUDE/extracted/Pronouns/40. I/MVI_0003.MOV,I,signer00,val,include
E:/datasets/INCLUDE/extracted/Pronouns/40. I/MVI_0012.MOV,I,signer01,test,include
E:/datasets/INCLUDE/extracted/Pronouns/40. I/MVI_0013.MOV,I,signer01,test,include
E:/datasets/INCLUDE/extracted/Pronouns/40. I/MVI_0014.MOV,I,signer01,test,include
E:/datasets/INCLUDE/extracted/Pronouns/40. I/MVI_0064.MOV,I,signer02,train,include
E:/datasets/INCLUDE/extracted/Pronouns/40. I/MVI_0065.MOV,I,signer02,train,include
E:/datasets/INCLUDE/extracted/Pronouns/40. I/MVI_0066.MOV,I,signer02,train,include
E:/datasets/INCLUDE/extracted/Pronouns/40. I/MVI_9878.MOV,I,signer03,train,include
E:/datasets/INCLUDE/extracted/Pronouns/40. I/MVI_9879.MOV,I,signer03,train,include
E:/datasets/INCLUDE/extracted/Pronouns/40. I/MVI_9880.MOV,I,signer03,train,include
E:/datasets/INCLUDE/extracted/Pronouns/40. I/MVI_9881.MOV,I,signer03,train,include
E:/datasets/INCLUDE/extracted/Pronouns/40. I/MVI_9918.MOV,I,signer04,train,include
E:/datasets/INCLUDE/extracted/Pronouns/40. I/MVI_9919.MOV,I,signer04,train,include
E:/datasets/INCLUDE/extracted/Pronouns/40. I/MVI_9920.MOV,I,signer04,train,include
E:/datasets/INCLUDE/extracted/Pronouns/40. I/MVI_9922.MOV,I,signer04,train,include
E:/datasets/INCLUDE/extracted/Pronouns/40. I/MVI_9957.MOV,I,signer05,train,include
E:/datasets/INCLUDE/extracted/Pronouns/40. I/MVI_9958.MOV,I,signer05,train,include
E:/datasets/INCLUDE/extracted/Pronouns/40. I/MVI_9959.MOV,I,signer05,train,include
E:/datasets/INCLUDE/extracted/Pronouns/40. I/MVI_9995.MOV,I,signer06,train,include
E:/datasets/INCLUDE/extracted/Pronouns/41. you/MVI_0015.MOV,YOU,signer00,val,include
E:/datasets/INCLUDE/extracted/Pronouns/41. you/MVI_0016.MOV,YOU,signer00,val,include
E:/datasets/INCLUDE/extracted/Pronouns/41. you/MVI_0017.MOV,YOU,signer00,val,include
E:/datasets/INCLUDE/extracted/Pronouns/41. you/MVI_0067.MOV,YOU,signer01,test,include
E:/datasets/INCLUDE/extracted/Pronouns/41. you/MVI_0068.MOV,YOU,signer01,test,include
E:/datasets/INCLUDE/extracted/Pronouns/41. you/MVI_0069.MOV,YOU,signer01,test,include
E:/datasets/INCLUDE/extracted/Pronouns/41. you/MVI_9885.MOV,YOU,signer02,train,include
E:/datasets/INCLUDE/extracted/Pronouns/41. you/MVI_9886.MOV,YOU,signer02,train,include
E:/datasets/INCLUDE/extracted/Pronouns/41. you/MVI_9887.MOV,YOU,signer02,train,include
E:/datasets/INCLUDE/extracted/Pronouns/41. you/MVI_9888.MOV,YOU,signer02,train,include
E:/datasets/INCLUDE/extracted/Pronouns/41. you/MVI_9923.MOV,YOU,signer03,train,include
E:/datasets/INCLUDE/extracted/Pronouns/41. you/MVI_9924.MOV,YOU,signer03,train,include
E:/datasets/INCLUDE/extracted/Pronouns/41. you/MVI_9925.MOV,YOU,signer03,train,include
E:/datasets/INCLUDE/extracted/Pronouns/41. you/MVI_9926.MOV,YOU,signer03,train,include
E:/datasets/INCLUDE/extracted/Pronouns/41. you/MVI_9960.MOV,YOU,signer04,train,include
E:/datasets/INCLUDE/extracted/Pronouns/41. you/MVI_9961.MOV,YOU,signer04,train,include
E:/datasets/INCLUDE/extracted/Pronouns/41. you/MVI_9962.MOV,YOU,signer04,train,include
E:/datasets/INCLUDE/extracted/Pronouns/41. you/MVI_9996.MOV,YOU,signer05,train,include
E:/datasets/INCLUDE/extracted/Pronouns/41. you/MVI_9997.MOV,YOU,signer05,train,include
E:/datasets/INCLUDE/extracted/Pronouns/41. you/MVI_9998.MOV,YOU,signer05,train,include
E:/datasets/INCLUDE/extracted/Pronouns/41. you/MVI_9999.MOV,YOU,signer05,train,include
E:/datasets/INCLUDE/extracted/Pronouns/42. he/MVI_0005.MOV,HE,signer00,val,include
E:/datasets/INCLUDE/extracted/Pronouns/42. he/MVI_0006.MOV,HE,signer00,val,include
E:/datasets/INCLUDE/extracted/Pronouns/42. he/MVI_0007.MOV,HE,signer00,val,include
E:/datasets/INCLUDE/extracted/Pronouns/42. he/MVI_0008.MOV,HE,signer00,val,include
E:/datasets/INCLUDE/extracted/Pronouns/42. he/MVI_0018.MOV,HE,signer01,test,include
E:/datasets/INCLUDE/extracted/Pronouns/42. he/MVI_0019.MOV,HE,signer01,test,include
E:/datasets/INCLUDE/extracted/Pronouns/42. he/MVI_0020.MOV,HE,signer01,test,include
E:/datasets/INCLUDE/extracted/Pronouns/42. he/MVI_0070.MOV,HE,signer02,train,include
E:/datasets/INCLUDE/extracted/Pronouns/42. he/MVI_0071.MOV,HE,signer02,train,include
E:/datasets/INCLUDE/extracted/Pronouns/42. he/MVI_0072.MOV,HE,signer02,train,include
E:/datasets/INCLUDE/extracted/Pronouns/42. he/MVI_9889.MOV,HE,signer03,train,include
E:/datasets/INCLUDE/extracted/Pronouns/42. he/MVI_9890.MOV,HE,signer03,train,include
E:/datasets/INCLUDE/extracted/Pronouns/42. he/MVI_9891.MOV,HE,signer03,train,include
E:/datasets/INCLUDE/extracted/Pronouns/42. he/MVI_9892.MOV,HE,signer03,train,include
E:/datasets/INCLUDE/extracted/Pronouns/42. he/MVI_9927.MOV,HE,signer04,train,include
E:/datasets/INCLUDE/extracted/Pronouns/42. he/MVI_9928.MOV,HE,signer04,train,include
E:/datasets/INCLUDE/extracted/Pronouns/42. he/MVI_9930.MOV,HE,signer04,train,include
E:/datasets/INCLUDE/extracted/Pronouns/42. he/MVI_9931.MOV,HE,signer04,train,include
E:/datasets/INCLUDE/extracted/Pronouns/42. he/MVI_9963.MOV,HE,signer05,train,include
E:/datasets/INCLUDE/extracted/Pronouns/42. he/MVI_9964.MOV,HE,signer05,train,include
E:/datasets/INCLUDE/extracted/Pronouns/42. he/MVI_9965.MOV,HE,signer05,train,include
E:/datasets/INCLUDE/extracted/Pronouns/43. she/MVI_0009.MOV,SHE,signer00,val,include
E:/datasets/INCLUDE/extracted/Pronouns/43. she/MVI_0010.MOV,SHE,signer00,val,include
E:/datasets/INCLUDE/extracted/Pronouns/43. she/MVI_0011.MOV,SHE,signer00,val,include
E:/datasets/INCLUDE/extracted/Pronouns/43. she/MVI_0012.MOV,SHE,signer00,val,include
E:/datasets/INCLUDE/extracted/Pronouns/43. she/MVI_0021.MOV,SHE,signer01,test,include
E:/datasets/INCLUDE/extracted/Pronouns/43. she/MVI_0022.MOV,SHE,signer01,test,include
E:/datasets/INCLUDE/extracted/Pronouns/43. she/MVI_0023.MOV,SHE,signer01,test,include
E:/datasets/INCLUDE/extracted/Pronouns/43. she/MVI_0073.MOV,SHE,signer02,train,include
E:/datasets/INCLUDE/extracted/Pronouns/43. she/MVI_0074.MOV,SHE,signer02,train,include
E:/datasets/INCLUDE/extracted/Pronouns/43. she/MVI_0075.MOV,SHE,signer02,train,include
E:/datasets/INCLUDE/extracted/Pronouns/43. she/MVI_9893.MOV,SHE,signer03,train,include
E:/datasets/INCLUDE/extracted/Pronouns/43. she/MVI_9894.MOV,SHE,signer03,train,include
E:/datasets/INCLUDE/extracted/Pronouns/43. she/MVI_9895.MOV,SHE,signer03,train,include
E:/datasets/INCLUDE/extracted/Pronouns/43. she/MVI_9896.MOV,SHE,signer03,train,include
E:/datasets/INCLUDE/extracted/Pronouns/43. she/MVI_9932.MOV,SHE,signer04,train,include
E:/datasets/INCLUDE/extracted/Pronouns/43. she/MVI_9933.MOV,SHE,signer04,train,include
E:/datasets/INCLUDE/extracted/Pronouns/43. she/MVI_9934.MOV,SHE,signer04,train,include
E:/datasets/INCLUDE/extracted/Pronouns/43. she/MVI_9935.MOV,SHE,signer04,train,include
E:/datasets/INCLUDE/extracted/Pronouns/43. she/MVI_9966.MOV,SHE,signer05,train,include
E:/datasets/INCLUDE/extracted/Pronouns/43. she/MVI_9967.MOV,SHE,signer05,train,include
E:/datasets/INCLUDE/extracted/Pronouns/43. she/MVI_9968.MOV,SHE,signer05,train,include
E:/datasets/INCLUDE/extracted/Pronouns/44. it/MVI_0013.MOV,IT,signer00,val,include
E:/datasets/INCLUDE/extracted/Pronouns/44. it/MVI_0014.MOV,IT,signer00,val,include
E:/datasets/INCLUDE/extracted/Pronouns/44. it/MVI_0015.MOV,IT,signer00,val,include
E:/datasets/INCLUDE/extracted/Pronouns/44. it/MVI_0016.MOV,IT,signer00,val,include
E:/datasets/INCLUDE/extracted/Pronouns/44. it/MVI_0024.MOV,IT,signer01,test,include
E:/datasets/INCLUDE/extracted/Pronouns/44. it/MVI_0025.MOV,IT,signer01,test,include
E:/datasets/INCLUDE/extracted/Pronouns/44. it/MVI_0026.MOV,IT,signer01,test,include
E:/datasets/INCLUDE/extracted/Pronouns/44. it/MVI_0076.MOV,IT,signer02,train,include
E:/datasets/INCLUDE/extracted/Pronouns/44. it/MVI_0077.MOV,IT,signer02,train,include
E:/datasets/INCLUDE/extracted/Pronouns/44. it/MVI_0078.MOV,IT,signer02,train,include
E:/datasets/INCLUDE/extracted/Pronouns/44. it/MVI_9897.MOV,IT,signer03,train,include
E:/datasets/INCLUDE/extracted/Pronouns/44. it/MVI_9898.MOV,IT,signer03,train,include
E:/datasets/INCLUDE/extracted/Pronouns/44. it/MVI_9899.MOV,IT,signer03,train,include
E:/datasets/INCLUDE/extracted/Pronouns/44. it/MVI_9900.MOV,IT,signer03,train,include
E:/datasets/INCLUDE/extracted/Pronouns/44. it/MVI_9936.MOV,IT,signer04,train,include
E:/datasets/INCLUDE/extracted/Pronouns/44. it/MVI_9937.MOV,IT,signer04,train,include
E:/datasets/INCLUDE/extracted/Pronouns/44. it/MVI_9938.MOV,IT,signer04,train,include
E:/datasets/INCLUDE/extracted/Pronouns/44. it/MVI_9939.MOV,IT,signer04,train,include
E:/datasets/INCLUDE/extracted/Pronouns/44. it/MVI_9969.MOV,IT,signer05,train,include
E:/datasets/INCLUDE/extracted/Pronouns/44. it/MVI_9970.MOV,IT,signer05,train,include
E:/datasets/INCLUDE/extracted/Pronouns/44. it/MVI_9971.MOV,IT,signer05,train,include
E:/datasets/INCLUDE/extracted/Pronouns/45. we/MVI_0017.MOV,WE,signer00,val,include
E:/datasets/INCLUDE/extracted/Pronouns/45. we/MVI_0018.MOV,WE,signer00,val,include
E:/datasets/INCLUDE/extracted/Pronouns/45. we/MVI_0019.MOV,WE,signer00,val,include
E:/datasets/INCLUDE/extracted/Pronouns/45. we/MVI_0020.MOV,WE,signer00,val,include
E:/datasets/INCLUDE/extracted/Pronouns/45. we/MVI_0027.MOV,WE,signer01,test,include
E:/datasets/INCLUDE/extracted/Pronouns/45. we/MVI_0028.MOV,WE,signer01,test,include
E:/datasets/INCLUDE/extracted/Pronouns/45. we/MVI_0029.MOV,WE,signer01,test,include
E:/datasets/INCLUDE/extracted/Pronouns/45. we/MVI_0079.MOV,WE,signer02,train,include
E:/datasets/INCLUDE/extracted/Pronouns/45. we/MVI_0080.MOV,WE,signer02,train,include
E:/datasets/INCLUDE/extracted/Pronouns/45. we/MVI_0081.MOV,WE,signer02,train,include
E:/datasets/INCLUDE/extracted/Pronouns/45. we/MVI_9901.MOV,WE,signer03,train,include
E:/datasets/INCLUDE/extracted/Pronouns/45. we/MVI_9902.MOV,WE,signer03,train,include
E:/datasets/INCLUDE/extracted/Pronouns/45. we/MVI_9903.MOV,WE,signer03,train,include
E:/datasets/INCLUDE/extracted/Pronouns/45. we/MVI_9904.MOV,WE,signer03,train,include
E:/datasets/INCLUDE/extracted/Pronouns/45. we/MVI_9940.MOV,WE,signer04,train,include
E:/datasets/INCLUDE/extracted/Pronouns/45. we/MVI_9941.MOV,WE,signer04,train,include
E:/datasets/INCLUDE/extracted/Pronouns/45. we/MVI_9942.MOV,WE,signer04,train,include
E:/datasets/INCLUDE/extracted/Pronouns/45. we/MVI_9943.MOV,WE,signer04,train,include
E:/datasets/INCLUDE/extracted/Pronouns/45. we/MVI_9972.MOV,WE,signer05,train,include
E:/datasets/INCLUDE/extracted/Pronouns/45. we/MVI_9973.MOV,WE,signer05,train,include
E:/datasets/INCLUDE/extracted/Pronouns/45. we/MVI_9974.MOV,WE,signer05,train,include
E:/datasets/INCLUDE/extracted/Pronouns/46. you (plural)/MVI_0021.MOV,YOU_PLURAL,signer00,val,include
E:/datasets/INCLUDE/extracted/Pronouns/46. you (plural)/MVI_0022.MOV,YOU_PLURAL,signer00,val,include
E:/datasets/INCLUDE/extracted/Pronouns/46. you (plural)/MVI_0023.MOV,YOU_PLURAL,signer00,val,include
E:/datasets/INCLUDE/extracted/Pronouns/46. you (plural)/MVI_0024.MOV,YOU_PLURAL,signer00,val,include
E:/datasets/INCLUDE/extracted/Pronouns/46. you (plural)/MVI_0030.MOV,YOU_PLURAL,signer01,test,include
E:/datasets/INCLUDE/extracted/Pronouns/46. you (plural)/MVI_0031.MOV,YOU_PLURAL,signer01,test,include
E:/datasets/INCLUDE/extracted/Pronouns/46. you (plural)/MVI_0032.MOV,YOU_PLURAL,signer01,test,include
E:/datasets/INCLUDE/extracted/Pronouns/46. you (plural)/MVI_0082.MOV,YOU_PLURAL,signer02,train,include
E:/datasets/INCLUDE/extracted/Pronouns/46. you (plural)/MVI_0083.MOV,YOU_PLURAL,signer02,train,include
E:/datasets/INCLUDE/extracted/Pronouns/46. you (plural)/MVI_0084.MOV,YOU_PLURAL,signer02,train,include
E:/datasets/INCLUDE/extracted/Pronouns/46. you (plural)/MVI_9905.MOV,YOU_PLURAL,signer03,train,include
E:/datasets/INCLUDE/extracted/Pronouns/46. you (plural)/MVI_9907.MOV,YOU_PLURAL,signer03,train,include
E:/datasets/INCLUDE/extracted/Pronouns/46. you (plural)/MVI_9908.MOV,YOU_PLURAL,signer03,train,include
E:/datasets/INCLUDE/extracted/Pronouns/46. you (plural)/MVI_9909.MOV,YOU_PLURAL,signer03,train,include
E:/datasets/INCLUDE/extracted/Pronouns/46. you (plural)/MVI_9945.MOV,YOU_PLURAL,signer04,train,include
E:/datasets/INCLUDE/extracted/Pronouns/46. you (plural)/MVI_9946.MOV,YOU_PLURAL,signer04,train,include
E:/datasets/INCLUDE/extracted/Pronouns/46. you (plural)/MVI_9947.MOV,YOU_PLURAL,signer04,train,include
E:/datasets/INCLUDE/extracted/Pronouns/46. you (plural)/MVI_9948.MOV,YOU_PLURAL,signer04,train,include
E:/datasets/INCLUDE/extracted/Pronouns/46. you (plural)/MVI_9975.MOV,YOU_PLURAL,signer05,train,include
E:/datasets/INCLUDE/extracted/Pronouns/46. you (plural)/MVI_9976.MOV,YOU_PLURAL,signer05,train,include
E:/datasets/INCLUDE/extracted/Pronouns/46. you (plural)/MVI_9977.MOV,YOU_PLURAL,signer05,train,include
E:/datasets/INCLUDE/extracted/Pronouns/47. they/MVI_0025.MOV,THEY,signer00,val,include
E:/datasets/INCLUDE/extracted/Pronouns/47. they/MVI_0026.MOV,THEY,signer00,val,include
E:/datasets/INCLUDE/extracted/Pronouns/47. they/MVI_0027.MOV,THEY,signer00,val,include
E:/datasets/INCLUDE/extracted/Pronouns/47. they/MVI_0028.MOV,THEY,signer00,val,include
E:/datasets/INCLUDE/extracted/Pronouns/47. they/MVI_0033.MOV,THEY,signer01,test,include
E:/datasets/INCLUDE/extracted/Pronouns/47. they/MVI_0034.MOV,THEY,signer01,test,include
E:/datasets/INCLUDE/extracted/Pronouns/47. they/MVI_0035.MOV,THEY,signer01,test,include
E:/datasets/INCLUDE/extracted/Pronouns/47. they/MVI_0085.MOV,THEY,signer02,train,include
E:/datasets/INCLUDE/extracted/Pronouns/47. they/MVI_0087.MOV,THEY,signer02,train,include
E:/datasets/INCLUDE/extracted/Pronouns/47. they/MVI_0088.MOV,THEY,signer02,train,include
E:/datasets/INCLUDE/extracted/Pronouns/47. they/MVI_9910.MOV,THEY,signer03,train,include
E:/datasets/INCLUDE/extracted/Pronouns/47. they/MVI_9911.MOV,THEY,signer03,train,include
E:/datasets/INCLUDE/extracted/Pronouns/47. they/MVI_9912.MOV,THEY,signer03,train,include
E:/datasets/INCLUDE/extracted/Pronouns/47. they/MVI_9913.MOV,THEY,signer03,train,include
E:/datasets/INCLUDE/extracted/Pronouns/47. they/MVI_9950.MOV,THEY,signer04,train,include
E:/datasets/INCLUDE/extracted/Pronouns/47. they/MVI_9951.MOV,THEY,signer04,train,include
E:/datasets/INCLUDE/extracted/Pronouns/47. they/MVI_9952.MOV,THEY,signer04,train,include
E:/datasets/INCLUDE/extracted/Pronouns/47. they/MVI_9953.MOV,THEY,signer04,train,include
E:/datasets/INCLUDE/extracted/Pronouns/47. they/MVI_9979.MOV,THEY,signer05,train,include
E:/datasets/INCLUDE/extracted/Pronouns/47. they/MVI_9980.MOV,THEY,signer05,train,include
E:/datasets/INCLUDE/extracted/Pronouns/47. they/MVI_9981.MOV,THEY,signer05,train,include
E:/datasets/INCLUDE/extracted/Seasons/61. Summer/MVI_4565.MOV,SUMMER,signer00,val,include
E:/datasets/INCLUDE/extracted/Seasons/61. Summer/MVI_4566.MOV,SUMMER,signer00,val,include
E:/datasets/INCLUDE/extracted/Seasons/61. Summer/MVI_4567.MOV,SUMMER,signer00,val,include
E:/datasets/INCLUDE/extracted/Seasons/61. Summer/MVI_4568.MOV,SUMMER,signer00,val,include
E:/datasets/INCLUDE/extracted/Seasons/61. Summer/MVI_4990.MOV,SUMMER,signer01,test,include
E:/datasets/INCLUDE/extracted/Seasons/61. Summer/MVI_4991.MOV,SUMMER,signer01,test,include
E:/datasets/INCLUDE/extracted/Seasons/61. Summer/MVI_4992.MOV,SUMMER,signer01,test,include
E:/datasets/INCLUDE/extracted/Seasons/61. Summer/MVI_5420.MOV,SUMMER,signer02,train,include
E:/datasets/INCLUDE/extracted/Seasons/61. Summer/MVI_5421.MOV,SUMMER,signer02,train,include
E:/datasets/INCLUDE/extracted/Seasons/61. Summer/MVI_5422.MOV,SUMMER,signer02,train,include
E:/datasets/INCLUDE/extracted/Seasons/61. Summer/MVI_5424.MOV,SUMMER,signer02,train,include
E:/datasets/INCLUDE/extracted/Seasons/61. Summer/MVI_9122.MP4,SUMMER,signer03,train,include
E:/datasets/INCLUDE/extracted/Seasons/61. Summer/MVI_9123.MP4,SUMMER,signer03,train,include
E:/datasets/INCLUDE/extracted/Seasons/61. Summer/MVI_9124.MP4,SUMMER,signer03,train,include
E:/datasets/INCLUDE/extracted/Seasons/62. Spring/MVI_4569.MOV,SPRING,signer00,val,include
E:/datasets/INCLUDE/extracted/Seasons/62. Spring/MVI_4570.MOV,SPRING,signer00,val,include
E:/datasets/INCLUDE/extracted/Seasons/62. Spring/MVI_4571.MOV,SPRING,signer00,val,include
E:/datasets/INCLUDE/extracted/Seasons/62. Spring/MVI_4572.MOV,SPRING,signer00,val,include
E:/datasets/INCLUDE/extracted/Seasons/62. Spring/MVI_4993.MOV,SPRING,signer01,test,include
E:/datasets/INCLUDE/extracted/Seasons/62. Spring/MVI_4994.MOV,SPRING,signer01,test,include
E:/datasets/INCLUDE/extracted/Seasons/62. Spring/MVI_4995.MOV,SPRING,signer01,test,include
E:/datasets/INCLUDE/extracted/Seasons/62. Spring/MVI_5425.MOV,SPRING,signer02,train,include
E:/datasets/INCLUDE/extracted/Seasons/62. Spring/MVI_5426.MOV,SPRING,signer02,train,include
E:/datasets/INCLUDE/extracted/Seasons/62. Spring/MVI_5427.MOV,SPRING,signer02,train,include
E:/datasets/INCLUDE/extracted/Seasons/62. Spring/MVI_5428.MOV,SPRING,signer02,train,include
E:/datasets/INCLUDE/extracted/Seasons/62. Spring/MVI_9125.MP4,SPRING,signer03,train,include
E:/datasets/INCLUDE/extracted/Seasons/62. Spring/MVI_9126.MP4,SPRING,signer03,train,include
E:/datasets/INCLUDE/extracted/Seasons/62. Spring/MVI_9127.MP4,SPRING,signer03,train,include
E:/datasets/INCLUDE/extracted/Seasons/63. Winter/MVI_4573.MOV,WINTER,signer00,val,include
E:/datasets/INCLUDE/extracted/Seasons/63. Winter/MVI_4574.MOV,WINTER,signer00,val,include
E:/datasets/INCLUDE/extracted/Seasons/63. Winter/MVI_4575.MOV,WINTER,signer00,val,include
E:/datasets/INCLUDE/extracted/Seasons/63. Winter/MVI_4576.MOV,WINTER,signer00,val,include
E:/datasets/INCLUDE/extracted/Seasons/63. Winter/MVI_4996.MOV,WINTER,signer01,test,include
E:/datasets/INCLUDE/extracted/Seasons/63. Winter/MVI_4997.MOV,WINTER,signer01,test,include
E:/datasets/INCLUDE/extracted/Seasons/63. Winter/MVI_4998.MOV,WINTER,signer01,test,include
E:/datasets/INCLUDE/extracted/Seasons/63. Winter/MVI_5429.MOV,WINTER,signer02,train,include
E:/datasets/INCLUDE/extracted/Seasons/63. Winter/MVI_5430.MOV,WINTER,signer02,train,include
E:/datasets/INCLUDE/extracted/Seasons/63. Winter/MVI_5431.MOV,WINTER,signer02,train,include
E:/datasets/INCLUDE/extracted/Seasons/63. Winter/MVI_5432.MOV,WINTER,signer02,train,include
E:/datasets/INCLUDE/extracted/Seasons/63. Winter/MVI_9129.MP4,WINTER,signer03,train,include
E:/datasets/INCLUDE/extracted/Seasons/63. Winter/MVI_9130.MP4,WINTER,signer03,train,include
E:/datasets/INCLUDE/extracted/Seasons/63. Winter/MVI_9131.MP4,WINTER,signer03,train,include
E:/datasets/INCLUDE/extracted/Seasons/64. Fall/MVI_4577.MOV,FALL,signer00,val,include
E:/datasets/INCLUDE/extracted/Seasons/64. Fall/MVI_4578.MOV,FALL,signer00,val,include
E:/datasets/INCLUDE/extracted/Seasons/64. Fall/MVI_4579.MOV,FALL,signer00,val,include
E:/datasets/INCLUDE/extracted/Seasons/64. Fall/MVI_4580.MOV,FALL,signer00,val,include
E:/datasets/INCLUDE/extracted/Seasons/64. Fall/MVI_4999.MOV,FALL,signer01,test,include
E:/datasets/INCLUDE/extracted/Seasons/64. Fall/MVI_5000.MOV,FALL,signer01,test,include
E:/datasets/INCLUDE/extracted/Seasons/64. Fall/MVI_5001.MOV,FALL,signer01,test,include
E:/datasets/INCLUDE/extracted/Seasons/64. Fall/MVI_5433.MOV,FALL,signer02,train,include
E:/datasets/INCLUDE/extracted/Seasons/64. Fall/MVI_5434.MOV,FALL,signer02,train,include
E:/datasets/INCLUDE/extracted/Seasons/64. Fall/MVI_5435.MOV,FALL,signer02,train,include
E:/datasets/INCLUDE/extracted/Seasons/64. Fall/MVI_5436.MOV,FALL,signer02,train,include
E:/datasets/INCLUDE/extracted/Seasons/64. Fall/MVI_9132.MP4,FALL,signer03,train,include
E:/datasets/INCLUDE/extracted/Seasons/64. Fall/MVI_9133.MP4,FALL,signer03,train,include
E:/datasets/INCLUDE/extracted/Seasons/64. Fall/MVI_9134.MP4,FALL,signer03,train,include
E:/datasets/INCLUDE/extracted/Seasons/64. Fall/MVI_9135.MP4,FALL,signer03,train,include
E:/datasets/INCLUDE/extracted/Seasons/65. Season/MVI_4581.MOV,SEASON,signer00,val,include
E:/datasets/INCLUDE/extracted/Seasons/65. Season/MVI_4582.MOV,SEASON,signer00,val,include
E:/datasets/INCLUDE/extracted/Seasons/65. Season/MVI_4584.MOV,SEASON,signer00,val,include
E:/datasets/INCLUDE/extracted/Seasons/65. Season/MVI_4585.MOV,SEASON,signer00,val,include
E:/datasets/INCLUDE/extracted/Seasons/65. Season/MVI_5002.MOV,SEASON,signer01,test,include
E:/datasets/INCLUDE/extracted/Seasons/65. Season/MVI_5003.MOV,SEASON,signer01,test,include
E:/datasets/INCLUDE/extracted/Seasons/65. Season/MVI_5004.MOV,SEASON,signer01,test,include
E:/datasets/INCLUDE/extracted/Seasons/65. Season/MVI_5437.MOV,SEASON,signer02,train,include
E:/datasets/INCLUDE/extracted/Seasons/65. Season/MVI_5438.MOV,SEASON,signer02,train,include
E:/datasets/INCLUDE/extracted/Seasons/65. Season/MVI_5439.MOV,SEASON,signer02,train,include
E:/datasets/INCLUDE/extracted/Seasons/65. Season/MVI_5441.MOV,SEASON,signer02,train,include
E:/datasets/INCLUDE/extracted/Seasons/65. Season/MVI_9136.MP4,SEASON,signer03,train,include
E:/datasets/INCLUDE/extracted/Seasons/65. Season/MVI_9137.MP4,SEASON,signer03,train,include
E:/datasets/INCLUDE/extracted/Seasons/65. Season/MVI_9138.MP4,SEASON,signer03,train,include
E:/datasets/INCLUDE/extracted/Seasons/Ex. Monsoon/MVI_4671.MOV,EX_MONSOON,signer00,val,include
E:/datasets/INCLUDE/extracted/Seasons/Ex. Monsoon/MVI_4672.MOV,EX_MONSOON,signer00,val,include
E:/datasets/INCLUDE/extracted/Seasons/Ex. Monsoon/MVI_4673.MOV,EX_MONSOON,signer00,val,include
E:/datasets/INCLUDE/extracted/Seasons/Ex. Monsoon/MVI_4674.MOV,EX_MONSOON,signer00,val,include
E:/datasets/INCLUDE/extracted/Seasons/Ex. Monsoon/MVI_5080.MOV,EX_MONSOON,signer01,test,include
E:/datasets/INCLUDE/extracted/Seasons/Ex. Monsoon/MVI_5081.MOV,EX_MONSOON,signer01,test,include
E:/datasets/INCLUDE/extracted/Seasons/Ex. Monsoon/MVI_5082.MOV,EX_MONSOON,signer01,test,include
E:/datasets/INCLUDE/extracted/Seasons/Ex. Monsoon/MVI_5528.MOV,EX_MONSOON,signer02,train,include
E:/datasets/INCLUDE/extracted/Seasons/Ex. Monsoon/MVI_5529.MOV,EX_MONSOON,signer02,train,include
E:/datasets/INCLUDE/extracted/Seasons/Ex. Monsoon/MVI_5530.MOV,EX_MONSOON,signer02,train,include
E:/datasets/INCLUDE/extracted/Seasons/Ex. Monsoon/MVI_5531.MOV,EX_MONSOON,signer02,train,include
E:/datasets/INCLUDE/extracted/Seasons/Ex. Monsoon/MVI_9205.MP4,EX_MONSOON,signer03,train,include
E:/datasets/INCLUDE/extracted/Seasons/Ex. Monsoon/MVI_9206.MP4,EX_MONSOON,signer03,train,include
E:/datasets/INCLUDE/extracted/Seasons/Ex. Monsoon/MVI_9207.MP4,EX_MONSOON,signer03,train,include
E:/datasets/INCLUDE/extracted/Society/13. Attack/MVI_4299.MOV,ATTACK,signer00,val,include
E:/datasets/INCLUDE/extracted/Society/13. Attack/MVI_4300.MOV,ATTACK,signer00,val,include
E:/datasets/INCLUDE/extracted/Society/13. Attack/MVI_4301.MOV,ATTACK,signer00,val,include
E:/datasets/INCLUDE/extracted/Society/13. Attack/MVI_4302.MOV,ATTACK,signer00,val,include
E:/datasets/INCLUDE/extracted/Society/13. Attack/MVI_4303.MOV,ATTACK,signer00,val,include
E:/datasets/INCLUDE/extracted/Society/13. Attack/MVI_4836.MOV,ATTACK,signer01,test,include
E:/datasets/INCLUDE/extracted/Society/13. Attack/MVI_4837.MOV,ATTACK,signer01,test,include
E:/datasets/INCLUDE/extracted/Society/13. Attack/MVI_4838.MOV,ATTACK,signer01,test,include
E:/datasets/INCLUDE/extracted/Society/13. Attack/MVI_8706.MP4,ATTACK,signer02,train,include
E:/datasets/INCLUDE/extracted/Society/13. Attack/MVI_8707.MP4,ATTACK,signer02,train,include
E:/datasets/INCLUDE/extracted/Society/13. Attack/MVI_8708.MP4,ATTACK,signer02,train,include
E:/datasets/INCLUDE/extracted/Society/13. Attack/MVI_8709.MP4,ATTACK,signer02,train,include
E:/datasets/INCLUDE/extracted/Society/13. Attack/MVI_8964.MP4,ATTACK,signer03,train,include
E:/datasets/INCLUDE/extracted/Society/13. Attack/MVI_8965.MP4,ATTACK,signer03,train,include
E:/datasets/INCLUDE/extracted/Society/13. Attack/MVI_8966.MP4,ATTACK,signer03,train,include
